{"type":"FeatureCollection","features":[{"type":"Feature","properties":{"geoid":"36005000100","clusterId":"new-york-central"},"geometry":{"type":"Polygon","coordinates":[[[-73.8977,40.7951],[-73.8999,40.7924],[-73.8906,40.7901],[-73.8883,40.787],[-73.8783,40.7854],[-73.8728,40.7859],[-73.8671,40.7937],[-73.8925,40.8012],[-73.8977,40.7951]]]}},{"type":"Feature","properties":{"geoid":"36005000200","clusterId":"new-york-north"},"geometry":{"type":"Polygon","coordinates":[[[-73.8665,40.8059],[-73.863,40.7977],[-73.8546,40.7997],[-73.8553,40.8046],[-73.8565,40.8048],[-73.8546,40.8061],[-73.8556,40.8106],[-73.8597,40.8153],[-73.8652,40.8145],[-73.8611,40.8114],[-73.8665,40.8059]]]}},{"type":"Feature","properties":{"geoid":"36005000400","clusterId":"new-york-north"},"geometry":{"type":"Polygon","coordinates":[[[-73.8596,40.8153],[-73.8556,40.8106],[-73.8546,40.8061],[-73.8565,40.8048],[-73.8553,40.8046],[-73.8546,40.7997],[-73.8467,40.801],[-73.8431,40.8116],[-73.8464,40.8116],[-73.8471,40.8148],[-73.8511,40.8144],[-73.8516,40.8164],[-73.8596,40.8153]]]}},{"type":"Feature","properties":{"geoid":"36005001600","clusterId":"new-york-north"},"geometry":{"type":"Polygon","coordinates":[[[-73.8625,40.8192],[-73.8615,40.815],[-73.8536,40.8161],[-73.8553,40.8232],[-73.862,40.8215],[-73.8625,40.8192]]]}},{"type":"Feature","properties":{"geoid":"36005001901","clusterId":"new-york-central"},"geometry":{"type":"Polygon","coordinates":[[[-73.9318,40.8079],[-73.9282,40.8038],[-73.9243,40.8072],[-73.9292,40.8096],[-73.9318,40.8079]]]}},{"type":"Feature","properties":{"geoid":"36005001902","clusterId":"new-york-central"},"geometry":{"type":"Polygon","coordinates":[[[-73.9258,40.8052],[-73.9132,40.7999],[-73.9084,40.8047],[-73.9055,40.8039],[-73.9091,40.8062],[-73.9159,40.8037],[-73.9243,40.8072],[-73.9258,40.8052]]]}},{"type":"Feature","properties":{"geoid":"36005002001","clusterId":"new-york-north"},"geometry":{"type":"Polygon","coordinates":[[[-73.8705,40.8204],[-73.8689,40.8151],[-73.8652,40.8145],[-73.8677,40.8208],[-73.8705,40.8204]]]}},{"type":"Feature","properties":{"geoid":"36005002002","clusterId":"new-york-north"},"geometry":{"type":"Polygon","coordinates":[[[-73.8677,40.8208],[-73.8652,40.8145],[-73.8615,40.815],[-73.8625,40.8192],[-73.8677,40.8208]]]}},{"type":"Feature","properties":{"geoid":"36005002300","clusterId":"new-york-central"},"geometry":{"type":"Polygon","coordinates":[[[-73.9288,40.8099],[-73.9243,40.8072],[-73.9229,40.8091],[-73.9271,40.8109],[-73.9288,40.8099]]]}},{"type":"Feature","properties":{"geoid":"36005002400","clusterId":"new-york-north"},"geometry":{"type":"Polygon","coordinates":[[[-73.8805,40.8185],[-73.8713,40.814],[-73.8665,40.8059],[-73.8611,40.8114],[-73.8652,40.8145],[-73.8689,40.8151],[-73.8715,40.8247],[-73.8736,40.8244],[-73.8725,40.8202],[-73.8805,40.8185]]]}},{"type":"Feature","properties":{"geoid":"36005002500","clusterId":"new-york-central"},"geometry":{"type":"Polygon","coordinates":[[[-73.9238,40.8078],[-73.9188,40.8049],[-73.9175,40.8068],[-73.9229,40.8091],[-73.9238,40.8078]]]}},{"type":"Feature","properties":{"geoid":"36005002701","clusterId":"new-york-central"},"geometry":{"type":"Polygon","coordinates":[[[-73.918,40.8061],[-73.9188,40.8049],[-73.9135,40.8043],[-73.918,40.8061]]]}},{"type":"Feature","properties":{"geoid":"36005002702","clusterId":"new-york-central"},"geometry":{"type":"Polygon","coordinates":[[[-73.917,40.8075],[-73.9135,40.8043],[-73.9091,40.8062],[-73.9162,40.8088],[-73.917,40.8075]]]}},{"type":"Feature","properties":{"geoid":"36005002800","clusterId":"new-york-north"},"geometry":{"type":"Polygon","coordinates":[[[-73.8844,40.823],[-73.881,40.8182],[-73.8725,40.8202],[-73.8736,40.8244],[-73.8844,40.823]]]}},{"type":"Feature","properties":{"geoid":"36005003100","clusterId":"new-york-central"},"geometry":{"type":"Polygon","coordinates":[[[-73.9082,40.8072],[-73.9031,40.8099],[-73.9034,40.8115],[-73.9063,40.8127],[-73.9082,40.8072]]]}},{"type":"Feature","properties":{"geoid":"36005003300","clusterId":"new-york-central"},"geometry":{"type":"Polygon","coordinates":[[[-73.9156,40.8097],[-73.9162,40.8088],[-73.9091,40.8062],[-73.9078,40.8082],[-73.9156,40.8097]]]}},{"type":"Feature","properties":{"geoid":"36005003500","clusterId":"new-york-central"},"geometry":{"type":"Polygon","coordinates":[[[-73.9109,40.8136],[-73.9096,40.8118],[-73.9107,40.8088],[-73.9078,40.8082],[-73.9063,40.8127],[-73.9109,40.8136]]]}},{"type":"Feature","properties":{"geoid":"36005003700","clusterId":"new-york-central"},"geometry":{"type":"Polygon","coordinates":[[[-73.9148,40.811],[-73.9107,40.8088],[-73.9096,40.8118],[-73.913,40.8143],[-73.9148,40.811]]]}},{"type":"Feature","properties":{"geoid":"36005003800","clusterId":"new-york-north"},"geometry":{"type":"Polygon","coordinates":[[[-73.8648,40.8211],[-73.8643,40.819],[-73.8615,40.8194],[-73.862,40.8215],[-73.8648,40.8211]]]}},{"type":"Feature","properties":{"geoid":"36005003900","clusterId":"new-york-central"},"geometry":{"type":"Polygon","coordinates":[[[-73.9264,40.8115],[-73.9175,40.8068],[-73.9162,40.8088],[-73.9247,40.8124],[-73.9264,40.8115]]]}},{"type":"Feature","properties":{"geoid":"36005004001","clusterId":"new-york-north"},"geometry":{"type":"Polygon","coordinates":[[[-73.8607,40.8284],[-73.8597,40.8263],[-73.8562,40.8268],[-73.857,40.8304],[-73.8603,40.8299],[-73.8607,40.8284]]]}},{"type":"Feature","properties":{"geoid":"36005004100","clusterId":"new-york-central"},"geometry":{"type":"Polygon","coordinates":[[[-73.9238,40.8128],[-73.9162,40.8088],[-73.9148,40.811],[-73.9221,40.8137],[-73.9238,40.8128]]]}},{"type":"Feature","properties":{"geoid":"36005004200","clusterId":"new-york-north"},"geometry":{"type":"Polygon","coordinates":[[[-73.8698,40.8249],[-73.8657,40.821],[-73.8553,40.8232],[-73.8563,40.8268],[-73.8698,40.8249]]]}},{"type":"Feature","properties":{"geoid":"36005004300","clusterId":"new-york-central"},"geometry":{"type":"Polygon","coordinates":[[[-73.9212,40.8142],[-73.9148,40.811],[-73.913,40.8143],[-73.9176,40.8161],[-73.9212,40.8142]]]}},{"type":"Feature","properties":{"geoid":"36005004400","clusterId":"new-york-north"},"geometry":{"type":"Polygon","coordinates":[[[-73.8727,40.8268],[-73.8725,40.8246],[-73.8597,40.8263],[-73.8607,40.8284],[-73.8727,40.8268]]]}},{"type":"Feature","properties":{"geoid":"36005004600","clusterId":"new-york-north"},"geometry":{"type":"Polygon","coordinates":[[[-73.8715,40.8247],[-73.8705,40.8204],[-73.8657,40.821],[-73.8698,40.8249],[-73.8715,40.8247]]]}},{"type":"Feature","properties":{"geoid":"36005004800","clusterId":"new-york-north"},"geometry":{"type":"Polygon","coordinates":[[[-73.8764,40.829],[-73.8753,40.8242],[-73.8725,40.8246],[-73.8732,40.8299],[-73.8764,40.829]]]}},{"type":"Feature","properties":{"geoid":"36005005001","clusterId":"new-york-north"},"geometry":{"type":"Polygon","coordinates":[[[-73.8804,40.8258],[-73.8799,40.8236],[-73.8753,40.8242],[-73.8758,40.8264],[-73.8804,40.8258]]]}},{"type":"Feature","properties":{"geoid":"36005005002","clusterId":"new-york-north"},"geometry":{"type":"Polygon","coordinates":[[[-73.881,40.8284],[-73.8804,40.8258],[-73.8758,40.8264],[-73.8764,40.829],[-73.881,40.8284]]]}},{"type":"Feature","properties":{"geoid":"36005005100","clusterId":"new-york-central"},"geometry":{"type":"Polygon","coordinates":[[[-73.9326,40.8106],[-73.9318,40.8079],[-73.9205,40.8146],[-73.9231,40.8167],[-73.924,40.8154],[-73.9266,40.8161],[-73.9252,40.818],[-73.9273,40.8186],[-73.9303,40.8133],[-73.9324,40.8142],[-73.9326,40.8106]]]}},{"type":"Feature","properties":{"geoid":"36005005200","clusterId":"new-york-north"},"geometry":{"type":"Polygon","coordinates":[[[-73.8845,40.8256],[-73.8844,40.823],[-73.8799,40.8236],[-73.881,40.8284],[-73.8838,40.8283],[-73.8845,40.8256]]]}},{"type":"Feature","properties":{"geoid":"36005005300","clusterId":"new-york-north"},"geometry":{"type":"Polygon","coordinates":[[[-73.9236,40.8509],[-73.9224,40.8501],[-73.9196,40.8533],[-73.9214,40.8544],[-73.9236,40.8509]]]}},{"type":"Feature","properties":{"geoid":"36005005400","clusterId":"new-york-north"},"geometry":{"type":"Polygon","coordinates":[[[-73.8839,40.8298],[-73.8838,40.8283],[-73.8755,40.8292],[-73.8761,40.8316],[-73.8824,40.8315],[-73.8839,40.8298]]]}},{"type":"Feature","properties":{"geoid":"36005005600","clusterId":"new-york-north"},"geometry":{"type":"Polygon","coordinates":[[[-73.8824,40.8315],[-73.8761,40.8316],[-73.8766,40.8339],[-73.88,40.8347],[-73.8824,40.8315]]]}},{"type":"Feature","properties":{"geoid":"36005005902","clusterId":"new-york-north"},"geometry":{"type":"Polygon","coordinates":[[[-73.9255,40.8215],[-73.9212,40.8264],[-73.9227,40.8269],[-73.9255,40.8215]]]}},{"type":"Feature","properties":{"geoid":"36005006000","clusterId":"new-york-north"},"geometry":{"type":"Polygon","coordinates":[[[-73.8822,40.8355],[-73.8793,40.8344],[-73.8739,40.836],[-73.8728,40.8398],[-73.8802,40.84],[-73.8822,40.8355]]]}},{"type":"Feature","properties":{"geoid":"36005006100","clusterId":"new-york-north"},"geometry":{"type":"Polygon","coordinates":[[[-73.9269,40.8195],[-73.9252,40.818],[-73.9185,40.8256],[-73.9212,40.8264],[-73.9269,40.8195]]]}},{"type":"Feature","properties":{"geoid":"36005006200","clusterId":"new-york-north"},"geometry":{"type":"Polygon","coordinates":[[[-73.8793,40.8344],[-73.8766,40.8339],[-73.8755,40.8292],[-73.8732,40.8299],[-73.8738,40.836],[-73.8769,40.8361],[-73.8793,40.8344]]]}},{"type":"Feature","properties":{"geoid":"36005006301","clusterId":"new-york-north"},"geometry":{"type":"Polygon","coordinates":[[[-73.9331,40.8282],[-73.9324,40.8142],[-73.9303,40.8133],[-73.9227,40.8269],[-73.9259,40.8278],[-73.9272,40.8257],[-73.9331,40.8282]]]}},{"type":"Feature","properties":{"geoid":"36005006400","clusterId":"new-york-north"},"geometry":{"type":"Polygon","coordinates":[[[-73.874,40.8345],[-73.8732,40.8299],[-73.87,40.8308],[-73.8711,40.8358],[-73.8738,40.836],[-73.874,40.8345]]]}},{"type":"Feature","properties":{"geoid":"36005006500","clusterId":"new-york-north"},"geometry":{"type":"Polygon","coordinates":[[[-73.9264,40.8165],[-73.9212,40.8162],[-73.9205,40.8146],[-73.916,40.8172],[-73.9221,40.8188],[-73.9207,40.8218],[-73.9264,40.8165]]]}},{"type":"Feature","properties":{"geoid":"36005006700","clusterId":"new-york-north"},"geometry":{"type":"Polygon","coordinates":[[[-73.9218,40.8195],[-73.916,40.8172],[-73.9135,40.8195],[-73.9203,40.8221],[-73.9218,40.8195]]]}},{"type":"Feature","properties":{"geoid":"36005006800","clusterId":"new-york-north"},"geometry":{"type":"Polygon","coordinates":[[[-73.8732,40.8299],[-73.8727,40.8268],[-73.8682,40.8274],[-73.8681,40.8314],[-73.8732,40.8299]]]}},{"type":"Feature","properties":{"geoid":"36005006900","clusterId":"new-york-north"},"geometry":{"type":"Polygon","coordinates":[[[-73.9202,40.8222],[-73.9135,40.8195],[-73.9117,40.8221],[-73.9168,40.8244],[-73.9202,40.8222]]]}},{"type":"Feature","properties":{"geoid":"36005007000","clusterId":"new-york-north"},"geometry":{"type":"Polygon","coordinates":[[[-73.8687,40.8296],[-73.8682,40.8274],[-73.8626,40.8282],[-73.8637,40.8327],[-73.8681,40.8314],[-73.8687,40.8296]]]}},{"type":"Feature","properties":{"geoid":"36005007100","clusterId":"new-york-north"},"geometry":{"type":"Polygon","coordinates":[[[-73.9176,40.8161],[-73.913,40.8143],[-73.9084,40.8222],[-73.9117,40.8221],[-73.9176,40.8161]]]}},{"type":"Feature","properties":{"geoid":"36005007200","clusterId":"new-york-north"},"geometry":{"type":"Polygon","coordinates":[[[-73.8637,40.8327],[-73.8626,40.8282],[-73.8596,40.8285],[-73.8603,40.8299],[-73.856,40.8318],[-73.8609,40.8336],[-73.8637,40.8327]]]}},{"type":"Feature","properties":{"geoid":"36005007300","clusterId":"new-york-central"},"geometry":{"type":"Polygon","coordinates":[[[-73.9126,40.8149],[-73.9072,40.8129],[-73.9062,40.8157],[-73.9119,40.816],[-73.9126,40.8149]]]}},{"type":"Feature","properties":{"geoid":"36005007400","clusterId":"new-york-north"},"geometry":{"type":"Polygon","coordinates":[[[-73.8551,40.8224],[-73.8536,40.8161],[-73.8506,40.8165],[-73.8521,40.8228],[-73.8551,40.8224]]]}},{"type":"Feature","properties":{"geoid":"36005007500","clusterId":"new-york-north"},"geometry":{"type":"Polygon","coordinates":[[[-73.9114,40.8174],[-73.9119,40.816],[-73.9091,40.8159],[-73.9053,40.8179],[-73.907,40.8183],[-73.9057,40.8216],[-73.9099,40.8212],[-73.9114,40.8174]]]}},{"type":"Feature","properties":{"geoid":"36005007600","clusterId":"new-york-north"},"geometry":{"type":"Polygon","coordinates":[[[-73.8711,40.8358],[-73.87,40.8308],[-73.8627,40.833],[-73.8711,40.8358]]]}},{"type":"Feature","properties":{"geoid":"36005007700","clusterId":"new-york-north"},"geometry":{"type":"Polygon","coordinates":[[[-73.9069,40.8185],[-73.9053,40.8179],[-73.9013,40.8205],[-73.9057,40.8216],[-73.9069,40.8185]]]}},{"type":"Feature","properties":{"geoid":"36005007800","clusterId":"new-york-north"},"geometry":{"type":"Polygon","coordinates":[[[-73.8574,40.8321],[-73.8562,40.8268],[-73.845,40.8288],[-73.8574,40.8321]]]}},{"type":"Feature","properties":{"geoid":"36005007900","clusterId":"new-york-north"},"geometry":{"type":"Polygon","coordinates":[[[-73.9082,40.8162],[-73.9062,40.8157],[-73.9072,40.8129],[-73.9045,40.8123],[-73.9016,40.8197],[-73.9082,40.8162]]]}},{"type":"Feature","properties":{"geoid":"36005008300","clusterId":"new-york-central"},"geometry":{"type":"Polygon","coordinates":[[[-73.9042,40.8131],[-73.9031,40.8099],[-73.8984,40.8132],[-73.9026,40.8174],[-73.9042,40.8131]]]}},{"type":"Feature","properties":{"geoid":"36005008400","clusterId":"new-york-north"},"geometry":{"type":"Polygon","coordinates":[[[-73.8516,40.8164],[-73.8511,40.8144],[-73.8471,40.8148],[-73.8461,40.8131],[-73.8439,40.8174],[-73.8516,40.8164]]]}},{"type":"Feature","properties":{"geoid":"36005008500","clusterId":"new-york-north"},"geometry":{"type":"Polygon","coordinates":[[[-73.9021,40.8185],[-73.8993,40.8135],[-73.8954,40.8158],[-73.9017,40.8195],[-73.9021,40.8185]]]}},{"type":"Feature","properties":{"geoid":"36005008600","clusterId":"new-york-north"},"geometry":{"type":"Polygon","coordinates":[[[-73.8521,40.8228],[-73.8506,40.8165],[-73.8475,40.8169],[-73.849,40.8233],[-73.8521,40.8228]]]}},{"type":"Feature","properties":{"geoid":"36005008700","clusterId":"new-york-north"},"geometry":{"type":"Polygon","coordinates":[[[-73.9016,40.8197],[-73.897,40.8168],[-73.8928,40.821],[-73.8959,40.821],[-73.8959,40.8226],[-73.9016,40.8197]]]}},{"type":"Feature","properties":{"geoid":"36005008900","clusterId":"new-york-north"},"geometry":{"type":"Polygon","coordinates":[[[-73.897,40.8168],[-73.8954,40.8158],[-73.8908,40.8203],[-73.8928,40.821],[-73.897,40.8168]]]}},{"type":"Feature","properties":{"geoid":"36005009000","clusterId":"new-york-north"},"geometry":{"type":"Polygon","coordinates":[[[-73.849,40.8233],[-73.8475,40.8169],[-73.8439,40.8174],[-73.8464,40.8116],[-73.8431,40.8116],[-73.8467,40.801],[-73.8307,40.8031],[-73.8318,40.8049],[-73.838,40.8062],[-73.8404,40.8119],[-73.84,40.8164],[-73.837,40.8163],[-73.836,40.8179],[-73.837,40.8291],[-73.8439,40.8284],[-73.8429,40.8241],[-73.849,40.8233]]]}},{"type":"Feature","properties":{"geoid":"36005009200","clusterId":"new-york-north"},"geometry":{"type":"Polygon","coordinates":[[[-73.8603,40.8333],[-73.8473,40.8293],[-73.8485,40.8345],[-73.8603,40.8333]]]}},{"type":"Feature","properties":{"geoid":"36005009301","clusterId":"new-york-north"},"geometry":{"type":"Polygon","coordinates":[[[-73.8954,40.8158],[-73.891,40.8132],[-73.89,40.8096],[-73.882,40.8108],[-73.8908,40.8203],[-73.8954,40.8158]]]}},{"type":"Feature","properties":{"geoid":"36005009302","clusterId":"new-york-central"},"geometry":{"type":"Polygon","coordinates":[[[-73.9031,40.8099],[-73.9022,40.8049],[-73.8925,40.8012],[-73.8671,40.7937],[-73.8631,40.7975],[-73.877,40.8057],[-73.8794,40.8057],[-73.882,40.8108],[-73.89,40.8096],[-73.891,40.8132],[-73.8954,40.8158],[-73.9031,40.8099]]]}},{"type":"Feature","properties":{"geoid":"36005009600","clusterId":"new-york-north"},"geometry":{"type":"Polygon","coordinates":[[[-73.8487,40.8351],[-73.8496,40.8344],[-73.8485,40.8345],[-73.8473,40.8293],[-73.8424,40.8287],[-73.8423,40.8313],[-73.8393,40.8336],[-73.8394,40.8409],[-73.842,40.8406],[-73.8487,40.8351]]]}},{"type":"Feature","properties":{"geoid":"36005009800","clusterId":"new-york-north"},"geometry":{"type":"Polygon","coordinates":[[[-73.8563,40.8268],[-73.8551,40.8224],[-73.8429,40.8241],[-73.8439,40.8284],[-73.8563,40.8268]]]}},{"type":"Feature","properties":{"geoid":"36005011502","clusterId":"new-york-north"},"geometry":{"type":"Polygon","coordinates":[[[-73.8908,40.8203],[-73.888,40.8167],[-73.881,40.8182],[-73.8844,40.823],[-73.8908,40.8203]]]}},{"type":"Feature","properties":{"geoid":"36005011701","clusterId":"new-york-north"},"geometry":{"type":"Polygon","coordinates":[[[-73.8871,40.8168],[-73.8804,40.8094],[-73.8822,40.8164],[-73.8871,40.8168]]]}},{"type":"Feature","properties":{"geoid":"36005011800","clusterId":"new-york-east"},"geometry":{"type":"Polygon","coordinates":[[[-73.8164,40.8176],[-73.8141,40.8164],[-73.8136,40.8148],[-73.8149,40.8146],[-73.8131,40.8133],[-73.8113,40.8054],[-73.7936,40.8004],[-73.7879,40.8004],[-73.7847,40.8026],[-73.7796,40.8112],[-73.8021,40.8172],[-73.8045,40.8162],[-73.81,40.8186],[-73.8164,40.8176]]]}},{"type":"Feature","properties":{"geoid":"36005011900","clusterId":"new-york-north"},"geometry":{"type":"Polygon","coordinates":[[[-73.892,40.8247],[-73.8908,40.8203],[-73.8874,40.8228],[-73.8866,40.8253],[-73.892,40.8247]]]}},{"type":"Feature","properties":{"geoid":"36005012101","clusterId":"new-york-north"},"geometry":{"type":"Polygon","coordinates":[[[-73.8909,40.8286],[-73.8909,40.8268],[-73.8861,40.8277],[-73.8899,40.8301],[-73.8909,40.8286]]]}},{"type":"Feature","properties":{"geoid":"36005012102","clusterId":"new-york-north"},"geometry":{"type":"Polygon","coordinates":[[[-73.8914,40.8249],[-73.8866,40.8253],[-73.8861,40.8277],[-73.8914,40.8249]]]}},{"type":"Feature","properties":{"geoid":"36005012300","clusterId":"new-york-north"},"geometry":{"type":"Polygon","coordinates":[[[-73.8934,40.8302],[-73.8862,40.8283],[-73.888,40.8223],[-73.8844,40.823],[-73.8839,40.8298],[-73.8916,40.8327],[-73.8934,40.8302]]]}},{"type":"Feature","properties":{"geoid":"36005012500","clusterId":"new-york-north"},"geometry":{"type":"Polygon","coordinates":[[[-73.8967,40.8304],[-73.8948,40.8262],[-73.8909,40.8268],[-73.8909,40.8301],[-73.8967,40.8304]]]}},{"type":"Feature","properties":{"geoid":"36005012701","clusterId":"new-york-north"},"geometry":{"type":"Polygon","coordinates":[[[-73.8948,40.8262],[-73.8949,40.8239],[-73.8932,40.824],[-73.8879,40.8267],[-73.8948,40.8262]]]}},{"type":"Feature","properties":{"geoid":"36005012901","clusterId":"new-york-north"},"geometry":{"type":"Polygon","coordinates":[[[-73.9019,40.8227],[-73.9006,40.8221],[-73.9016,40.8197],[-73.8932,40.824],[-73.9012,40.8244],[-73.9019,40.8227]]]}},{"type":"Feature","properties":{"geoid":"36005013000","clusterId":"new-york-east"},"geometry":{"type":"Polygon","coordinates":[[[-73.8189,40.8219],[-73.8155,40.8177],[-73.81,40.8186],[-73.8189,40.8219]]]}},{"type":"Feature","properties":{"geoid":"36005013100","clusterId":"new-york-north"},"geometry":{"type":"Polygon","coordinates":[[[-73.9009,40.8279],[-73.9012,40.8244],[-73.8949,40.8239],[-73.8951,40.828],[-73.9009,40.8279]]]}},{"type":"Feature","properties":{"geoid":"36005013200","clusterId":"new-york-east"},"geometry":{"type":"Polygon","coordinates":[[[-73.8275,40.8152],[-73.8234,40.8048],[-73.8113,40.8054],[-73.816,40.8195],[-73.8181,40.8205],[-73.8216,40.8193],[-73.8206,40.8176],[-73.8275,40.8152]]]}},{"type":"Feature","properties":{"geoid":"36005013300","clusterId":"new-york-north"},"geometry":{"type":"Polygon","coordinates":[[[-73.9057,40.8233],[-73.9065,40.8217],[-73.9013,40.8205],[-73.9012,40.8244],[-73.9049,40.8253],[-73.9057,40.8233]]]}},{"type":"Feature","properties":{"geoid":"36005013500","clusterId":"new-york-north"},"geometry":{"type":"Polygon","coordinates":[[[-73.9049,40.8273],[-73.9049,40.8253],[-73.9012,40.8244],[-73.9009,40.8279],[-73.8979,40.8285],[-73.9023,40.8296],[-73.9049,40.8273]]]}},{"type":"Feature","properties":{"geoid":"36005013800","clusterId":"new-york-east"},"geometry":{"type":"Polygon","coordinates":[[[-73.8191,40.8223],[-73.8045,40.8162],[-73.8021,40.8172],[-73.7796,40.8112],[-73.7802,40.8264],[-73.775,40.8309],[-73.8144,40.8248],[-73.8173,40.8283],[-73.8183,40.8278],[-73.8161,40.8218],[-73.8191,40.8223]]]}},{"type":"Feature","properties":{"geoid":"36005014100","clusterId":"new-york-north"},"geometry":{"type":"Polygon","coordinates":[[[-73.9161,40.8248],[-73.9162,40.8235],[-73.9117,40.8221],[-73.9084,40.8222],[-73.9077,40.8238],[-73.9161,40.8248]]]}},{"type":"Feature","properties":{"geoid":"36005014300","clusterId":"new-york-north"},"geometry":{"type":"Polygon","coordinates":[[[-73.9155,40.8257],[-73.9113,40.8248],[-73.9117,40.8278],[-73.909,40.8302],[-73.9114,40.831],[-73.9155,40.8257]]]}},{"type":"Feature","properties":{"geoid":"36005014400","clusterId":"new-york-north"},"geometry":{"type":"Polygon","coordinates":[[[-73.8295,40.8224],[-73.8283,40.821],[-73.8267,40.8218],[-73.8232,40.8167],[-73.8206,40.8176],[-73.8216,40.8193],[-73.8181,40.8205],[-73.8246,40.8248],[-73.8295,40.8224]]]}},{"type":"Feature","properties":{"geoid":"36005014500","clusterId":"new-york-north"},"geometry":{"type":"Polygon","coordinates":[[[-73.9105,40.8307],[-73.9055,40.8291],[-73.9034,40.8322],[-73.9087,40.8339],[-73.9105,40.8307]]]}},{"type":"Feature","properties":{"geoid":"36005014701","clusterId":"new-york-north"},"geometry":{"type":"Polygon","coordinates":[[[-73.9081,40.8349],[-73.9087,40.8339],[-73.9034,40.8322],[-73.9019,40.8346],[-73.9074,40.8362],[-73.9081,40.8349]]]}},{"type":"Feature","properties":{"geoid":"36005014702","clusterId":"new-york-north"},"geometry":{"type":"Polygon","coordinates":[[[-73.9069,40.837],[-73.9035,40.835],[-73.9012,40.8355],[-73.9029,40.8359],[-73.902,40.8372],[-73.906,40.8385],[-73.9069,40.837]]]}},{"type":"Feature","properties":{"geoid":"36005014900","clusterId":"new-york-north"},"geometry":{"type":"Polygon","coordinates":[[[-73.9042,40.8311],[-73.9023,40.8296],[-73.8985,40.8347],[-73.9012,40.8355],[-73.9042,40.8311]]]}},{"type":"Feature","properties":{"geoid":"36005015100","clusterId":"new-york-north"},"geometry":{"type":"Polygon","coordinates":[[[-73.9023,40.8296],[-73.8957,40.8282],[-73.8972,40.8304],[-73.897,40.8343],[-73.8985,40.8347],[-73.9023,40.8296]]]}},{"type":"Feature","properties":{"geoid":"36005015200","clusterId":"new-york-north"},"geometry":{"type":"Polygon","coordinates":[[[-73.8309,40.8269],[-73.8191,40.8223],[-73.8253,40.8297],[-73.8309,40.8269]]]}},{"type":"Feature","properties":{"geoid":"36005015300","clusterId":"new-york-north"},"geometry":{"type":"Polygon","coordinates":[[[-73.8969,40.831],[-73.8934,40.8302],[-73.8915,40.8367],[-73.897,40.8343],[-73.8969,40.831]]]}},{"type":"Feature","properties":{"geoid":"36005015500","clusterId":"new-york-north"},"geometry":{"type":"Polygon","coordinates":[[[-73.8922,40.8336],[-73.8907,40.8324],[-73.8873,40.8381],[-73.8915,40.8367],[-73.8922,40.8336]]]}},{"type":"Feature","properties":{"geoid":"36005015700","clusterId":"new-york-north"},"geometry":{"type":"Polygon","coordinates":[[[-73.8907,40.8324],[-73.8839,40.8298],[-73.88,40.8347],[-73.8822,40.8355],[-73.8835,40.8339],[-73.8887,40.8357],[-73.8907,40.8324]]]}},{"type":"Feature","properties":{"geoid":"36005015800","clusterId":"new-york-north"},"geometry":{"type":"Polygon","coordinates":[[[-73.8217,40.8262],[-73.8191,40.8223],[-73.8161,40.8218],[-73.8183,40.8278],[-73.8217,40.8262]]]}},{"type":"Feature","properties":{"geoid":"36005015900","clusterId":"new-york-north"},"geometry":{"type":"Polygon","coordinates":[[[-73.8959,40.8226],[-73.8959,40.821],[-73.8916,40.821],[-73.892,40.8247],[-73.8959,40.8226]]]}},{"type":"Feature","properties":{"geoid":"36005016000","clusterId":"new-york-east"},"geometry":{"type":"Polygon","coordinates":[[[-73.8233,40.8344],[-73.8144,40.8248],[-73.7745,40.8313],[-73.8088,40.8381],[-73.8233,40.8344]]]}},{"type":"Feature","properties":{"geoid":"36005016100","clusterId":"new-york-north"},"geometry":{"type":"Polygon","coordinates":[[[-73.8878,40.8373],[-73.8887,40.8357],[-73.8835,40.8339],[-73.8821,40.8358],[-73.8827,40.8386],[-73.8862,40.8401],[-73.8878,40.8373]]]}},{"type":"Feature","properties":{"geoid":"36005016200","clusterId":"new-york-north"},"geometry":{"type":"Polygon","coordinates":[[[-73.8253,40.8297],[-73.8217,40.8262],[-73.8183,40.8278],[-73.8215,40.8316],[-73.8253,40.8297]]]}},{"type":"Feature","properties":{"geoid":"36005016400","clusterId":"new-york-north"},"geometry":{"type":"Polygon","coordinates":[[[-73.8282,40.833],[-73.8253,40.8297],[-73.8215,40.8316],[-73.8238,40.8343],[-73.8282,40.833]]]}},{"type":"Feature","properties":{"geoid":"36005016500","clusterId":"new-york-north"},"geometry":{"type":"Polygon","coordinates":[[[-73.9048,40.8446],[-73.9049,40.8434],[-73.8983,40.8407],[-73.8966,40.8435],[-73.8948,40.8438],[-73.9048,40.8446]]]}},{"type":"Feature","properties":{"geoid":"36005016600","clusterId":"new-york-north"},"geometry":{"type":"Polygon","coordinates":[[[-73.8363,40.8284],[-73.8313,40.8267],[-73.8253,40.8297],[-73.8282,40.833],[-73.8363,40.8284]]]}},{"type":"Feature","properties":{"geoid":"36005016700","clusterId":"new-york-north"},"geometry":{"type":"Polygon","coordinates":[[[-73.9056,40.8399],[-73.9,40.8377],[-73.8983,40.8407],[-73.9049,40.8434],[-73.9056,40.8399]]]}},{"type":"Feature","properties":{"geoid":"36005016900","clusterId":"new-york-north"},"geometry":{"type":"Polygon","coordinates":[[[-73.9054,40.8398],[-73.906,40.8385],[-73.902,40.8372],[-73.9029,40.8359],[-73.9012,40.8355],[-73.9,40.8377],[-73.9054,40.8398]]]}},{"type":"Feature","properties":{"geoid":"36005017300","clusterId":"new-york-north"},"geometry":{"type":"Polygon","coordinates":[[[-73.9207,40.8218],[-73.913,40.8282],[-73.9164,40.8293],[-73.9207,40.8218]]]}},{"type":"Feature","properties":{"geoid":"36005017500","clusterId":"new-york-north"},"geometry":{"type":"Polygon","coordinates":[[[-73.9157,40.8305],[-73.9164,40.8293],[-73.913,40.8282],[-73.9113,40.8328],[-73.9138,40.8337],[-73.9157,40.8305]]]}},{"type":"Feature","properties":{"geoid":"36005017701","clusterId":"new-york-north"},"geometry":{"type":"Polygon","coordinates":[[[-73.9138,40.8337],[-73.9113,40.8328],[-73.9124,40.8309],[-73.9105,40.8307],[-73.9087,40.8339],[-73.9129,40.8353],[-73.9138,40.8337]]]}},{"type":"Feature","properties":{"geoid":"36005017702","clusterId":"new-york-north"},"geometry":{"type":"Polygon","coordinates":[[[-73.9129,40.8353],[-73.9087,40.8339],[-73.9054,40.8398],[-73.908,40.8372],[-73.9114,40.8379],[-73.9129,40.8353]]]}},{"type":"Feature","properties":{"geoid":"36005017901","clusterId":"new-york-north"},"geometry":{"type":"Polygon","coordinates":[[[-73.9176,40.8346],[-73.9141,40.8333],[-73.9129,40.8353],[-73.9159,40.8364],[-73.9176,40.8346]]]}},{"type":"Feature","properties":{"geoid":"36005017902","clusterId":"new-york-north"},"geometry":{"type":"Polygon","coordinates":[[[-73.9159,40.8364],[-73.9129,40.8353],[-73.9114,40.8379],[-73.9138,40.8387],[-73.9159,40.8364]]]}},{"type":"Feature","properties":{"geoid":"36005018101","clusterId":"new-york-north"},"geometry":{"type":"Polygon","coordinates":[[[-73.9174,40.8311],[-73.9181,40.83],[-73.9164,40.8293],[-73.9141,40.8333],[-73.9159,40.8338],[-73.9174,40.8311]]]}},{"type":"Feature","properties":{"geoid":"36005018102","clusterId":"new-york-north"},"geometry":{"type":"Polygon","coordinates":[[[-73.9205,40.8309],[-73.9181,40.83],[-73.9159,40.8338],[-73.9177,40.8345],[-73.9205,40.8309]]]}},{"type":"Feature","properties":{"geoid":"36005018301","clusterId":"new-york-north"},"geometry":{"type":"Polygon","coordinates":[[[-73.9226,40.827],[-73.9212,40.8264],[-73.9189,40.8303],[-73.9205,40.8309],[-73.9226,40.827]]]}},{"type":"Feature","properties":{"geoid":"36005018302","clusterId":"new-york-north"},"geometry":{"type":"Polygon","coordinates":[[[-73.9207,40.8272],[-73.9185,40.8256],[-73.9164,40.8293],[-73.9189,40.8303],[-73.9207,40.8272]]]}},{"type":"Feature","properties":{"geoid":"36005018400","clusterId":"new-york-north"},"geometry":{"type":"Polygon","coordinates":[[[-73.835,40.8381],[-73.8282,40.833],[-73.8254,40.8355],[-73.8261,40.8414],[-73.835,40.8381]]]}},{"type":"Feature","properties":{"geoid":"36005018501","clusterId":"new-york-north"},"geometry":{"type":"Polygon","coordinates":[[[-73.9117,40.8278],[-73.9113,40.8248],[-73.9087,40.8241],[-73.9066,40.8295],[-73.909,40.8302],[-73.9117,40.8278]]]}},{"type":"Feature","properties":{"geoid":"36005018502","clusterId":"new-york-north"},"geometry":{"type":"Polygon","coordinates":[[[-73.9085,40.8246],[-73.9084,40.8222],[-73.9065,40.8217],[-73.9051,40.8271],[-73.9023,40.8296],[-73.9045,40.8306],[-73.9066,40.8295],[-73.9085,40.8246]]]}},{"type":"Feature","properties":{"geoid":"36005018900","clusterId":"new-york-north"},"geometry":{"type":"Polygon","coordinates":[[[-73.9335,40.8332],[-73.9331,40.8282],[-73.9288,40.8292],[-73.9254,40.8326],[-73.9294,40.8347],[-73.9331,40.8348],[-73.9335,40.8332]]]}},{"type":"Feature","properties":{"geoid":"36005019300","clusterId":"new-york-north"},"geometry":{"type":"Polygon","coordinates":[[[-73.933,40.8357],[-73.9254,40.8326],[-73.9244,40.8345],[-73.9293,40.8361],[-73.9276,40.8377],[-73.9304,40.8403],[-73.933,40.8357]]]}},{"type":"Feature","properties":{"geoid":"36005019400","clusterId":"new-york-north"},"geometry":{"type":"Polygon","coordinates":[[[-73.8424,40.8288],[-73.8363,40.8284],[-73.8282,40.833],[-73.8394,40.8409],[-73.8393,40.8336],[-73.8423,40.8313],[-73.8424,40.8288]]]}},{"type":"Feature","properties":{"geoid":"36005019500","clusterId":"new-york-north"},"geometry":{"type":"Polygon","coordinates":[[[-73.9258,40.828],[-73.9227,40.8269],[-73.919,40.8331],[-73.9222,40.8342],[-73.9258,40.828]]]}},{"type":"Feature","properties":{"geoid":"36005019700","clusterId":"new-york-north"},"geometry":{"type":"Polygon","coordinates":[[[-73.9224,40.8361],[-73.9232,40.8345],[-73.919,40.8331],[-73.9165,40.8358],[-73.9201,40.8376],[-73.9224,40.8361]]]}},{"type":"Feature","properties":{"geoid":"36005019900","clusterId":"new-york-north"},"geometry":{"type":"Polygon","coordinates":[[[-73.9293,40.8361],[-73.9244,40.8345],[-73.9222,40.838],[-73.9281,40.8388],[-73.9293,40.8361]]]}},{"type":"Feature","properties":{"geoid":"36005020000","clusterId":"new-york-north"},"geometry":{"type":"Polygon","coordinates":[[[-73.85,40.8429],[-73.8446,40.8385],[-73.8415,40.841],[-73.8449,40.8454],[-73.8449,40.8501],[-73.8479,40.846],[-73.8462,40.8445],[-73.85,40.8429]]]}},{"type":"Feature","properties":{"geoid":"36005020100","clusterId":"new-york-north"},"geometry":{"type":"Polygon","coordinates":[[[-73.9304,40.8407],[-73.9262,40.8385],[-73.9235,40.8445],[-73.9282,40.8455],[-73.9304,40.8407]]]}},{"type":"Feature","properties":{"geoid":"36005020200","clusterId":"new-york-north"},"geometry":{"type":"Polygon","coordinates":[[[-73.85,40.8391],[-73.8473,40.8363],[-73.8446,40.8385],[-73.8478,40.8407],[-73.85,40.8391]]]}},{"type":"Feature","properties":{"geoid":"36005020400","clusterId":"new-york-north"},"geometry":{"type":"Polygon","coordinates":[[[-73.8533,40.8425],[-73.8507,40.8386],[-73.8478,40.8407],[-73.8505,40.8428],[-73.8533,40.8425]]]}},{"type":"Feature","properties":{"geoid":"36005020501","clusterId":"new-york-north"},"geometry":{"type":"Polygon","coordinates":[[[-73.9282,40.8455],[-73.9228,40.8443],[-73.9194,40.8496],[-73.9239,40.8505],[-73.9282,40.8455]]]}},{"type":"Feature","properties":{"geoid":"36005020502","clusterId":"new-york-north"},"geometry":{"type":"Polygon","coordinates":[[[-73.9221,40.8505],[-73.9194,40.8496],[-73.9164,40.8519],[-73.9196,40.8533],[-73.9221,40.8505]]]}},{"type":"Feature","properties":{"geoid":"36005020601","clusterId":"new-york-north"},"geometry":{"type":"Polygon","coordinates":[[[-73.8529,40.8401],[-73.8517,40.8342],[-73.8473,40.8363],[-73.8529,40.8401]]]}},{"type":"Feature","properties":{"geoid":"36005020900","clusterId":"new-york-north"},"geometry":{"type":"Polygon","coordinates":[[[-73.918,40.8431],[-73.9127,40.8409],[-73.9119,40.8433],[-73.9174,40.845],[-73.918,40.8431]]]}},{"type":"Feature","properties":{"geoid":"36005021001","clusterId":"new-york-north"},"geometry":{"type":"Polygon","coordinates":[[[-73.8636,40.8413],[-73.8607,40.8385],[-73.853,40.8407],[-73.8533,40.8425],[-73.8636,40.8413]]]}},{"type":"Feature","properties":{"geoid":"36005021002","clusterId":"new-york-north"},"geometry":{"type":"Polygon","coordinates":[[[-73.8607,40.8385],[-73.8559,40.8359],[-73.8554,40.8375],[-73.8535,40.8377],[-73.8542,40.8406],[-73.8607,40.8385]]]}},{"type":"Feature","properties":{"geoid":"36005021100","clusterId":"new-york-north"},"geometry":{"type":"Polygon","coordinates":[[[-73.9258,40.8392],[-73.9216,40.8389],[-73.9228,40.8443],[-73.9258,40.8392]]]}},{"type":"Feature","properties":{"geoid":"36005021200","clusterId":"new-york-north"},"geometry":{"type":"Polygon","coordinates":[[[-73.8611,40.8355],[-73.8556,40.8357],[-73.86,40.8378],[-73.8611,40.8355]]]}},{"type":"Feature","properties":{"geoid":"36005021301","clusterId":"new-york-north"},"geometry":{"type":"Polygon","coordinates":[[[-73.9226,40.8449],[-73.9172,40.8461],[-73.921,40.8465],[-73.9226,40.8449]]]}},{"type":"Feature","properties":{"geoid":"36005021302","clusterId":"new-york-north"},"geometry":{"type":"Polygon","coordinates":[[[-73.9229,40.844],[-73.9214,40.8402],[-73.9174,40.845],[-73.9229,40.844]]]}},{"type":"Feature","properties":{"geoid":"36005021501","clusterId":"new-york-north"},"geometry":{"type":"Polygon","coordinates":[[[-73.9213,40.8472],[-73.9155,40.8505],[-73.9161,40.8518],[-73.9213,40.8472]]]}},{"type":"Feature","properties":{"geoid":"36005021502","clusterId":"new-york-north"},"geometry":{"type":"Polygon","coordinates":[[[-73.921,40.8465],[-73.9153,40.8468],[-73.9129,40.8501],[-73.9155,40.8505],[-73.921,40.8465]]]}},{"type":"Feature","properties":{"geoid":"36005021601","clusterId":"new-york-north"},"geometry":{"type":"Polygon","coordinates":[[[-73.867,40.8404],[-73.8651,40.8353],[-73.8668,40.8348],[-73.8628,40.8337],[-73.8645,40.8411],[-73.867,40.8404]]]}},{"type":"Feature","properties":{"geoid":"36005021602","clusterId":"new-york-north"},"geometry":{"type":"Polygon","coordinates":[[[-73.8645,40.8411],[-73.8627,40.833],[-73.8609,40.8336],[-73.86,40.8378],[-73.8645,40.8411]]]}},{"type":"Feature","properties":{"geoid":"36005021700","clusterId":"new-york-north"},"geometry":{"type":"Polygon","coordinates":[[[-73.9174,40.8463],[-73.9174,40.845],[-73.9142,40.8451],[-73.9092,40.8518],[-73.9115,40.8517],[-73.9153,40.8468],[-73.9174,40.8463]]]}},{"type":"Feature","properties":{"geoid":"36005021800","clusterId":"new-york-north"},"geometry":{"type":"Polygon","coordinates":[[[-73.8738,40.8363],[-73.8651,40.8353],[-73.8672,40.8403],[-73.8728,40.8398],[-73.8738,40.8363]]]}},{"type":"Feature","properties":{"geoid":"36005021900","clusterId":"new-york-north"},"geometry":{"type":"Polygon","coordinates":[[[-73.9223,40.8366],[-73.9162,40.8423],[-73.918,40.8431],[-73.9214,40.8402],[-73.9223,40.8366]]]}},{"type":"Feature","properties":{"geoid":"36005022000","clusterId":"new-york-north"},"geometry":{"type":"Polygon","coordinates":[[[-73.8784,40.84],[-73.8736,40.8398],[-73.868,40.8448],[-73.8679,40.8489],[-73.8693,40.8493],[-73.8699,40.8466],[-73.8746,40.8415],[-73.8769,40.8422],[-73.8784,40.84]]]}},{"type":"Feature","properties":{"geoid":"36005022101","clusterId":"new-york-north"},"geometry":{"type":"Polygon","coordinates":[[[-73.9201,40.8376],[-73.9184,40.8364],[-73.9159,40.8396],[-73.9177,40.8402],[-73.9201,40.8376]]]}},{"type":"Feature","properties":{"geoid":"36005022102","clusterId":"new-york-north"},"geometry":{"type":"Polygon","coordinates":[[[-73.9178,40.8372],[-73.9165,40.8358],[-73.9138,40.8387],[-73.9159,40.8396],[-73.9178,40.8372]]]}},{"type":"Feature","properties":{"geoid":"36005022200","clusterId":"new-york-north"},"geometry":{"type":"Polygon","coordinates":[[[-73.861,40.8346],[-73.8603,40.8333],[-73.8517,40.8342],[-73.853,40.8407],[-73.8551,40.836],[-73.861,40.8346]]]}},{"type":"Feature","properties":{"geoid":"36005022300","clusterId":"new-york-north"},"geometry":{"type":"Polygon","coordinates":[[[-73.9173,40.8408],[-73.9138,40.8387],[-73.9127,40.8409],[-73.9162,40.8423],[-73.9173,40.8408]]]}},{"type":"Feature","properties":{"geoid":"36005022401","clusterId":"new-york-north"},"geometry":{"type":"Polygon","coordinates":[[[-73.8699,40.8559],[-73.8678,40.8516],[-73.8676,40.8578],[-73.8699,40.8559]]]}},{"type":"Feature","properties":{"geoid":"36005022403","clusterId":"new-york-north"},"geometry":{"type":"Polygon","coordinates":[[[-73.8676,40.8566],[-73.8677,40.8545],[-73.8648,40.8544],[-73.8647,40.8567],[-73.8619,40.8568],[-73.8618,40.858],[-73.8676,40.8578],[-73.8676,40.8566]]]}},{"type":"Feature","properties":{"geoid":"36005022404","clusterId":"new-york-north"},"geometry":{"type":"Polygon","coordinates":[[[-73.8678,40.8524],[-73.8661,40.8505],[-73.8648,40.8544],[-73.8677,40.8545],[-73.8678,40.8524]]]}},{"type":"Feature","properties":{"geoid":"36005022500","clusterId":"new-york-north"},"geometry":{"type":"Polygon","coordinates":[[[-73.9137,40.8388],[-73.9095,40.8371],[-73.9095,40.843],[-73.9119,40.8433],[-73.9137,40.8388]]]}},{"type":"Feature","properties":{"geoid":"36005022701","clusterId":"new-york-north"},"geometry":{"type":"Polygon","coordinates":[[[-73.9141,40.8453],[-73.9111,40.8451],[-73.9075,40.8478],[-73.9117,40.8486],[-73.9141,40.8453]]]}},{"type":"Feature","properties":{"geoid":"36005022702","clusterId":"new-york-north"},"geometry":{"type":"Polygon","coordinates":[[[-73.9163,40.8451],[-73.9119,40.8433],[-73.9111,40.8451],[-73.9163,40.8451]]]}},{"type":"Feature","properties":{"geoid":"36005022703","clusterId":"new-york-north"},"geometry":{"type":"Polygon","coordinates":[[[-73.9119,40.8433],[-73.9095,40.843],[-73.9094,40.845],[-73.9111,40.8451],[-73.9119,40.8433]]]}},{"type":"Feature","properties":{"geoid":"36005022800","clusterId":"new-york-north"},"geometry":{"type":"Polygon","coordinates":[[[-73.8659,40.8508],[-73.8621,40.8508],[-73.8619,40.8568],[-73.8647,40.8567],[-73.8659,40.8508]]]}},{"type":"Feature","properties":{"geoid":"36005022901","clusterId":"new-york-north"},"geometry":{"type":"Polygon","coordinates":[[[-73.911,40.8452],[-73.9049,40.8447],[-73.9046,40.8474],[-73.9075,40.8478],[-73.911,40.8452]]]}},{"type":"Feature","properties":{"geoid":"36005022902","clusterId":"new-york-north"},"geometry":{"type":"Polygon","coordinates":[[[-73.9095,40.8438],[-73.905,40.8425],[-73.9049,40.8447],[-73.9094,40.845],[-73.9095,40.8438]]]}},{"type":"Feature","properties":{"geoid":"36005023000","clusterId":"new-york-north"},"geometry":{"type":"Polygon","coordinates":[[[-73.8692,40.8492],[-73.8679,40.8489],[-73.8684,40.8471],[-73.8625,40.8484],[-73.863,40.8506],[-73.8686,40.8521],[-73.8692,40.8492]]]}},{"type":"Feature","properties":{"geoid":"36005023100","clusterId":"new-york-north"},"geometry":{"type":"Polygon","coordinates":[[[-73.9048,40.8449],[-73.9013,40.8445],[-73.8997,40.8474],[-73.9046,40.8474],[-73.9048,40.8449]]]}},{"type":"Feature","properties":{"geoid":"36005023200","clusterId":"new-york-north"},"geometry":{"type":"Polygon","coordinates":[[[-73.8663,40.8476],[-73.8661,40.8452],[-73.8594,40.8467],[-73.8612,40.8486],[-73.8663,40.8476]]]}},{"type":"Feature","properties":{"geoid":"36005023301","clusterId":"new-york-north"},"geometry":{"type":"Polygon","coordinates":[[[-73.9111,40.8494],[-73.9075,40.8478],[-73.906,40.8494],[-73.9092,40.8518],[-73.9111,40.8494]]]}},{"type":"Feature","properties":{"geoid":"36005023302","clusterId":"new-york-north"},"geometry":{"type":"Polygon","coordinates":[[[-73.9075,40.8478],[-73.902,40.8481],[-73.9061,40.8493],[-73.9075,40.8478]]]}},{"type":"Feature","properties":{"geoid":"36005023501","clusterId":"new-york-north"},"geometry":{"type":"Polygon","coordinates":[[[-73.907,40.8504],[-73.906,40.8494],[-73.9019,40.8546],[-73.907,40.8504]]]}},{"type":"Feature","properties":{"geoid":"36005023502","clusterId":"new-york-north"},"geometry":{"type":"Polygon","coordinates":[[[-73.906,40.8494],[-73.9033,40.8487],[-73.9009,40.8559],[-73.906,40.8494]]]}},{"type":"Feature","properties":{"geoid":"36005023600","clusterId":"new-york-north"},"geometry":{"type":"Polygon","coordinates":[[[-73.8689,40.8469],[-73.8689,40.8444],[-73.8652,40.8425],[-73.8669,40.8475],[-73.8689,40.8469]]]}},{"type":"Feature","properties":{"geoid":"36005023702","clusterId":"new-york-north"},"geometry":{"type":"Polygon","coordinates":[[[-73.8988,40.8593],[-73.8974,40.8588],[-73.8959,40.8623],[-73.8971,40.8625],[-73.8988,40.8593]]]}},{"type":"Feature","properties":{"geoid":"36005023703","clusterId":"new-york-north"},"geometry":{"type":"Polygon","coordinates":[[[-73.9012,40.8593],[-73.9019,40.8581],[-73.8999,40.8574],[-73.8971,40.8625],[-73.8996,40.8622],[-73.9012,40.8593]]]}},{"type":"Feature","properties":{"geoid":"36005023704","clusterId":"new-york-north"},"geometry":{"type":"Polygon","coordinates":[[[-73.9035,40.8556],[-73.9019,40.8546],[-73.8999,40.8574],[-73.9019,40.8581],[-73.9035,40.8556]]]}},{"type":"Feature","properties":{"geoid":"36005023800","clusterId":"new-york-north"},"geometry":{"type":"Polygon","coordinates":[[[-73.8661,40.8452],[-73.8636,40.8413],[-73.8533,40.8425],[-73.8575,40.8438],[-73.8594,40.8467],[-73.8661,40.8452]]]}},{"type":"Feature","properties":{"geoid":"36005023900","clusterId":"new-york-north"},"geometry":{"type":"Polygon","coordinates":[[[-73.9053,40.858],[-73.9056,40.8558],[-73.904,40.855],[-73.8996,40.8622],[-73.9011,40.8628],[-73.9053,40.858]]]}},{"type":"Feature","properties":{"geoid":"36005024000","clusterId":"new-york-north"},"geometry":{"type":"Polygon","coordinates":[[[-73.8733,40.8402],[-73.8694,40.8395],[-73.8636,40.8413],[-73.8689,40.8444],[-73.8733,40.8402]]]}},{"type":"Feature","properties":{"geoid":"36005024100","clusterId":"new-york-north"},"geometry":{"type":"Polygon","coordinates":[[[-73.9084,40.8526],[-73.9092,40.8518],[-73.907,40.8504],[-73.903,40.8548],[-73.9056,40.8558],[-73.9084,40.8526]]]}},{"type":"Feature","properties":{"geoid":"36005024300","clusterId":"new-york-north"},"geometry":{"type":"Polygon","coordinates":[[[-73.9155,40.8505],[-73.9127,40.8502],[-73.9073,40.8538],[-73.9112,40.8548],[-73.9155,40.8505]]]}},{"type":"Feature","properties":{"geoid":"36005024400","clusterId":"new-york-north"},"geometry":{"type":"Polygon","coordinates":[[[-73.8612,40.8486],[-73.8575,40.8438],[-73.854,40.8436],[-73.8586,40.8497],[-73.8612,40.8486]]]}},{"type":"Feature","properties":{"geoid":"36005024501","clusterId":"new-york-north"},"geometry":{"type":"Polygon","coordinates":[[[-73.9182,40.853],[-73.9155,40.8505],[-73.9123,40.8538],[-73.9165,40.8547],[-73.9182,40.853]]]}},{"type":"Feature","properties":{"geoid":"36005024502","clusterId":"new-york-north"},"geometry":{"type":"Polygon","coordinates":[[[-73.9157,40.8559],[-73.9162,40.8546],[-73.9123,40.8538],[-73.9104,40.8557],[-73.9157,40.8559]]]}},{"type":"Feature","properties":{"geoid":"36005024600","clusterId":"new-york-north"},"geometry":{"type":"Polygon","coordinates":[[[-73.863,40.8506],[-73.8625,40.8484],[-73.8586,40.8497],[-73.861,40.8568],[-73.863,40.8506]]]}},{"type":"Feature","properties":{"geoid":"36005024700","clusterId":"new-york-north"},"geometry":{"type":"Polygon","coordinates":[[[-73.9212,40.8547],[-73.9182,40.853],[-73.9144,40.8594],[-73.9172,40.856],[-73.9193,40.8575],[-73.9212,40.8547]]]}},{"type":"Feature","properties":{"geoid":"36005024800","clusterId":"new-york-north"},"geometry":{"type":"Polygon","coordinates":[[[-73.8619,40.8569],[-73.8601,40.8516],[-73.8544,40.8542],[-73.8566,40.8581],[-73.8618,40.858],[-73.8619,40.8569]]]}},{"type":"Feature","properties":{"geoid":"36005025000","clusterId":"new-york-north"},"geometry":{"type":"Polygon","coordinates":[[[-73.8593,40.852],[-73.8586,40.8497],[-73.8546,40.8515],[-73.853,40.8495],[-73.8514,40.8503],[-73.8544,40.8542],[-73.8593,40.852]]]}},{"type":"Feature","properties":{"geoid":"36005025100","clusterId":"new-york-north"},"geometry":{"type":"Polygon","coordinates":[[[-73.9109,40.855],[-73.9073,40.8538],[-73.9049,40.8587],[-73.9078,40.8596],[-73.9109,40.855]]]}},{"type":"Feature","properties":{"geoid":"36005025200","clusterId":"new-york-north"},"geometry":{"type":"Polygon","coordinates":[[[-73.8578,40.8501],[-73.854,40.8436],[-73.8512,40.8443],[-73.8562,40.8508],[-73.8578,40.8501]]]}},{"type":"Feature","properties":{"geoid":"36005025300","clusterId":"new-york-north"},"geometry":{"type":"Polygon","coordinates":[[[-73.9078,40.8596],[-73.9049,40.8587],[-73.9011,40.8628],[-73.9049,40.8627],[-73.9078,40.8596]]]}},{"type":"Feature","properties":{"geoid":"36005025400","clusterId":"new-york-north"},"geometry":{"type":"Polygon","coordinates":[[[-73.8554,40.8511],[-73.8522,40.8457],[-73.8491,40.8471],[-73.8514,40.8503],[-73.853,40.8495],[-73.8554,40.8511]]]}},{"type":"Feature","properties":{"geoid":"36005025500","clusterId":"new-york-north"},"geometry":{"type":"Polygon","coordinates":[[[-73.9125,40.86],[-73.9098,40.8573],[-73.9049,40.8627],[-73.909,40.8627],[-73.9125,40.86]]]}},{"type":"Feature","properties":{"geoid":"36005025600","clusterId":"new-york-north"},"geometry":{"type":"Polygon","coordinates":[[[-73.8557,40.8431],[-73.8481,40.8431],[-73.8462,40.8445],[-73.8491,40.8471],[-73.8522,40.8457],[-73.8512,40.8443],[-73.8557,40.8431]]]}},{"type":"Feature","properties":{"geoid":"36005025700","clusterId":"new-york-north"},"geometry":{"type":"Polygon","coordinates":[[[-73.9185,40.8584],[-73.9193,40.8575],[-73.9172,40.856],[-73.9162,40.8588],[-73.909,40.8627],[-73.9143,40.8625],[-73.9185,40.8584]]]}},{"type":"Feature","properties":{"geoid":"36005026100","clusterId":"new-york-north"},"geometry":{"type":"Polygon","coordinates":[[[-73.9091,40.8636],[-73.9047,40.8656],[-73.9024,40.8687],[-73.9038,40.8696],[-73.9071,40.8679],[-73.9091,40.8636]]]}},{"type":"Feature","properties":{"geoid":"36005026300","clusterId":"new-york-north"},"geometry":{"type":"Polygon","coordinates":[[[-73.9091,40.863],[-73.9033,40.8627],[-73.9011,40.8683],[-73.9024,40.8687],[-73.9091,40.863]]]}},{"type":"Feature","properties":{"geoid":"36005026400","clusterId":"new-york-north"},"geometry":{"type":"Polygon","coordinates":[[[-73.8377,40.8409],[-73.835,40.8381],[-73.8261,40.8414],[-73.8261,40.8453],[-73.8369,40.8435],[-73.8377,40.8409]]]}},{"type":"Feature","properties":{"geoid":"36005026500","clusterId":"new-york-north"},"geometry":{"type":"Polygon","coordinates":[[[-73.9033,40.8653],[-73.9019,40.8646],[-73.9033,40.8627],[-73.9011,40.8628],[-73.8966,40.8686],[-73.8989,40.8697],[-73.9033,40.8653]]]}},{"type":"Feature","properties":{"geoid":"36005026601","clusterId":"new-york-north"},"geometry":{"type":"Polygon","coordinates":[[[-73.8365,40.8446],[-73.8305,40.8492],[-73.8358,40.8497],[-73.8365,40.8446]]]}},{"type":"Feature","properties":{"geoid":"36005026602","clusterId":"new-york-north"},"geometry":{"type":"Polygon","coordinates":[[[-73.8369,40.8435],[-73.8261,40.8453],[-73.8289,40.8497],[-73.8369,40.8435]]]}},{"type":"Feature","properties":{"geoid":"36005026701","clusterId":"new-york-north"},"geometry":{"type":"Polygon","coordinates":[[[-73.9036,40.8698],[-73.8995,40.8679],[-73.8989,40.8697],[-73.9036,40.8698]]]}},{"type":"Feature","properties":{"geoid":"36005026702","clusterId":"new-york-north"},"geometry":{"type":"Polygon","coordinates":[[[-73.9025,40.8708],[-73.8989,40.8697],[-73.8978,40.8709],[-73.9001,40.8762],[-73.9025,40.8708]]]}},{"type":"Feature","properties":{"geoid":"36005026900","clusterId":"new-york-north"},"geometry":{"type":"Polygon","coordinates":[[[-73.9143,40.8625],[-73.909,40.8627],[-73.9071,40.8679],[-73.9038,40.8696],[-73.9045,40.8725],[-73.907,40.8735],[-73.9091,40.8717],[-73.9098,40.8683],[-73.9143,40.8625]]]}},{"type":"Feature","properties":{"geoid":"36005027300","clusterId":"new-york-north"},"geometry":{"type":"Polygon","coordinates":[[[-73.9062,40.8732],[-73.9045,40.8725],[-73.9038,40.8696],[-73.8996,40.8766],[-73.9047,40.8766],[-73.9062,40.8732]]]}},{"type":"Feature","properties":{"geoid":"36005027401","clusterId":"new-york-north"},"geometry":{"type":"Polygon","coordinates":[[[-73.8262,40.843],[-73.826,40.834],[-73.818,40.8355],[-73.8205,40.8425],[-73.8205,40.8485],[-73.825,40.8461],[-73.8252,40.8427],[-73.8262,40.843]]]}},{"type":"Feature","properties":{"geoid":"36005027402","clusterId":"new-york-north"},"geometry":{"type":"Polygon","coordinates":[[[-73.8204,40.8433],[-73.818,40.8355],[-73.8093,40.838],[-73.8093,40.8494],[-73.8201,40.848],[-73.8204,40.8433]]]}},{"type":"Feature","properties":{"geoid":"36005027600","clusterId":"new-york-north"},"geometry":{"type":"Polygon","coordinates":[[[-73.8328,40.8561],[-73.8286,40.8557],[-73.8272,40.8533],[-73.828,40.8486],[-73.8262,40.843],[-73.8252,40.8427],[-73.825,40.8461],[-73.8205,40.8485],[-73.8093,40.8494],[-73.8088,40.8523],[-73.8123,40.8607],[-73.8176,40.8636],[-73.8272,40.8592],[-73.8284,40.8609],[-73.8328,40.8561]]]}},{"type":"Feature","properties":{"geoid":"36005027700","clusterId":"new-york-north"},"geometry":{"type":"Polygon","coordinates":[[[-73.9047,40.8766],[-73.8996,40.8766],[-73.8981,40.8785],[-73.8996,40.8788],[-73.899,40.8815],[-73.9016,40.881],[-73.9047,40.8766]]]}},{"type":"Feature","properties":{"geoid":"36005027900","clusterId":"new-york-north"},"geometry":{"type":"Polygon","coordinates":[[[-73.9016,40.881],[-73.899,40.8815],[-73.8996,40.8788],[-73.8981,40.8785],[-73.8961,40.8822],[-73.8927,40.8827],[-73.8942,40.8853],[-73.8968,40.886],[-73.9016,40.881]]]}},{"type":"Feature","properties":{"geoid":"36005028100","clusterId":"new-york-north"},"geometry":{"type":"Polygon","coordinates":[[[-73.8945,40.8855],[-73.892,40.8823],[-73.887,40.8828],[-73.887,40.8844],[-73.8945,40.8855]]]}},{"type":"Feature","properties":{"geoid":"36005028300","clusterId":"new-york-north"},"geometry":{"type":"Polygon","coordinates":[[[-73.9072,40.8764],[-73.9062,40.8732],[-73.9038,40.8785],[-73.8968,40.886],[-73.8998,40.8865],[-73.9072,40.8764]]]}},{"type":"Feature","properties":{"geoid":"36005028400","clusterId":"new-york-north"},"geometry":{"type":"Polygon","coordinates":[[[-73.8449,40.8482],[-73.842,40.8406],[-73.8376,40.8403],[-73.8356,40.852],[-73.8313,40.8554],[-73.8328,40.8561],[-73.8285,40.8607],[-73.8368,40.8573],[-73.8352,40.8565],[-73.8396,40.8547],[-73.8449,40.8482]]]}},{"type":"Feature","properties":{"geoid":"36005028500","clusterId":"new-york-north"},"geometry":{"type":"Polygon","coordinates":[[[-73.9086,40.8825],[-73.9093,40.8813],[-73.9047,40.8852],[-73.9016,40.8835],[-73.8979,40.8905],[-73.9029,40.8892],[-73.9086,40.8825]]]}},{"type":"Feature","properties":{"geoid":"36005028600","clusterId":"new-york-north"},"geometry":{"type":"Polygon","coordinates":[[[-73.8505,40.8507],[-73.8479,40.846],[-73.8444,40.8511],[-73.8505,40.8507]]]}},{"type":"Feature","properties":{"geoid":"36005028700","clusterId":"new-york-north"},"geometry":{"type":"Polygon","coordinates":[[[-73.908,40.8824],[-73.9039,40.8801],[-73.9016,40.8835],[-73.9047,40.8852],[-73.908,40.8824]]]}},{"type":"Feature","properties":{"geoid":"36005028800","clusterId":"new-york-north"},"geometry":{"type":"Polygon","coordinates":[[[-73.8561,40.8569],[-73.8514,40.8503],[-73.8482,40.8511],[-73.8494,40.8575],[-73.8561,40.8569]]]}},{"type":"Feature","properties":{"geoid":"36005028900","clusterId":"new-york-north"},"geometry":{"type":"Polygon","coordinates":[[[-73.9105,40.8806],[-73.9072,40.8764],[-73.9039,40.8801],[-73.908,40.8824],[-73.9105,40.8806]]]}},{"type":"Feature","properties":{"geoid":"36005029301","clusterId":"new-york-north"},"geometry":{"type":"Polygon","coordinates":[[[-73.9338,40.8822],[-73.9214,40.8783],[-73.9183,40.8805],[-73.9202,40.8827],[-73.9187,40.8869],[-73.9294,40.8897],[-73.9338,40.8822]]]}},{"type":"Feature","properties":{"geoid":"36005029302","clusterId":"new-york-north"},"geometry":{"type":"Polygon","coordinates":[[[-73.9214,40.8783],[-73.9152,40.8756],[-73.9097,40.8795],[-73.9105,40.8806],[-73.9126,40.8792],[-73.9117,40.8807],[-73.9138,40.8816],[-73.9131,40.8828],[-73.9152,40.8835],[-73.9149,40.8846],[-73.9214,40.8783]]]}},{"type":"Feature","properties":{"geoid":"36005029500","clusterId":"new-york-north"},"geometry":{"type":"Polygon","coordinates":[[[-73.9125,40.8796],[-73.9041,40.8871],[-73.9091,40.8888],[-73.9125,40.8796]]]}},{"type":"Feature","properties":{"geoid":"36005029600","clusterId":"new-york-north"},"geometry":{"type":"Polygon","coordinates":[[[-73.8566,40.8581],[-73.8561,40.8569],[-73.8494,40.8575],[-73.8482,40.8511],[-73.8444,40.8511],[-73.8449,40.8482],[-73.8396,40.8547],[-73.8352,40.8565],[-73.8465,40.8586],[-73.8566,40.8581]]]}},{"type":"Feature","properties":{"geoid":"36005029700","clusterId":"new-york-north"},"geometry":{"type":"Polygon","coordinates":[[[-73.9151,40.8838],[-73.9117,40.8807],[-73.9084,40.8891],[-73.9117,40.8882],[-73.9151,40.8838]]]}},{"type":"Feature","properties":{"geoid":"36005030000","clusterId":"new-york-north"},"geometry":{"type":"Polygon","coordinates":[[[-73.8356,40.852],[-73.8358,40.8497],[-73.828,40.8486],[-73.8272,40.8533],[-73.8286,40.8557],[-73.8313,40.8554],[-73.8356,40.852]]]}},{"type":"Feature","properties":{"geoid":"36005030100","clusterId":"new-york-north"},"geometry":{"type":"Polygon","coordinates":[[[-73.9202,40.8827],[-73.9184,40.8806],[-73.9149,40.8846],[-73.9188,40.8856],[-73.9202,40.8827]]]}},{"type":"Feature","properties":{"geoid":"36005030201","clusterId":"new-york-north"},"geometry":{"type":"Polygon","coordinates":[[[-73.8283,40.8609],[-73.8272,40.8592],[-73.8199,40.8618],[-73.8247,40.865],[-73.8283,40.8609]]]}},{"type":"Feature","properties":{"geoid":"36005030202","clusterId":"new-york-north"},"geometry":{"type":"Polygon","coordinates":[[[-73.8244,40.8653],[-73.8199,40.8618],[-73.8163,40.8661],[-73.8209,40.8689],[-73.8244,40.8653]]]}},{"type":"Feature","properties":{"geoid":"36005030701","clusterId":"new-york-north"},"geometry":{"type":"Polygon","coordinates":[[[-73.916,40.8849],[-73.9091,40.8895],[-73.9075,40.8994],[-73.9108,40.9],[-73.9133,40.8871],[-73.916,40.8849]]]}},{"type":"Feature","properties":{"geoid":"36005030900","clusterId":"new-york-north"},"geometry":{"type":"Polygon","coordinates":[[[-73.9292,40.8903],[-73.916,40.8849],[-73.9135,40.8868],[-73.9102,40.9031],[-73.9126,40.9036],[-73.9065,40.9116],[-73.9194,40.9149],[-73.9292,40.8903]]]}},{"type":"Feature","properties":{"geoid":"36005031000","clusterId":"new-york-north"},"geometry":{"type":"Polygon","coordinates":[[[-73.8409,40.8593],[-73.841,40.8579],[-73.8368,40.8573],[-73.8284,40.8609],[-73.837,40.8656],[-73.8407,40.8652],[-73.8409,40.8593]]]}},{"type":"Feature","properties":{"geoid":"36005031200","clusterId":"new-york-north"},"geometry":{"type":"Polygon","coordinates":[[[-73.8444,40.8628],[-73.8433,40.8583],[-73.841,40.8579],[-73.8407,40.8652],[-73.8444,40.8652],[-73.8444,40.8628]]]}},{"type":"Feature","properties":{"geoid":"36005031400","clusterId":"new-york-north"},"geometry":{"type":"Polygon","coordinates":[[[-73.8474,40.8598],[-73.8474,40.8587],[-73.8433,40.8583],[-73.8444,40.8652],[-73.8472,40.8653],[-73.8474,40.8598]]]}},{"type":"Feature","properties":{"geoid":"36005031600","clusterId":"new-york-north"},"geometry":{"type":"Polygon","coordinates":[[[-73.8503,40.8598],[-73.8503,40.8587],[-73.8474,40.8587],[-73.8472,40.8653],[-73.8501,40.8646],[-73.8503,40.8598]]]}},{"type":"Feature","properties":{"geoid":"36005031800","clusterId":"new-york-north"},"geometry":{"type":"Polygon","coordinates":[[[-73.8536,40.8611],[-73.8531,40.8584],[-73.8503,40.8587],[-73.8495,40.8653],[-73.8529,40.8654],[-73.852,40.8629],[-73.8536,40.8611]]]}},{"type":"Feature","properties":{"geoid":"36005031900","clusterId":"new-york-north"},"geometry":{"type":"Polygon","coordinates":[[[-73.9192,40.9154],[-73.9032,40.9101],[-73.9025,40.913],[-73.9183,40.9177],[-73.9192,40.9154]]]}},{"type":"Feature","properties":{"geoid":"36005032300","clusterId":"new-york-north"},"geometry":{"type":"Polygon","coordinates":[[[-73.9121,40.9044],[-73.9102,40.9031],[-73.9108,40.9],[-73.9075,40.8994],[-73.9032,40.9101],[-73.9066,40.9113],[-73.9121,40.9044]]]}},{"type":"Feature","properties":{"geoid":"36005032400","clusterId":"new-york-north"},"geometry":{"type":"Polygon","coordinates":[[[-73.8618,40.859],[-73.8566,40.8581],[-73.8596,40.8655],[-73.8616,40.8655],[-73.8618,40.859]]]}},{"type":"Feature","properties":{"geoid":"36005032600","clusterId":"new-york-north"},"geometry":{"type":"Polygon","coordinates":[[[-73.8596,40.8655],[-73.8566,40.8581],[-73.8531,40.8584],[-73.8529,40.8654],[-73.8596,40.8655]]]}},{"type":"Feature","properties":{"geoid":"36005032800","clusterId":"new-york-north"},"geometry":{"type":"Polygon","coordinates":[[[-73.8646,40.8596],[-73.8647,40.8579],[-73.8618,40.858],[-73.8616,40.8655],[-73.8645,40.8655],[-73.8646,40.8596]]]}},{"type":"Feature","properties":{"geoid":"36005033000","clusterId":"new-york-north"},"geometry":{"type":"Polygon","coordinates":[[[-73.8676,40.859],[-73.8676,40.8578],[-73.8647,40.8579],[-73.8645,40.8655],[-73.8674,40.8654],[-73.8676,40.859]]]}},{"type":"Feature","properties":{"geoid":"36005033201","clusterId":"new-york-north"},"geometry":{"type":"Polygon","coordinates":[[[-73.8711,40.8574],[-73.8676,40.8578],[-73.8675,40.8613],[-73.8706,40.8614],[-73.8711,40.8574]]]}},{"type":"Feature","properties":{"geoid":"36005033202","clusterId":"new-york-north"},"geometry":{"type":"Polygon","coordinates":[[[-73.8705,40.8633],[-73.8706,40.8614],[-73.8675,40.8613],[-73.8674,40.8654],[-73.8704,40.8654],[-73.8705,40.8633]]]}},{"type":"Feature","properties":{"geoid":"36005033500","clusterId":"new-york-north"},"geometry":{"type":"Polygon","coordinates":[[[-73.9091,40.8895],[-73.9038,40.8875],[-73.9011,40.8934],[-73.9055,40.8938],[-73.9011,40.8986],[-73.902,40.9013],[-73.9077,40.899],[-73.9091,40.8895]]]}},{"type":"Feature","properties":{"geoid":"36005033601","clusterId":"new-york-north"},"geometry":{"type":"Polygon","coordinates":[[[-73.8705,40.8697],[-73.8704,40.8654],[-73.8674,40.8654],[-73.8672,40.8697],[-73.8705,40.8697]]]}},{"type":"Feature","properties":{"geoid":"36005033602","clusterId":"new-york-north"},"geometry":{"type":"Polygon","coordinates":[[[-73.8706,40.8715],[-73.8705,40.8697],[-73.8672,40.8697],[-73.8672,40.8714],[-73.8706,40.8715]]]}},{"type":"Feature","properties":{"geoid":"36005033700","clusterId":"new-york-north"},"geometry":{"type":"Polygon","coordinates":[[[-73.9075,40.8994],[-73.902,40.9013],[-73.8993,40.9119],[-73.9025,40.913],[-73.9075,40.8994]]]}},{"type":"Feature","properties":{"geoid":"36005033801","clusterId":"new-york-north"},"geometry":{"type":"Polygon","coordinates":[[[-73.8673,40.8666],[-73.8674,40.8654],[-73.8645,40.8655],[-73.8643,40.8697],[-73.8672,40.8697],[-73.8673,40.8666]]]}},{"type":"Feature","properties":{"geoid":"36005033802","clusterId":"new-york-north"},"geometry":{"type":"Polygon","coordinates":[[[-73.8672,40.8706],[-73.8643,40.8697],[-73.8643,40.8714],[-73.8672,40.8706]]]}},{"type":"Feature","properties":{"geoid":"36005034000","clusterId":"new-york-north"},"geometry":{"type":"Polygon","coordinates":[[[-73.8644,40.8678],[-73.8645,40.8655],[-73.8616,40.8655],[-73.8614,40.8713],[-73.8643,40.8714],[-73.8644,40.8678]]]}},{"type":"Feature","properties":{"geoid":"36005034200","clusterId":"new-york-north"},"geometry":{"type":"Polygon","coordinates":[[[-73.8615,40.8662],[-73.8587,40.8655],[-73.8585,40.8713],[-73.8614,40.8713],[-73.8615,40.8662]]]}},{"type":"Feature","properties":{"geoid":"36005034300","clusterId":"new-york-north"},"geometry":{"type":"Polygon","coordinates":[[[-73.9,40.912],[-73.9,40.9081],[-73.8965,40.9075],[-73.8966,40.9113],[-73.9,40.912]]]}},{"type":"Feature","properties":{"geoid":"36005034400","clusterId":"new-york-north"},"geometry":{"type":"Polygon","coordinates":[[[-73.8586,40.8677],[-73.8587,40.8655],[-73.8558,40.8654],[-73.8556,40.8712],[-73.8585,40.8713],[-73.8586,40.8677]]]}},{"type":"Feature","properties":{"geoid":"36005034500","clusterId":"new-york-north"},"geometry":{"type":"Polygon","coordinates":[[[-73.9018,40.9016],[-73.897,40.9003],[-73.8965,40.9075],[-73.9,40.9081],[-73.9018,40.9016]]]}},{"type":"Feature","properties":{"geoid":"36005034800","clusterId":"new-york-north"},"geometry":{"type":"Polygon","coordinates":[[[-73.8566,40.873],[-73.8558,40.8654],[-73.8501,40.8653],[-73.8499,40.8713],[-73.8486,40.8717],[-73.8565,40.8742],[-73.8566,40.873]]]}},{"type":"Feature","properties":{"geoid":"36005035000","clusterId":"new-york-north"},"geometry":{"type":"Polygon","coordinates":[[[-73.8501,40.8657],[-73.8472,40.8653],[-73.8452,40.8699],[-73.8499,40.8713],[-73.8501,40.8657]]]}},{"type":"Feature","properties":{"geoid":"36005035100","clusterId":"new-york-north"},"geometry":{"type":"Polygon","coordinates":[[[-73.9055,40.8938],[-73.9011,40.8934],[-73.9029,40.8892],[-73.8979,40.8905],[-73.8965,40.8937],[-73.897,40.9003],[-73.902,40.9013],[-73.9011,40.8986],[-73.9055,40.8938]]]}},{"type":"Feature","properties":{"geoid":"36005035600","clusterId":"new-york-north"},"geometry":{"type":"Polygon","coordinates":[[[-73.8436,40.8691],[-73.8296,40.8622],[-73.8327,40.8685],[-73.8357,40.8675],[-73.8374,40.8711],[-73.8436,40.8691]]]}},{"type":"Feature","properties":{"geoid":"36005035800","clusterId":"new-york-north"},"geometry":{"type":"Polygon","coordinates":[[[-73.8473,40.8767],[-73.8461,40.8704],[-73.8436,40.8691],[-73.8374,40.8711],[-73.8392,40.8766],[-73.8381,40.877],[-73.8432,40.8791],[-73.8473,40.8767]]]}},{"type":"Feature","properties":{"geoid":"36005035900","clusterId":"new-york-north"},"geometry":{"type":"Polygon","coordinates":[[[-73.8861,40.8404],[-73.882,40.8375],[-73.8802,40.84],[-73.8857,40.8427],[-73.8861,40.8404]]]}},{"type":"Feature","properties":{"geoid":"36005036000","clusterId":"new-york-north"},"geometry":{"type":"Polygon","coordinates":[[[-73.8472,40.8676],[-73.8472,40.8653],[-73.837,40.8651],[-73.8452,40.8699],[-73.8472,40.8676]]]}},{"type":"Feature","properties":{"geoid":"36005036100","clusterId":"new-york-north"},"geometry":{"type":"Polygon","coordinates":[[[-73.8821,40.8421],[-73.8828,40.8413],[-73.8784,40.84],[-73.8769,40.8422],[-73.8792,40.8453],[-73.8821,40.8421]]]}},{"type":"Feature","properties":{"geoid":"36005036300","clusterId":"new-york-north"},"geometry":{"type":"Polygon","coordinates":[[[-73.8855,40.8438],[-73.8828,40.8413],[-73.8792,40.8453],[-73.8831,40.8483],[-73.8855,40.8438]]]}},{"type":"Feature","properties":{"geoid":"36005036400","clusterId":"new-york-north"},"geometry":{"type":"Polygon","coordinates":[[[-73.8536,40.8733],[-73.846,40.8705],[-73.8482,40.8765],[-73.8536,40.8733]]]}},{"type":"Feature","properties":{"geoid":"36005036501","clusterId":"new-york-north"},"geometry":{"type":"Polygon","coordinates":[[[-73.8883,40.8452],[-73.889,40.8444],[-73.8857,40.8427],[-73.8831,40.8483],[-73.8872,40.8446],[-73.8883,40.8452]]]}},{"type":"Feature","properties":{"geoid":"36005036502","clusterId":"new-york-north"},"geometry":{"type":"Polygon","coordinates":[[[-73.8904,40.8427],[-73.8862,40.8401],[-73.8857,40.8427],[-73.889,40.8444],[-73.8904,40.8427]]]}},{"type":"Feature","properties":{"geoid":"36005036700","clusterId":"new-york-north"},"geometry":{"type":"Polygon","coordinates":[[[-73.8915,40.8417],[-73.8887,40.8392],[-73.8862,40.8401],[-73.8906,40.8427],[-73.8915,40.8417]]]}},{"type":"Feature","properties":{"geoid":"36005036800","clusterId":"new-york-north"},"geometry":{"type":"Polygon","coordinates":[[[-73.8601,40.8763],[-73.8536,40.8733],[-73.8512,40.8752],[-73.8568,40.8769],[-73.8601,40.8763]]]}},{"type":"Feature","properties":{"geoid":"36005036901","clusterId":"new-york-north"},"geometry":{"type":"Polygon","coordinates":[[[-73.8947,40.8439],[-73.8906,40.8427],[-73.889,40.8444],[-73.8929,40.8463],[-73.8947,40.8439]]]}},{"type":"Feature","properties":{"geoid":"36005036902","clusterId":"new-york-north"},"geometry":{"type":"Polygon","coordinates":[[[-73.8949,40.8436],[-73.8922,40.8411],[-73.8906,40.8427],[-73.8949,40.8436]]]}},{"type":"Feature","properties":{"geoid":"36005037000","clusterId":"new-york-north"},"geometry":{"type":"Polygon","coordinates":[[[-73.8614,40.8718],[-73.8566,40.8712],[-73.8565,40.8742],[-73.8605,40.8755],[-73.8614,40.8718]]]}},{"type":"Feature","properties":{"geoid":"36005037100","clusterId":"new-york-north"},"geometry":{"type":"Polygon","coordinates":[[[-73.8904,40.8462],[-73.8911,40.8454],[-73.8872,40.8446],[-73.8838,40.8487],[-73.8864,40.8503],[-73.8904,40.8462]]]}},{"type":"Feature","properties":{"geoid":"36005037200","clusterId":"new-york-north"},"geometry":{"type":"Polygon","coordinates":[[[-73.8662,40.8733],[-73.8652,40.8714],[-73.8614,40.8713],[-73.8605,40.8755],[-73.8646,40.8768],[-73.8662,40.8733]]]}},{"type":"Feature","properties":{"geoid":"36005037300","clusterId":"new-york-north"},"geometry":{"type":"Polygon","coordinates":[[[-73.893,40.847],[-73.8911,40.8454],[-73.8864,40.8503],[-73.89,40.8521],[-73.8899,40.8499],[-73.8909,40.8505],[-73.893,40.847]]]}},{"type":"Feature","properties":{"geoid":"36005037400","clusterId":"new-york-north"},"geometry":{"type":"Polygon","coordinates":[[[-73.8682,40.8732],[-73.8683,40.8715],[-73.8652,40.8714],[-73.8663,40.8732],[-73.8646,40.8768],[-73.8681,40.8778],[-73.8682,40.8732]]]}},{"type":"Feature","properties":{"geoid":"36005037504","clusterId":"new-york-north"},"geometry":{"type":"Polygon","coordinates":[[[-73.8961,40.8468],[-73.8934,40.8464],[-73.8909,40.8505],[-73.8899,40.8499],[-73.8904,40.8547],[-73.8943,40.8519],[-73.8961,40.8468]]]}},{"type":"Feature","properties":{"geoid":"36005037600","clusterId":"new-york-north"},"geometry":{"type":"Polygon","coordinates":[[[-73.8704,40.8733],[-73.8706,40.8715],[-73.8683,40.8715],[-73.8681,40.8778],[-73.8694,40.8781],[-73.8704,40.8733]]]}},{"type":"Feature","properties":{"geoid":"36005037800","clusterId":"new-york-north"},"geometry":{"type":"Polygon","coordinates":[[[-73.8693,40.8784],[-73.8663,40.8773],[-73.864,40.8814],[-73.8671,40.8823],[-73.8693,40.8784]]]}},{"type":"Feature","properties":{"geoid":"36005037900","clusterId":"new-york-north"},"geometry":{"type":"Polygon","coordinates":[[[-73.9021,40.8483],[-73.8997,40.8474],[-73.8956,40.8546],[-73.8986,40.8539],[-73.8988,40.8554],[-73.9021,40.8483]]]}},{"type":"Feature","properties":{"geoid":"36005038000","clusterId":"new-york-north"},"geometry":{"type":"Polygon","coordinates":[[[-73.866,40.8779],[-73.8605,40.8755],[-73.8586,40.879],[-73.8645,40.8805],[-73.866,40.8779]]]}},{"type":"Feature","properties":{"geoid":"36005038100","clusterId":"new-york-north"},"geometry":{"type":"Polygon","coordinates":[[[-73.903,40.8494],[-73.9009,40.8484],[-73.8988,40.8554],[-73.9008,40.856],[-73.903,40.8494]]]}},{"type":"Feature","properties":{"geoid":"36005038200","clusterId":"new-york-north"},"geometry":{"type":"Polygon","coordinates":[[[-73.8593,40.8777],[-73.8507,40.8755],[-73.8525,40.8771],[-73.8509,40.8779],[-73.8525,40.8795],[-73.8537,40.8775],[-73.8586,40.879],[-73.8593,40.8777]]]}},{"type":"Feature","properties":{"geoid":"36005038301","clusterId":"new-york-north"},"geometry":{"type":"Polygon","coordinates":[[[-73.9008,40.856],[-73.8982,40.8551],[-73.8964,40.8584],[-73.8988,40.8593],[-73.9008,40.856]]]}},{"type":"Feature","properties":{"geoid":"36005038303","clusterId":"new-york-north"},"geometry":{"type":"Polygon","coordinates":[[[-73.8986,40.8539],[-73.8938,40.8589],[-73.8964,40.8584],[-73.8986,40.8539]]]}},{"type":"Feature","properties":{"geoid":"36005038304","clusterId":"new-york-north"},"geometry":{"type":"Polygon","coordinates":[[[-73.896,40.8556],[-73.8956,40.8546],[-73.8909,40.8613],[-73.896,40.8556]]]}},{"type":"Feature","properties":{"geoid":"36005038500","clusterId":"new-york-north"},"geometry":{"type":"Polygon","coordinates":[[[-73.8956,40.8546],[-73.8922,40.8528],[-73.8904,40.8547],[-73.8904,40.8611],[-73.8956,40.8546]]]}},{"type":"Feature","properties":{"geoid":"36005038600","clusterId":"new-york-north"},"geometry":{"type":"Polygon","coordinates":[[[-73.8521,40.8773],[-73.8507,40.8755],[-73.8432,40.8791],[-73.847,40.8816],[-73.8461,40.8829],[-73.8493,40.8842],[-73.8525,40.8795],[-73.8509,40.8779],[-73.8521,40.8773]]]}},{"type":"Feature","properties":{"geoid":"36005038700","clusterId":"new-york-north"},"geometry":{"type":"Polygon","coordinates":[[[-73.8912,40.8601],[-73.89,40.8542],[-73.886,40.8588],[-73.8904,40.8611],[-73.8912,40.8601]]]}},{"type":"Feature","properties":{"geoid":"36005038800","clusterId":"new-york-north"},"geometry":{"type":"Polygon","coordinates":[[[-73.8582,40.8796],[-73.8537,40.8775],[-73.852,40.8801],[-73.8571,40.8817],[-73.8582,40.8796]]]}},{"type":"Feature","properties":{"geoid":"36005038900","clusterId":"new-york-north"},"geometry":{"type":"Polygon","coordinates":[[[-73.8877,40.8569],[-73.8884,40.856],[-73.8836,40.8539],[-73.8818,40.8575],[-73.886,40.8588],[-73.8877,40.8569]]]}},{"type":"Feature","properties":{"geoid":"36005039000","clusterId":"new-york-north"},"geometry":{"type":"Polygon","coordinates":[[[-73.864,40.8814],[-73.8645,40.8805],[-73.8586,40.879],[-73.8571,40.8817],[-73.8628,40.8836],[-73.864,40.8814]]]}},{"type":"Feature","properties":{"geoid":"36005039100","clusterId":"new-york-north"},"geometry":{"type":"Polygon","coordinates":[[[-73.89,40.8542],[-73.8899,40.8521],[-73.8864,40.8503],[-73.8836,40.8539],[-73.8884,40.856],[-73.89,40.8542]]]}},{"type":"Feature","properties":{"geoid":"36005039200","clusterId":"new-york-north"},"geometry":{"type":"Polygon","coordinates":[[[-73.8671,40.8823],[-73.864,40.8814],[-73.8624,40.8843],[-73.8653,40.8852],[-73.8671,40.8823]]]}},{"type":"Feature","properties":{"geoid":"36005039300","clusterId":"new-york-north"},"geometry":{"type":"Polygon","coordinates":[[[-73.8864,40.8503],[-73.8831,40.8483],[-73.8808,40.857],[-73.8818,40.8575],[-73.8864,40.8503]]]}},{"type":"Feature","properties":{"geoid":"36005039400","clusterId":"new-york-north"},"geometry":{"type":"Polygon","coordinates":[[[-73.8663,40.8852],[-73.8624,40.8843],[-73.8605,40.8878],[-73.8646,40.8883],[-73.8663,40.8852]]]}},{"type":"Feature","properties":{"geoid":"36005039500","clusterId":"new-york-north"},"geometry":{"type":"Polygon","coordinates":[[[-73.9013,40.8446],[-73.8948,40.8438],[-73.8936,40.8451],[-73.8929,40.8463],[-73.8962,40.8467],[-73.8931,40.8533],[-73.894,40.8542],[-73.8956,40.8546],[-73.9013,40.8446]]]}},{"type":"Feature","properties":{"geoid":"36005039600","clusterId":"new-york-north"},"geometry":{"type":"Polygon","coordinates":[[[-73.8624,40.8843],[-73.8571,40.8817],[-73.8551,40.8853],[-73.8609,40.8871],[-73.8624,40.8843]]]}},{"type":"Feature","properties":{"geoid":"36005039700","clusterId":"new-york-north"},"geometry":{"type":"Polygon","coordinates":[[[-73.8917,40.8619],[-73.8808,40.857],[-73.8805,40.8607],[-73.884,40.8644],[-73.8827,40.8662],[-73.8836,40.8673],[-73.8917,40.8619]]]}},{"type":"Feature","properties":{"geoid":"36005039800","clusterId":"new-york-north"},"geometry":{"type":"Polygon","coordinates":[[[-73.8567,40.8824],[-73.852,40.8801],[-73.8497,40.8836],[-73.8551,40.8853],[-73.8567,40.8824]]]}},{"type":"Feature","properties":{"geoid":"36005039901","clusterId":"new-york-north"},"geometry":{"type":"Polygon","coordinates":[[[-73.8971,40.8625],[-73.8918,40.8618],[-73.8902,40.8635],[-73.8944,40.8661],[-73.8971,40.8625]]]}},{"type":"Feature","properties":{"geoid":"36005039902","clusterId":"new-york-north"},"geometry":{"type":"Polygon","coordinates":[[[-73.8968,40.86],[-73.8974,40.8588],[-73.8957,40.8581],[-73.8914,40.8616],[-73.8959,40.8623],[-73.8968,40.86]]]}},{"type":"Feature","properties":{"geoid":"36005040100","clusterId":"new-york-north"},"geometry":{"type":"Polygon","coordinates":[[[-73.9011,40.8628],[-73.8971,40.8625],[-73.8944,40.8661],[-73.8974,40.8675],[-73.9011,40.8628]]]}},{"type":"Feature","properties":{"geoid":"36005040302","clusterId":"new-york-north"},"geometry":{"type":"Polygon","coordinates":[[[-73.8943,40.8662],[-73.8933,40.8653],[-73.8899,40.8695],[-73.891,40.8702],[-73.8943,40.8662]]]}},{"type":"Feature","properties":{"geoid":"36005040303","clusterId":"new-york-north"},"geometry":{"type":"Polygon","coordinates":[[[-73.896,40.8692],[-73.893,40.8679],[-73.891,40.8702],[-73.8931,40.8714],[-73.896,40.8692]]]}},{"type":"Feature","properties":{"geoid":"36005040304","clusterId":"new-york-north"},"geometry":{"type":"Polygon","coordinates":[[[-73.8966,40.8686],[-73.8974,40.8675],[-73.8944,40.8661],[-73.893,40.8679],[-73.8966,40.8686]]]}},{"type":"Feature","properties":{"geoid":"36005040400","clusterId":"new-york-north"},"geometry":{"type":"Polygon","coordinates":[[[-73.8547,40.886],[-73.8497,40.8836],[-73.8474,40.887],[-73.8532,40.8888],[-73.8547,40.886]]]}},{"type":"Feature","properties":{"geoid":"36005040501","clusterId":"new-york-north"},"geometry":{"type":"Polygon","coordinates":[[[-73.8928,40.8662],[-73.8921,40.8646],[-73.8883,40.8685],[-73.8899,40.8695],[-73.8928,40.8662]]]}},{"type":"Feature","properties":{"geoid":"36005040502","clusterId":"new-york-north"},"geometry":{"type":"Polygon","coordinates":[[[-73.8921,40.8646],[-73.8902,40.8635],[-73.8859,40.8659],[-73.8883,40.8685],[-73.8921,40.8646]]]}},{"type":"Feature","properties":{"geoid":"36005040600","clusterId":"new-york-north"},"geometry":{"type":"Polygon","coordinates":[[[-73.8605,40.8878],[-73.8551,40.8853],[-73.8532,40.8888],[-73.8589,40.8906],[-73.8605,40.8878]]]}},{"type":"Feature","properties":{"geoid":"36005040701","clusterId":"new-york-north"},"geometry":{"type":"Polygon","coordinates":[[[-73.8929,40.8715],[-73.891,40.8702],[-73.8879,40.8721],[-73.8894,40.8734],[-73.8929,40.8715]]]}},{"type":"Feature","properties":{"geoid":"36005040702","clusterId":"new-york-north"},"geometry":{"type":"Polygon","coordinates":[[[-73.891,40.8702],[-73.8859,40.8659],[-73.8836,40.8673],[-73.8879,40.8721],[-73.891,40.8702]]]}},{"type":"Feature","properties":{"geoid":"36005040800","clusterId":"new-york-north"},"geometry":{"type":"Polygon","coordinates":[[[-73.8639,40.8898],[-73.8646,40.8883],[-73.8605,40.8878],[-73.8589,40.8906],[-73.8627,40.8918],[-73.8639,40.8898]]]}},{"type":"Feature","properties":{"geoid":"36005040900","clusterId":"new-york-north"},"geometry":{"type":"Polygon","coordinates":[[[-73.9005,40.8749],[-73.8982,40.8731],[-73.8989,40.8697],[-73.8966,40.8686],[-73.8902,40.872],[-73.8857,40.8789],[-73.887,40.8828],[-73.8957,40.8824],[-73.9005,40.8749]]]}},{"type":"Feature","properties":{"geoid":"36005041100","clusterId":"new-york-north"},"geometry":{"type":"Polygon","coordinates":[[[-73.8894,40.8734],[-73.8874,40.8727],[-73.8853,40.8792],[-73.8894,40.8734]]]}},{"type":"Feature","properties":{"geoid":"36005041300","clusterId":"new-york-north"},"geometry":{"type":"Polygon","coordinates":[[[-73.8878,40.8722],[-73.8862,40.8708],[-73.883,40.8731],[-73.8848,40.8784],[-73.8878,40.8722]]]}},{"type":"Feature","properties":{"geoid":"36005041400","clusterId":"new-york-north"},"geometry":{"type":"Polygon","coordinates":[[[-73.8596,40.9022],[-73.8594,40.9004],[-73.8543,40.8985],[-73.8487,40.9068],[-73.8535,40.9075],[-73.8511,40.91],[-73.8529,40.9099],[-73.8549,40.9082],[-73.8541,40.9067],[-73.8576,40.9047],[-73.8572,40.9029],[-73.8596,40.9022]]]}},{"type":"Feature","properties":{"geoid":"36005041500","clusterId":"new-york-north"},"geometry":{"type":"Polygon","coordinates":[[[-73.8862,40.8708],[-73.8836,40.8673],[-73.8815,40.8686],[-73.883,40.8731],[-73.8862,40.8708]]]}},{"type":"Feature","properties":{"geoid":"36005041800","clusterId":"new-york-north"},"geometry":{"type":"Polygon","coordinates":[[[-73.8629,40.8952],[-73.857,40.8942],[-73.8543,40.8985],[-73.8593,40.9003],[-73.8629,40.8952]]]}},{"type":"Feature","properties":{"geoid":"36005041900","clusterId":"new-york-north"},"geometry":{"type":"Polygon","coordinates":[[[-73.8853,40.8792],[-73.8825,40.8721],[-73.8792,40.8737],[-73.8797,40.8775],[-73.878,40.8794],[-73.8835,40.8808],[-73.8853,40.8792]]]}},{"type":"Feature","properties":{"geoid":"36005042000","clusterId":"new-york-north"},"geometry":{"type":"Polygon","coordinates":[[[-73.8623,40.8926],[-73.8589,40.8906],[-73.857,40.8942],[-73.8607,40.8954],[-73.8623,40.8926]]]}},{"type":"Feature","properties":{"geoid":"36005042100","clusterId":"new-york-north"},"geometry":{"type":"Polygon","coordinates":[[[-73.887,40.8844],[-73.8857,40.8789],[-73.8835,40.8808],[-73.8771,40.8792],[-73.8768,40.8803],[-73.8812,40.8827],[-73.887,40.8844]]]}},{"type":"Feature","properties":{"geoid":"36005042200","clusterId":"new-york-north"},"geometry":{"type":"Polygon","coordinates":[[[-73.8585,40.8913],[-73.8532,40.8888],[-73.8518,40.8914],[-73.8574,40.8934],[-73.8585,40.8913]]]}},{"type":"Feature","properties":{"geoid":"36005042300","clusterId":"new-york-north"},"geometry":{"type":"Polygon","coordinates":[[[-73.8798,40.8771],[-73.8792,40.8737],[-73.8775,40.8741],[-73.8744,40.8791],[-73.8768,40.8803],[-73.8798,40.8771]]]}},{"type":"Feature","properties":{"geoid":"36005042400","clusterId":"new-york-north"},"geometry":{"type":"Polygon","coordinates":[[[-73.8528,40.8895],[-73.8474,40.887],[-73.8459,40.8897],[-73.8518,40.8916],[-73.8528,40.8895]]]}},{"type":"Feature","properties":{"geoid":"36005042500","clusterId":"new-york-north"},"geometry":{"type":"Polygon","coordinates":[[[-73.8836,40.8673],[-73.8799,40.8683],[-73.8744,40.8727],[-73.8786,40.8742],[-73.8825,40.8721],[-73.8815,40.8686],[-73.8836,40.8673]]]}},{"type":"Feature","properties":{"geoid":"36005042600","clusterId":"new-york-north"},"geometry":{"type":"Polygon","coordinates":[[[-73.8498,40.8915],[-73.8459,40.8897],[-73.847,40.8877],[-73.8355,40.8891],[-73.8384,40.8941],[-73.8498,40.8915]]]}},{"type":"Feature","properties":{"geoid":"36005042800","clusterId":"new-york-north"},"geometry":{"type":"Polygon","coordinates":[[[-73.8486,40.8959],[-73.8472,40.8921],[-73.8428,40.8931],[-73.8442,40.8969],[-73.8486,40.8959]]]}},{"type":"Feature","properties":{"geoid":"36005042901","clusterId":"new-york-north"},"geometry":{"type":"Polygon","coordinates":[[[-73.877,40.8748],[-73.8744,40.8727],[-73.8709,40.8785],[-73.8729,40.876],[-73.877,40.8748]]]}},{"type":"Feature","properties":{"geoid":"36005042902","clusterId":"new-york-north"},"geometry":{"type":"Polygon","coordinates":[[[-73.8759,40.8763],[-73.8747,40.875],[-73.8716,40.8786],[-73.8744,40.8791],[-73.8759,40.8763]]]}},{"type":"Feature","properties":{"geoid":"36005043000","clusterId":"new-york-north"},"geometry":{"type":"Polygon","coordinates":[[[-73.8541,40.8932],[-73.8507,40.8913],[-73.8472,40.8921],[-73.8486,40.8959],[-73.8531,40.8949],[-73.8541,40.8932]]]}},{"type":"Feature","properties":{"geoid":"36005043101","clusterId":"new-york-north"},"geometry":{"type":"Polygon","coordinates":[[[-73.8812,40.8827],[-73.8785,40.8811],[-73.8779,40.8872],[-73.8812,40.8827]]]}},{"type":"Feature","properties":{"geoid":"36005043102","clusterId":"new-york-north"},"geometry":{"type":"Polygon","coordinates":[[[-73.8781,40.8822],[-73.8785,40.8811],[-73.8744,40.8791],[-73.8709,40.8785],[-73.8702,40.8802],[-73.8749,40.8799],[-73.8747,40.8816],[-73.8781,40.8822]]]}},{"type":"Feature","properties":{"geoid":"36005043400","clusterId":"new-york-north"},"geometry":{"type":"Polygon","coordinates":[[[-73.857,40.8942],[-73.8545,40.8925],[-73.85,40.8996],[-73.847,40.9017],[-73.8504,40.9034],[-73.857,40.8942]]]}},{"type":"Feature","properties":{"geoid":"36005043501","clusterId":"new-york-north"},"geometry":{"type":"Polygon","coordinates":[[[-73.8709,40.8785],[-73.8688,40.8786],[-73.8614,40.8947],[-73.8636,40.8954],[-73.8709,40.8785]]]}},{"type":"Feature","properties":{"geoid":"36005043600","clusterId":"new-york-north"},"geometry":{"type":"Polygon","coordinates":[[[-73.8528,40.8956],[-73.8469,40.8963],[-73.8482,40.8998],[-73.85,40.8996],[-73.8528,40.8956]]]}},{"type":"Feature","properties":{"geoid":"36005044200","clusterId":"new-york-north"},"geometry":{"type":"Polygon","coordinates":[[[-73.8504,40.9034],[-73.8469,40.9015],[-73.841,40.9028],[-73.8414,40.9042],[-73.8449,40.9042],[-73.8449,40.9056],[-73.8487,40.9068],[-73.8504,40.9034]]]}},{"type":"Feature","properties":{"geoid":"36005044400","clusterId":"new-york-north"},"geometry":{"type":"Polygon","coordinates":[[[-73.8482,40.8998],[-73.8469,40.8963],[-73.8391,40.8991],[-73.841,40.9028],[-73.8469,40.9015],[-73.8482,40.8998]]]}},{"type":"Feature","properties":{"geoid":"36005044800","clusterId":"new-york-north"},"geometry":{"type":"Polygon","coordinates":[[[-73.8442,40.8969],[-73.8428,40.8931],[-73.8384,40.8941],[-73.8396,40.8979],[-73.8442,40.8969]]]}},{"type":"Feature","properties":{"geoid":"36005044901","clusterId":"new-york-north"},"geometry":{"type":"Polygon","coordinates":[[[-73.8764,40.8969],[-73.8771,40.8955],[-73.8705,40.8966],[-73.8711,40.8999],[-73.8764,40.8969]]]}},{"type":"Feature","properties":{"geoid":"36005044902","clusterId":"new-york-north"},"geometry":{"type":"Polygon","coordinates":[[[-73.8714,40.9],[-73.8705,40.8966],[-73.8669,40.8961],[-73.868,40.9026],[-73.8714,40.9]]]}},{"type":"Feature","properties":{"geoid":"36005045101","clusterId":"new-york-north"},"geometry":{"type":"Polygon","coordinates":[[[-73.8674,40.899],[-73.8669,40.8961],[-73.8629,40.8952],[-73.8611,40.8976],[-73.8613,40.9002],[-73.8619,40.8988],[-73.8674,40.899]]]}},{"type":"Feature","properties":{"geoid":"36005045102","clusterId":"new-york-north"},"geometry":{"type":"Polygon","coordinates":[[[-73.868,40.9026],[-73.8674,40.899],[-73.8619,40.8988],[-73.8613,40.9002],[-73.8611,40.8976],[-73.8593,40.9003],[-73.868,40.9026]]]}},{"type":"Feature","properties":{"geoid":"36005045600","clusterId":"new-york-north"},"geometry":{"type":"Polygon","coordinates":[[[-73.8373,40.8938],[-73.8355,40.8891],[-73.8238,40.8878],[-73.8198,40.8856],[-73.8131,40.8867],[-73.793,40.8834],[-73.8373,40.8938]]]}},{"type":"Feature","properties":{"geoid":"36005045800","clusterId":"new-york-north"},"geometry":{"type":"Polygon","coordinates":[[[-73.8488,40.8849],[-73.8461,40.8829],[-73.8412,40.8864],[-73.8419,40.8884],[-73.847,40.8877],[-73.8488,40.8849]]]}},{"type":"Feature","properties":{"geoid":"36005046000","clusterId":"new-york-north"},"geometry":{"type":"Polygon","coordinates":[[[-73.8466,40.8822],[-73.8432,40.8791],[-73.8387,40.8813],[-73.8412,40.8864],[-73.8466,40.8822]]]}},{"type":"Feature","properties":{"geoid":"36005046203","clusterId":"new-york-north"},"geometry":{"type":"Polygon","coordinates":[[[-73.8325,40.8802],[-73.8283,40.8785],[-73.8284,40.8767],[-73.8245,40.8756],[-73.8262,40.8696],[-73.8212,40.8686],[-73.8233,40.8731],[-73.8198,40.8856],[-73.8266,40.8846],[-73.8325,40.8802]]]}},{"type":"Feature","properties":{"geoid":"36005046204","clusterId":"new-york-north"},"geometry":{"type":"Polygon","coordinates":[[[-73.8283,40.871],[-73.8251,40.8711],[-73.8245,40.8756],[-73.8278,40.8741],[-73.8283,40.871]]]}},{"type":"Feature","properties":{"geoid":"36005046205","clusterId":"new-york-north"},"geometry":{"type":"Polygon","coordinates":[[[-73.8349,40.8755],[-73.8336,40.8702],[-73.8283,40.8609],[-73.8215,40.8684],[-73.8283,40.871],[-73.8282,40.8749],[-73.8349,40.8755]]]}},{"type":"Feature","properties":{"geoid":"36005046206","clusterId":"new-york-north"},"geometry":{"type":"Polygon","coordinates":[[[-73.8304,40.8757],[-73.8298,40.8743],[-73.8273,40.8743],[-73.8248,40.876],[-73.8304,40.8757]]]}},{"type":"Feature","properties":{"geoid":"36005046207","clusterId":"new-york-north"},"geometry":{"type":"Polygon","coordinates":[[[-73.8348,40.8761],[-73.8344,40.8749],[-73.8339,40.876],[-73.8301,40.8753],[-73.8281,40.8782],[-73.8325,40.8802],[-73.8348,40.8761]]]}},{"type":"Feature","properties":{"geoid":"36005046208","clusterId":"new-york-north"},"geometry":{"type":"Polygon","coordinates":[[[-73.8431,40.8792],[-73.8381,40.877],[-73.8392,40.8766],[-73.8383,40.873],[-73.8357,40.8675],[-73.8327,40.8685],[-73.8349,40.8744],[-73.834,40.8784],[-73.8375,40.8791],[-73.8387,40.8813],[-73.8431,40.8792]]]}},{"type":"Feature","properties":{"geoid":"36005046209","clusterId":"new-york-north"},"geometry":{"type":"Polygon","coordinates":[[[-73.8378,40.8816],[-73.8375,40.8791],[-73.8357,40.8797],[-73.8348,40.8781],[-73.8266,40.8846],[-73.8198,40.8856],[-73.8238,40.8878],[-73.8378,40.8816]]]}},{"type":"Feature","properties":{"geoid":"36005048401","clusterId":"new-york-north"},"geometry":{"type":"Polygon","coordinates":[[[-73.8404,40.8847],[-73.8387,40.8813],[-73.8245,40.8874],[-73.8347,40.8893],[-73.8364,40.8889],[-73.8359,40.8847],[-73.8404,40.8847]]]}},{"type":"Feature","properties":{"geoid":"36005051601","clusterId":"new-york-north"},"geometry":{"type":"Polygon","coordinates":[[[-73.8019,40.84],[-73.8088,40.8381],[-73.7745,40.8313],[-73.7665,40.8382],[-73.7847,40.8551],[-73.7833,40.8608],[-73.7901,40.8608],[-73.8019,40.84]]]}},{"type":"Feature","properties":{"geoid":"36047000100","clusterId":"new-york-central"},"geometry":{"type":"Polygon","coordinates":[[[-73.9975,40.6997],[-73.9914,40.697],[-73.9908,40.7004],[-73.9951,40.7031],[-73.9975,40.6997]]]}},{"type":"Feature","properties":{"geoid":"36047000200","clusterId":"new-york-south"},"geometry":{"type":"Polygon","coordinates":[[[-74.0146,40.6513],[-74.0126,40.6492],[-74.0062,40.6554],[-74.0088,40.657],[-74.0117,40.6541],[-74.0139,40.6555],[-74.015,40.6544],[-74.0128,40.653],[-74.0146,40.6513]]]}},{"type":"Feature","properties":{"geoid":"36047000301","clusterId":"new-york-central"},"geometry":{"type":"Polygon","coordinates":[[[-74.0007,40.6944],[-73.9967,40.6934],[-73.9943,40.6985],[-73.9975,40.6997],[-74.0007,40.6944]]]}},{"type":"Feature","properties":{"geoid":"36047000501","clusterId":"new-york-central"},"geometry":{"type":"Polygon","coordinates":[[[-73.9965,40.694],[-73.9951,40.6931],[-73.9927,40.6981],[-73.9943,40.6985],[-73.9965,40.694]]]}},{"type":"Feature","properties":{"geoid":"36047000502","clusterId":"new-york-central"},"geometry":{"type":"Polygon","coordinates":[[[-73.9948,40.6937],[-73.9931,40.6928],[-73.9921,40.6949],[-73.9907,40.6946],[-73.9914,40.697],[-73.993,40.6975],[-73.9948,40.6937]]]}},{"type":"Feature","properties":{"geoid":"36047000700","clusterId":"new-york-central"},"geometry":{"type":"Polygon","coordinates":[[[-74.0015,40.6928],[-73.9944,40.6902],[-73.9931,40.6928],[-74.0007,40.6944],[-74.0015,40.6928]]]}},{"type":"Feature","properties":{"geoid":"36047000900","clusterId":"new-york-central"},"geometry":{"type":"Polygon","coordinates":[[[-73.994,40.6909],[-73.9907,40.6891],[-73.9889,40.6921],[-73.991,40.6925],[-73.9907,40.6946],[-73.9921,40.6949],[-73.994,40.6909]]]}},{"type":"Feature","properties":{"geoid":"36047001100","clusterId":"new-york-central"},"geometry":{"type":"Polygon","coordinates":[[[-73.9907,40.693],[-73.9854,40.6907],[-73.9851,40.6949],[-73.9907,40.695],[-73.9907,40.693]]]}},{"type":"Feature","properties":{"geoid":"36047001300","clusterId":"new-york-central"},"geometry":{"type":"Polygon","coordinates":[[[-73.9914,40.6986],[-73.9907,40.695],[-73.9846,40.6959],[-73.985,40.6984],[-73.987,40.6985],[-73.9868,40.7006],[-73.9909,40.7008],[-73.9914,40.6986]]]}},{"type":"Feature","properties":{"geoid":"36047001501","clusterId":"new-york-central"},"geometry":{"type":"Polygon","coordinates":[[[-73.9851,40.6958],[-73.9825,40.6936],[-73.9792,40.6935],[-73.9805,40.6974],[-73.985,40.6984],[-73.9851,40.6958]]]}},{"type":"Feature","properties":{"geoid":"36047001502","clusterId":"new-york-central"},"geometry":{"type":"Polygon","coordinates":[[[-73.9853,40.6922],[-73.9854,40.6907],[-73.9814,40.6899],[-73.9825,40.6948],[-73.9851,40.6949],[-73.9853,40.6922]]]}},{"type":"Feature","properties":{"geoid":"36047001801","clusterId":"new-york-south"},"geometry":{"type":"Polygon","coordinates":[[[-74.0099,40.665],[-74.0043,40.6616],[-74.0053,40.6603],[-74.0027,40.6588],[-73.9948,40.6668],[-73.9986,40.6718],[-74.0015,40.6676],[-74.0099,40.665]]]}},{"type":"Feature","properties":{"geoid":"36047002000","clusterId":"new-york-south"},"geometry":{"type":"Polygon","coordinates":[[[-74.0187,40.6474],[-74.0167,40.6453],[-74.0126,40.6492],[-74.0152,40.6508],[-74.0187,40.6474]]]}},{"type":"Feature","properties":{"geoid":"36047002100","clusterId":"new-york-central"},"geometry":{"type":"Polygon","coordinates":[[[-73.9951,40.7031],[-73.9909,40.7008],[-73.9848,40.7006],[-73.9807,40.7013],[-73.9792,40.7058],[-73.9927,40.7055],[-73.9951,40.7031]]]}},{"type":"Feature","properties":{"geoid":"36047002200","clusterId":"new-york-south"},"geometry":{"type":"Polygon","coordinates":[[[-74.0267,40.6397],[-74.0248,40.6381],[-74.0167,40.6453],[-74.0215,40.6482],[-74.0238,40.6459],[-74.0216,40.6446],[-74.0267,40.6397]]]}},{"type":"Feature","properties":{"geoid":"36047002300","clusterId":"new-york-central"},"geometry":{"type":"Polygon","coordinates":[[[-73.9869,40.6987],[-73.9805,40.6974],[-73.9805,40.7009],[-73.9848,40.7014],[-73.9868,40.7006],[-73.9869,40.6987]]]}},{"type":"Feature","properties":{"geoid":"36047002901","clusterId":"new-york-central"},"geometry":{"type":"Polygon","coordinates":[[[-73.9804,40.6965],[-73.9792,40.6935],[-73.9758,40.6934],[-73.9764,40.6964],[-73.9804,40.6965]]]}},{"type":"Feature","properties":{"geoid":"36047003000","clusterId":"new-york-south"},"geometry":{"type":"Polygon","coordinates":[[[-74.0309,40.6383],[-74.0287,40.6365],[-74.0263,40.6401],[-74.0291,40.6413],[-74.0309,40.6383]]]}},{"type":"Feature","properties":{"geoid":"36047003101","clusterId":"new-york-central"},"geometry":{"type":"Polygon","coordinates":[[[-73.9825,40.6936],[-73.9814,40.6899],[-73.9771,40.6898],[-73.9778,40.6934],[-73.9825,40.6936]]]}},{"type":"Feature","properties":{"geoid":"36047003300","clusterId":"new-york-central"},"geometry":{"type":"Polygon","coordinates":[[[-73.9835,40.69],[-73.9794,40.6867],[-73.9746,40.6872],[-73.9751,40.6897],[-73.9835,40.69]]]}},{"type":"Feature","properties":{"geoid":"36047003400","clusterId":"new-york-south"},"geometry":{"type":"Polygon","coordinates":[[[-74.0557,40.6515],[-74.0562,40.6393],[-74.0323,40.6348],[-74.0289,40.6408],[-74.0532,40.6557],[-74.0557,40.6515]]]}},{"type":"Feature","properties":{"geoid":"36047003500","clusterId":"new-york-central"},"geometry":{"type":"Polygon","coordinates":[[[-73.9794,40.6867],[-73.9775,40.6841],[-73.9738,40.6831],[-73.9746,40.6872],[-73.9794,40.6867]]]}},{"type":"Feature","properties":{"geoid":"36047003600","clusterId":"new-york-south"},"geometry":{"type":"Polygon","coordinates":[[[-74.0329,40.6334],[-74.0305,40.6321],[-74.0287,40.6365],[-74.0313,40.6374],[-74.0329,40.6334]]]}},{"type":"Feature","properties":{"geoid":"36047003700","clusterId":"new-york-central"},"geometry":{"type":"Polygon","coordinates":[[[-73.9893,40.691],[-73.9794,40.6867],[-73.9809,40.6889],[-73.9889,40.6921],[-73.9893,40.691]]]}},{"type":"Feature","properties":{"geoid":"36047003800","clusterId":"new-york-south"},"geometry":{"type":"Polygon","coordinates":[[[-74.0562,40.6382],[-74.0332,40.6327],[-74.0323,40.6348],[-74.0562,40.6393],[-74.0562,40.6382]]]}},{"type":"Feature","properties":{"geoid":"36047003900","clusterId":"new-york-central"},"geometry":{"type":"Polygon","coordinates":[[[-73.9835,40.6848],[-73.9796,40.6825],[-73.978,40.6849],[-73.9818,40.6873],[-73.9835,40.6848]]]}},{"type":"Feature","properties":{"geoid":"36047004100","clusterId":"new-york-central"},"geometry":{"type":"Polygon","coordinates":[[[-73.9879,40.6865],[-73.984,40.6842],[-73.9818,40.6873],[-73.9862,40.689],[-73.9879,40.6865]]]}},{"type":"Feature","properties":{"geoid":"36047004300","clusterId":"new-york-central"},"geometry":{"type":"Polygon","coordinates":[[[-73.993,40.6884],[-73.9883,40.6859],[-73.9862,40.689],[-73.9897,40.6903],[-73.993,40.6884]]]}},{"type":"Feature","properties":{"geoid":"36047004400","clusterId":"new-york-south"},"geometry":{"type":"Polygon","coordinates":[[[-74.0563,40.6374],[-74.0565,40.6317],[-74.0323,40.6277],[-74.0305,40.6321],[-74.0563,40.6374]]]}},{"type":"Feature","properties":{"geoid":"36047004500","clusterId":"new-york-west"},"geometry":{"type":"Polygon","coordinates":[[[-73.9981,40.6868],[-73.9944,40.6855],[-73.9924,40.6897],[-73.9962,40.6908],[-73.9981,40.6868]]]}},{"type":"Feature","properties":{"geoid":"36047004600","clusterId":"new-york-south"},"geometry":{"type":"Polygon","coordinates":[[[-74.0565,40.6317],[-74.0566,40.6273],[-74.0364,40.6247],[-74.0358,40.6263],[-74.0331,40.6256],[-74.0326,40.627],[-74.0269,40.6265],[-74.0565,40.6317]]]}},{"type":"Feature","properties":{"geoid":"36047004700","clusterId":"new-york-west"},"geometry":{"type":"Polygon","coordinates":[[[-74.0084,40.686],[-74.0006,40.6852],[-73.9978,40.6912],[-74.0017,40.6924],[-74.001,40.6901],[-74.003,40.6904],[-74.0059,40.6862],[-74.0084,40.686]]]}},{"type":"Feature","properties":{"geoid":"36047004900","clusterId":"new-york-west"},"geometry":{"type":"Polygon","coordinates":[[[-74.0006,40.6852],[-73.9991,40.6848],[-73.9962,40.6908],[-73.9978,40.6912],[-74.0006,40.6852]]]}},{"type":"Feature","properties":{"geoid":"36047005000","clusterId":"new-york-south"},"geometry":{"type":"Polygon","coordinates":[[[-74.0566,40.6273],[-74.0535,40.6221],[-74.04,40.6233],[-74.0346,40.622],[-74.0331,40.6256],[-74.0358,40.6263],[-74.0364,40.6247],[-74.0566,40.6273]]]}},{"type":"Feature","properties":{"geoid":"36047005100","clusterId":"new-york-west"},"geometry":{"type":"Polygon","coordinates":[[[-74.006,40.6834],[-74.0033,40.6796],[-74.0006,40.6852],[-74.0045,40.6863],[-74.006,40.6834]]]}},{"type":"Feature","properties":{"geoid":"36047005201","clusterId":"new-york-south"},"geometry":{"type":"Polygon","coordinates":[[[-74.0535,40.6221],[-74.0525,40.6203],[-74.0354,40.62],[-74.0346,40.622],[-74.04,40.6233],[-74.0535,40.6221]]]}},{"type":"Feature","properties":{"geoid":"36047005202","clusterId":"new-york-south"},"geometry":{"type":"Polygon","coordinates":[[[-74.0525,40.6203],[-74.0491,40.6148],[-74.036,40.6186],[-74.0354,40.62],[-74.0525,40.6203]]]}},{"type":"Feature","properties":{"geoid":"36047005301","clusterId":"new-york-west"},"geometry":{"type":"Polygon","coordinates":[[[-74.0428,40.673],[-74.0189,40.6716],[-74.0141,40.6697],[-74.0113,40.6713],[-74.0096,40.6751],[-74.0114,40.6763],[-74.0095,40.6779],[-74.0139,40.6808],[-74.0163,40.6787],[-74.0354,40.6851],[-74.0428,40.673]]]}},{"type":"Feature","properties":{"geoid":"36047005302","clusterId":"new-york-west"},"geometry":{"type":"Polygon","coordinates":[[[-74.0496,40.6616],[-74.0178,40.6625],[-74.0015,40.6676],[-73.9986,40.6718],[-74.0012,40.6759],[-74.0026,40.6732],[-74.0096,40.6751],[-74.0119,40.6704],[-74.0141,40.6697],[-74.0189,40.6716],[-74.0428,40.673],[-74.0496,40.6616]]]}},{"type":"Feature","properties":{"geoid":"36047005303","clusterId":"new-york-west"},"geometry":{"type":"Polygon","coordinates":[[[-74.019,40.6799],[-74.0163,40.6787],[-74.0139,40.6808],[-74.0117,40.6794],[-74.0049,40.6857],[-74.0084,40.686],[-74.019,40.6799]]]}},{"type":"Feature","properties":{"geoid":"36047005400","clusterId":"new-york-south"},"geometry":{"type":"Polygon","coordinates":[[[-74.0491,40.6148],[-74.0481,40.6133],[-74.0359,40.6171],[-74.0315,40.6153],[-74.0305,40.6165],[-74.037,40.6188],[-74.0491,40.6148]]]}},{"type":"Feature","properties":{"geoid":"36047005601","clusterId":"new-york-south"},"geometry":{"type":"Polygon","coordinates":[[[-74.0481,40.6133],[-74.0465,40.6107],[-74.0315,40.6153],[-74.0359,40.6171],[-74.0481,40.6133]]]}},{"type":"Feature","properties":{"geoid":"36047005602","clusterId":"new-york-south"},"geometry":{"type":"Polygon","coordinates":[[[-74.0465,40.6107],[-74.0437,40.6067],[-74.0357,40.6094],[-74.0326,40.614],[-74.0345,40.6149],[-74.0465,40.6107]]]}},{"type":"Feature","properties":{"geoid":"36047005800","clusterId":"new-york-south"},"geometry":{"type":"Polygon","coordinates":[[[-74.0357,40.6193],[-74.0305,40.6165],[-74.0282,40.6192],[-74.0349,40.6213],[-74.0357,40.6193]]]}},{"type":"Feature","properties":{"geoid":"36047005900","clusterId":"new-york-west"},"geometry":{"type":"Polygon","coordinates":[[[-74.0117,40.6794],[-74.0007,40.6756],[-74.0058,40.6837],[-74.0117,40.6794]]]}},{"type":"Feature","properties":{"geoid":"36047006000","clusterId":"new-york-south"},"geometry":{"type":"Polygon","coordinates":[[[-74.0346,40.622],[-74.0296,40.6198],[-74.0284,40.6228],[-74.0337,40.6241],[-74.0346,40.622]]]}},{"type":"Feature","properties":{"geoid":"36047006200","clusterId":"new-york-south"},"geometry":{"type":"Polygon","coordinates":[[[-74.0334,40.625],[-74.0284,40.6228],[-74.0272,40.6257],[-74.0326,40.627],[-74.0334,40.625]]]}},{"type":"Feature","properties":{"geoid":"36047006300","clusterId":"new-york-west"},"geometry":{"type":"Polygon","coordinates":[[[-74.0034,40.6797],[-74.0023,40.6782],[-73.9991,40.6848],[-74.0006,40.6852],[-74.0034,40.6797]]]}},{"type":"Feature","properties":{"geoid":"36047006400","clusterId":"new-york-south"},"geometry":{"type":"Polygon","coordinates":[[[-74.032,40.6285],[-74.0269,40.6265],[-74.0254,40.6301],[-74.0308,40.6314],[-74.032,40.6285]]]}},{"type":"Feature","properties":{"geoid":"36047006500","clusterId":"new-york-south"},"geometry":{"type":"Polygon","coordinates":[[[-74.0023,40.6782],[-73.9999,40.674],[-73.9962,40.6817],[-74,40.6828],[-74.0023,40.6782]]]}},{"type":"Feature","properties":{"geoid":"36047006600","clusterId":"new-york-south"},"geometry":{"type":"Polygon","coordinates":[[[-74.0305,40.6321],[-74.0254,40.6301],[-74.0242,40.6329],[-74.0296,40.6342],[-74.0305,40.6321]]]}},{"type":"Feature","properties":{"geoid":"36047006700","clusterId":"new-york-west"},"geometry":{"type":"Polygon","coordinates":[[[-73.9997,40.6835],[-73.9962,40.6817],[-73.9944,40.6855],[-73.9982,40.6867],[-73.9997,40.6835]]]}},{"type":"Feature","properties":{"geoid":"36047006800","clusterId":"new-york-south"},"geometry":{"type":"Polygon","coordinates":[[[-74.0294,40.6348],[-74.0242,40.6329],[-74.0229,40.6361],[-74.0283,40.6375],[-74.0294,40.6348]]]}},{"type":"Feature","properties":{"geoid":"36047006901","clusterId":"new-york-central"},"geometry":{"type":"Polygon","coordinates":[[[-73.9938,40.6868],[-73.9891,40.6846],[-73.9883,40.6859],[-73.9933,40.6878],[-73.9938,40.6868]]]}},{"type":"Feature","properties":{"geoid":"36047006902","clusterId":"new-york-south"},"geometry":{"type":"Polygon","coordinates":[[[-73.9946,40.6851],[-73.9904,40.6827],[-73.9891,40.6846],[-73.9939,40.6865],[-73.9946,40.6851]]]}},{"type":"Feature","properties":{"geoid":"36047007000","clusterId":"new-york-south"},"geometry":{"type":"Polygon","coordinates":[[[-74.028,40.6381],[-74.0229,40.6361],[-74.0211,40.6383],[-74.0212,40.6414],[-74.0248,40.6381],[-74.0269,40.6395],[-74.028,40.6381]]]}},{"type":"Feature","properties":{"geoid":"36047007100","clusterId":"new-york-south"},"geometry":{"type":"Polygon","coordinates":[[[-73.99,40.6833],[-73.9865,40.6804],[-73.984,40.6842],[-73.9883,40.6859],[-73.99,40.6833]]]}},{"type":"Feature","properties":{"geoid":"36047007200","clusterId":"new-york-south"},"geometry":{"type":"Polygon","coordinates":[[[-74.0218,40.6404],[-74.0211,40.6383],[-74.0184,40.6408],[-74.0202,40.642],[-74.0218,40.6404]]]}},{"type":"Feature","properties":{"geoid":"36047007400","clusterId":"new-york-south"},"geometry":{"type":"Polygon","coordinates":[[[-74.0202,40.642],[-74.0162,40.6395],[-74.0138,40.6417],[-74.0179,40.6442],[-74.0202,40.642]]]}},{"type":"Feature","properties":{"geoid":"36047007500","clusterId":"new-york-south"},"geometry":{"type":"Polygon","coordinates":[[[-73.9962,40.6817],[-73.9894,40.6783],[-73.9873,40.6815],[-73.9949,40.6844],[-73.9962,40.6817]]]}},{"type":"Feature","properties":{"geoid":"36047007600","clusterId":"new-york-south"},"geometry":{"type":"Polygon","coordinates":[[[-74.0179,40.6442],[-74.0138,40.6417],[-74.0115,40.644],[-74.0155,40.6464],[-74.0179,40.6442]]]}},{"type":"Feature","properties":{"geoid":"36047007700","clusterId":"new-york-south"},"geometry":{"type":"Polygon","coordinates":[[[-73.9999,40.674],[-73.9986,40.6718],[-73.9953,40.6758],[-73.9908,40.6758],[-73.9894,40.6783],[-73.9965,40.6811],[-73.9999,40.674]]]}},{"type":"Feature","properties":{"geoid":"36047007800","clusterId":"new-york-south"},"geometry":{"type":"Polygon","coordinates":[[[-74.0149,40.647],[-74.0115,40.644],[-74.0092,40.6462],[-74.0132,40.6487],[-74.0149,40.647]]]}},{"type":"Feature","properties":{"geoid":"36047008000","clusterId":"new-york-south"},"geometry":{"type":"Polygon","coordinates":[[[-74.0126,40.6492],[-74.0092,40.6462],[-74.0068,40.6485],[-74.0109,40.6509],[-74.0126,40.6492]]]}},{"type":"Feature","properties":{"geoid":"36047008200","clusterId":"new-york-south"},"geometry":{"type":"Polygon","coordinates":[[[-74.0106,40.6512],[-74.0068,40.6485],[-74.0045,40.6507],[-74.0085,40.6532],[-74.0106,40.6512]]]}},{"type":"Feature","properties":{"geoid":"36047008400","clusterId":"new-york-south"},"geometry":{"type":"Polygon","coordinates":[[[-74.008,40.6537],[-74.0045,40.6507],[-74.0004,40.6546],[-74.0045,40.6571],[-74.008,40.6537]]]}},{"type":"Feature","properties":{"geoid":"36047008500","clusterId":"new-york-west"},"geometry":{"type":"Polygon","coordinates":[[[-74.0108,40.6768],[-74.0096,40.6751],[-74.0026,40.6732],[-74.0014,40.6758],[-74.0051,40.6761],[-74.0083,40.679],[-74.0108,40.6768]]]}},{"type":"Feature","properties":{"geoid":"36047008800","clusterId":"new-york-south"},"geometry":{"type":"Polygon","coordinates":[[[-74.0045,40.6507],[-74.0007,40.6475],[-73.9978,40.6503],[-74.0021,40.653],[-74.0045,40.6507]]]}},{"type":"Feature","properties":{"geoid":"36047009001","clusterId":"new-york-south"},"geometry":{"type":"Polygon","coordinates":[[[-74.0001,40.648],[-73.9985,40.6462],[-73.9961,40.6483],[-73.9983,40.6497],[-74.0001,40.648]]]}},{"type":"Feature","properties":{"geoid":"36047009002","clusterId":"new-york-south"},"geometry":{"type":"Polygon","coordinates":[[[-73.9979,40.6467],[-73.9963,40.6448],[-73.994,40.6471],[-73.9961,40.6483],[-73.9979,40.6467]]]}},{"type":"Feature","properties":{"geoid":"36047009201","clusterId":"new-york-south"},"geometry":{"type":"Polygon","coordinates":[[[-74.0022,40.646],[-74.0002,40.6445],[-73.9985,40.6462],[-74.0007,40.6475],[-74.0022,40.646]]]}},{"type":"Feature","properties":{"geoid":"36047009202","clusterId":"new-york-south"},"geometry":{"type":"Polygon","coordinates":[[[-74.0002,40.6445],[-73.998,40.6431],[-73.9963,40.6448],[-73.9985,40.6462],[-74.0002,40.6445]]]}},{"type":"Feature","properties":{"geoid":"36047009401","clusterId":"new-york-south"},"geometry":{"type":"Polygon","coordinates":[[[-74.0042,40.6441],[-74.0025,40.6422],[-74.0002,40.6445],[-74.0024,40.6458],[-74.0042,40.6441]]]}},{"type":"Feature","properties":{"geoid":"36047009402","clusterId":"new-york-south"},"geometry":{"type":"Polygon","coordinates":[[[-74.002,40.6428],[-74.0003,40.6409],[-73.998,40.6431],[-74.0002,40.6445],[-74.002,40.6428]]]}},{"type":"Feature","properties":{"geoid":"36047009600","clusterId":"new-york-south"},"geometry":{"type":"Polygon","coordinates":[[[-74.0086,40.6468],[-74.0047,40.6436],[-74.0024,40.6458],[-74.0068,40.6485],[-74.0086,40.6468]]]}},{"type":"Feature","properties":{"geoid":"36047009800","clusterId":"new-york-south"},"geometry":{"type":"Polygon","coordinates":[[[-74.0109,40.6445],[-74.0071,40.6413],[-74.0047,40.6436],[-74.0092,40.6462],[-74.0109,40.6445]]]}},{"type":"Feature","properties":{"geoid":"36047010000","clusterId":"new-york-south"},"geometry":{"type":"Polygon","coordinates":[[[-74.0132,40.6423],[-74.0094,40.6391],[-74.0071,40.6413],[-74.0115,40.644],[-74.0132,40.6423]]]}},{"type":"Feature","properties":{"geoid":"36047010100","clusterId":"new-york-south"},"geometry":{"type":"Polygon","coordinates":[[[-74.0039,40.6576],[-74.0004,40.6546],[-73.9952,40.6597],[-73.9993,40.6622],[-74.0039,40.6576]]]}},{"type":"Feature","properties":{"geoid":"36047010200","clusterId":"new-york-south"},"geometry":{"type":"Polygon","coordinates":[[[-74.0156,40.6401],[-74.0118,40.6368],[-74.0094,40.6391],[-74.0138,40.6417],[-74.0156,40.6401]]]}},{"type":"Feature","properties":{"geoid":"36047010401","clusterId":"new-york-south"},"geometry":{"type":"Polygon","coordinates":[[[-74.0112,40.6374],[-74.0096,40.6355],[-74.0072,40.6378],[-74.0094,40.6391],[-74.0112,40.6374]]]}},{"type":"Feature","properties":{"geoid":"36047010402","clusterId":"new-york-south"},"geometry":{"type":"Polygon","coordinates":[[[-74.009,40.6361],[-74.0074,40.6342],[-74.005,40.6364],[-74.0072,40.6378],[-74.009,40.6361]]]}},{"type":"Feature","properties":{"geoid":"36047010601","clusterId":"new-york-south"},"geometry":{"type":"Polygon","coordinates":[[[-74.0088,40.6396],[-74.0072,40.6378],[-74.0049,40.64],[-74.0071,40.6413],[-74.0088,40.6396]]]}},{"type":"Feature","properties":{"geoid":"36047010602","clusterId":"new-york-south"},"geometry":{"type":"Polygon","coordinates":[[[-74.0066,40.6383],[-74.005,40.6364],[-74.0027,40.6387],[-74.0049,40.64],[-74.0066,40.6383]]]}},{"type":"Feature","properties":{"geoid":"36047010801","clusterId":"new-york-south"},"geometry":{"type":"Polygon","coordinates":[[[-74.0065,40.6419],[-74.0049,40.64],[-74.0025,40.6422],[-74.0047,40.6436],[-74.0065,40.6419]]]}},{"type":"Feature","properties":{"geoid":"36047010802","clusterId":"new-york-south"},"geometry":{"type":"Polygon","coordinates":[[[-74.0043,40.6406],[-74.0027,40.6387],[-74.0003,40.6409],[-74.0025,40.6422],[-74.0043,40.6406]]]}},{"type":"Feature","properties":{"geoid":"36047011000","clusterId":"new-york-south"},"geometry":{"type":"Polygon","coordinates":[[[-73.9957,40.6454],[-73.9919,40.6422],[-73.9891,40.6441],[-73.994,40.6471],[-73.9957,40.6454]]]}},{"type":"Feature","properties":{"geoid":"36047011200","clusterId":"new-york-south"},"geometry":{"type":"Polygon","coordinates":[[[-73.9986,40.6426],[-73.9955,40.6398],[-73.9919,40.6422],[-73.9963,40.6448],[-73.9986,40.6426]]]}},{"type":"Feature","properties":{"geoid":"36047011400","clusterId":"new-york-south"},"geometry":{"type":"Polygon","coordinates":[[[-74.0021,40.6392],[-73.9998,40.6369],[-73.9955,40.6398],[-73.9992,40.642],[-74.0021,40.6392]]]}},{"type":"Feature","properties":{"geoid":"36047011600","clusterId":"new-york-south"},"geometry":{"type":"Polygon","coordinates":[[[-74.0068,40.6347],[-74.0056,40.6331],[-73.9998,40.6369],[-74.0027,40.6387],[-74.0068,40.6347]]]}},{"type":"Feature","properties":{"geoid":"36047011700","clusterId":"new-york-south"},"geometry":{"type":"Polygon","coordinates":[[[-73.9964,40.669],[-73.9928,40.6655],[-73.9897,40.6691],[-73.9944,40.6714],[-73.9964,40.669]]]}},{"type":"Feature","properties":{"geoid":"36047011800","clusterId":"new-york-south"},"geometry":{"type":"Polygon","coordinates":[[[-74.0161,40.6361],[-74.0119,40.6332],[-74.0107,40.6344],[-74.007,40.6321],[-74.0056,40.6331],[-74.014,40.6382],[-74.0161,40.6361]]]}},{"type":"Feature","properties":{"geoid":"36047011901","clusterId":"new-york-south"},"geometry":{"type":"Polygon","coordinates":[[[-73.9921,40.6741],[-73.9877,40.6716],[-73.9818,40.6793],[-73.9877,40.6808],[-73.9921,40.6741]]]}},{"type":"Feature","properties":{"geoid":"36047012000","clusterId":"new-york-south"},"geometry":{"type":"Polygon","coordinates":[[[-74.0167,40.6355],[-74.0159,40.6334],[-74.01,40.6301],[-74.007,40.6321],[-74.0167,40.6355]]]}},{"type":"Feature","properties":{"geoid":"36047012100","clusterId":"new-york-south"},"geometry":{"type":"Polygon","coordinates":[[[-73.9939,40.672],[-73.9897,40.6691],[-73.9877,40.6716],[-73.9924,40.6738],[-73.9939,40.672]]]}},{"type":"Feature","properties":{"geoid":"36047012200","clusterId":"new-york-south"},"geometry":{"type":"Polygon","coordinates":[[[-74.021,40.6383],[-74.0168,40.6354],[-74.014,40.6382],[-74.0184,40.6408],[-74.021,40.6383]]]}},{"type":"Feature","properties":{"geoid":"36047012600","clusterId":"new-york-south"},"geometry":{"type":"Polygon","coordinates":[[[-74.0229,40.6361],[-74.016,40.631],[-74.0151,40.6332],[-74.0172,40.6357],[-74.0211,40.6383],[-74.0229,40.6361]]]}},{"type":"Feature","properties":{"geoid":"36047012700","clusterId":"new-york-central"},"geometry":{"type":"Polygon","coordinates":[[[-73.9857,40.6816],[-73.9818,40.6793],[-73.9796,40.6825],[-73.984,40.6842],[-73.9857,40.6816]]]}},{"type":"Feature","properties":{"geoid":"36047012801","clusterId":"new-york-south"},"geometry":{"type":"Polygon","coordinates":[[[-74.0157,40.6318],[-74.0121,40.6287],[-74.01,40.6301],[-74.0151,40.6332],[-74.0157,40.6318]]]}},{"type":"Feature","properties":{"geoid":"36047012901","clusterId":"new-york-central"},"geometry":{"type":"Polygon","coordinates":[[[-73.9809,40.6806],[-73.9787,40.679],[-73.9763,40.6825],[-73.978,40.6849],[-73.9809,40.6806]]]}},{"type":"Feature","properties":{"geoid":"36047012902","clusterId":"new-york-central"},"geometry":{"type":"Polygon","coordinates":[[[-73.9783,40.6796],[-73.9762,40.6781],[-73.9738,40.6831],[-73.9775,40.6841],[-73.9763,40.6825],[-73.9783,40.6796]]]}},{"type":"Feature","properties":{"geoid":"36047013000","clusterId":"new-york-south"},"geometry":{"type":"Polygon","coordinates":[[[-74.0242,40.6329],[-74.0195,40.6299],[-74.0182,40.633],[-74.0232,40.6353],[-74.0242,40.6329]]]}},{"type":"Feature","properties":{"geoid":"36047013100","clusterId":"new-york-south"},"geometry":{"type":"Polygon","coordinates":[[[-73.983,40.6774],[-73.978,40.6754],[-73.9762,40.6781],[-73.9813,40.68],[-73.983,40.6774]]]}},{"type":"Feature","properties":{"geoid":"36047013200","clusterId":"new-york-south"},"geometry":{"type":"Polygon","coordinates":[[[-74.0189,40.6243],[-74.0121,40.6287],[-74.016,40.631],[-74.0189,40.6243]]]}},{"type":"Feature","properties":{"geoid":"36047013300","clusterId":"new-york-south"},"geometry":{"type":"Polygon","coordinates":[[[-73.9842,40.6758],[-73.9799,40.6729],[-73.978,40.6754],[-73.983,40.6774],[-73.9842,40.6758]]]}},{"type":"Feature","properties":{"geoid":"36047013400","clusterId":"new-york-south"},"geometry":{"type":"Polygon","coordinates":[[[-74.0251,40.6308],[-74.019,40.6263],[-74.016,40.631],[-74.0185,40.6323],[-74.0195,40.6299],[-74.0245,40.6322],[-74.0251,40.6308]]]}},{"type":"Feature","properties":{"geoid":"36047013500","clusterId":"new-york-south"},"geometry":{"type":"Polygon","coordinates":[[[-73.9862,40.6734],[-73.9819,40.6704],[-73.9799,40.6729],[-73.9847,40.6752],[-73.9862,40.6734]]]}},{"type":"Feature","properties":{"geoid":"36047013600","clusterId":"new-york-south"},"geometry":{"type":"Polygon","coordinates":[[[-74.0263,40.6279],[-74.0218,40.6244],[-74.0212,40.6258],[-74.0189,40.6243],[-74.0178,40.6266],[-74.0254,40.6301],[-74.0263,40.6279]]]}},{"type":"Feature","properties":{"geoid":"36047013700","clusterId":"new-york-south"},"geometry":{"type":"Polygon","coordinates":[[[-73.9882,40.671],[-73.9839,40.668],[-73.9819,40.6704],[-73.9867,40.6728],[-73.9882,40.671]]]}},{"type":"Feature","properties":{"geoid":"36047013800","clusterId":"new-york-south"},"geometry":{"type":"Polygon","coordinates":[[[-74.028,40.6236],[-74.0262,40.6215],[-74.0248,40.6243],[-74.0224,40.6229],[-74.0218,40.6244],[-74.0266,40.6272],[-74.028,40.6236]]]}},{"type":"Feature","properties":{"geoid":"36047013900","clusterId":"new-york-south"},"geometry":{"type":"Polygon","coordinates":[[[-73.9902,40.6685],[-73.9859,40.6656],[-73.9839,40.668],[-73.9887,40.6703],[-73.9902,40.6685]]]}},{"type":"Feature","properties":{"geoid":"36047014000","clusterId":"new-york-south"},"geometry":{"type":"Polygon","coordinates":[[[-74.0229,40.6195],[-74.0205,40.6181],[-74.0164,40.622],[-74.0191,40.6236],[-74.0229,40.6195]]]}},{"type":"Feature","properties":{"geoid":"36047014101","clusterId":"new-york-south"},"geometry":{"type":"Polygon","coordinates":[[[-73.9912,40.6673],[-73.987,40.6644],[-73.9859,40.6656],[-73.9912,40.6673]]]}},{"type":"Feature","properties":{"geoid":"36047014102","clusterId":"new-york-south"},"geometry":{"type":"Polygon","coordinates":[[[-73.9922,40.6661],[-73.9883,40.6628],[-73.987,40.6644],[-73.9922,40.6661]]]}},{"type":"Feature","properties":{"geoid":"36047014200","clusterId":"new-york-south"},"geometry":{"type":"Polygon","coordinates":[[[-74.0257,40.6221],[-74.0229,40.6195],[-74.0189,40.6243],[-74.0212,40.6258],[-74.0224,40.6229],[-74.0248,40.6243],[-74.0257,40.6221]]]}},{"type":"Feature","properties":{"geoid":"36047014300","clusterId":"new-york-south"},"geometry":{"type":"Polygon","coordinates":[[[-73.9964,40.665],[-73.9906,40.6606],[-73.9883,40.6628],[-73.9948,40.6668],[-73.9964,40.665]]]}},{"type":"Feature","properties":{"geoid":"36047014500","clusterId":"new-york-south"},"geometry":{"type":"Polygon","coordinates":[[[-73.9987,40.6627],[-73.993,40.6583],[-73.9906,40.6606],[-73.997,40.6644],[-73.9987,40.6627]]]}},{"type":"Feature","properties":{"geoid":"36047014700","clusterId":"new-york-south"},"geometry":{"type":"Polygon","coordinates":[[[-73.9918,40.6595],[-73.9902,40.6576],[-73.9873,40.6604],[-73.9888,40.6624],[-73.9918,40.6595]]]}},{"type":"Feature","properties":{"geoid":"36047014800","clusterId":"new-york-south"},"geometry":{"type":"Polygon","coordinates":[[[-74.0155,40.616],[-74.0139,40.6141],[-74.0098,40.618],[-74.012,40.6194],[-74.0155,40.616]]]}},{"type":"Feature","properties":{"geoid":"36047014901","clusterId":"new-york-south"},"geometry":{"type":"Polygon","coordinates":[[[-73.9864,40.665],[-73.9822,40.6621],[-73.9812,40.6633],[-73.9864,40.665]]]}},{"type":"Feature","properties":{"geoid":"36047014902","clusterId":"new-york-south"},"geometry":{"type":"Polygon","coordinates":[[[-73.9883,40.6628],[-73.9851,40.659],[-73.9822,40.6621],[-73.987,40.6644],[-73.9883,40.6628]]]}},{"type":"Feature","properties":{"geoid":"36047015000","clusterId":"new-york-south"},"geometry":{"type":"Polygon","coordinates":[[[-74.0133,40.6147],[-74.0117,40.6127],[-74.0076,40.6167],[-74.0098,40.618],[-74.0133,40.6147]]]}},{"type":"Feature","properties":{"geoid":"36047015100","clusterId":"new-york-south"},"geometry":{"type":"Polygon","coordinates":[[[-73.9854,40.6662],[-73.9812,40.6633],[-73.9792,40.6657],[-73.9839,40.668],[-73.9854,40.6662]]]}},{"type":"Feature","properties":{"geoid":"36047015200","clusterId":"new-york-south"},"geometry":{"type":"Polygon","coordinates":[[[-74.0274,40.6132],[-74.0271,40.6102],[-74.0248,40.6097],[-74.0212,40.6185],[-74.0229,40.6195],[-74.0274,40.6132]]]}},{"type":"Feature","properties":{"geoid":"36047015300","clusterId":"new-york-south"},"geometry":{"type":"Polygon","coordinates":[[[-73.9834,40.6686],[-73.9792,40.6657],[-73.9772,40.6682],[-73.9819,40.6704],[-73.9834,40.6686]]]}},{"type":"Feature","properties":{"geoid":"36047015500","clusterId":"new-york-south"},"geometry":{"type":"Polygon","coordinates":[[[-73.9814,40.6711],[-73.9772,40.6682],[-73.9752,40.6706],[-73.9799,40.6729],[-73.9814,40.6711]]]}},{"type":"Feature","properties":{"geoid":"36047015700","clusterId":"new-york-south"},"geometry":{"type":"Polygon","coordinates":[[[-73.9794,40.6735],[-73.9752,40.6706],[-73.973,40.6735],[-73.978,40.6754],[-73.9794,40.6735]]]}},{"type":"Feature","properties":{"geoid":"36047015900","clusterId":"new-york-south"},"geometry":{"type":"Polygon","coordinates":[[[-73.9779,40.6756],[-73.971,40.6727],[-73.9688,40.6733],[-73.9695,40.6759],[-73.9762,40.6781],[-73.9779,40.6756]]]}},{"type":"Feature","properties":{"geoid":"36047016000","clusterId":"new-york-south"},"geometry":{"type":"Polygon","coordinates":[[[-74.0305,40.6165],[-74.0257,40.616],[-74.0229,40.6195],[-74.0284,40.6228],[-74.0296,40.6198],[-74.0282,40.6192],[-74.0305,40.6165]]]}},{"type":"Feature","properties":{"geoid":"36047016100","clusterId":"new-york-central"},"geometry":{"type":"Polygon","coordinates":[[[-73.9757,40.6787],[-73.9719,40.6764],[-73.9706,40.6824],[-73.9738,40.6831],[-73.9757,40.6787]]]}},{"type":"Feature","properties":{"geoid":"36047016200","clusterId":"new-york-south"},"geometry":{"type":"Polygon","coordinates":[[[-74.0361,40.61],[-74.0315,40.6111],[-74.0263,40.6163],[-74.0305,40.6165],[-74.0361,40.61]]]}},{"type":"Feature","properties":{"geoid":"36047016300","clusterId":"new-york-central"},"geometry":{"type":"Polygon","coordinates":[[[-73.9723,40.6774],[-73.9695,40.6759],[-73.9675,40.6818],[-73.9706,40.6824],[-73.9723,40.6774]]]}},{"type":"Feature","properties":{"geoid":"36047016400","clusterId":"new-york-south"},"geometry":{"type":"Polygon","coordinates":[[[-74.0415,40.6075],[-74.0435,40.6068],[-74.0218,40.6006],[-74.0187,40.6036],[-74.0213,40.6044],[-74.0215,40.6078],[-74.0271,40.6102],[-74.0263,40.6163],[-74.0319,40.6108],[-74.0415,40.6075]]]}},{"type":"Feature","properties":{"geoid":"36047016500","clusterId":"new-york-south"},"geometry":{"type":"Polygon","coordinates":[[[-73.9772,40.6682],[-73.9753,40.6664],[-73.9704,40.6726],[-73.973,40.6735],[-73.9772,40.6682]]]}},{"type":"Feature","properties":{"geoid":"36047016600","clusterId":"new-york-south"},"geometry":{"type":"Polygon","coordinates":[[[-74.0199,40.6187],[-74.0161,40.6154],[-74.012,40.6194],[-74.0164,40.622],[-74.0199,40.6187]]]}},{"type":"Feature","properties":{"geoid":"36047016700","clusterId":"new-york-south"},"geometry":{"type":"Polygon","coordinates":[[[-73.9817,40.6627],[-73.9797,40.6612],[-73.9753,40.6664],[-73.9777,40.6676],[-73.9817,40.6627]]]}},{"type":"Feature","properties":{"geoid":"36047016800","clusterId":"new-york-south"},"geometry":{"type":"Polygon","coordinates":[[[-74.0195,40.6028],[-74.0218,40.6006],[-74.017,40.5997],[-74.0124,40.6052],[-74.0155,40.6068],[-74.0195,40.6028]]]}},{"type":"Feature","properties":{"geoid":"36047016900","clusterId":"new-york-south"},"geometry":{"type":"Polygon","coordinates":[[[-73.9851,40.659],[-73.9807,40.6564],[-73.9775,40.6599],[-73.9822,40.6621],[-73.9851,40.659]]]}},{"type":"Feature","properties":{"geoid":"36047017000","clusterId":"new-york-south"},"geometry":{"type":"Polygon","coordinates":[[[-74.017,40.6077],[-74.0147,40.6064],[-74.0083,40.6126],[-74.0105,40.6139],[-74.017,40.6077]]]}},{"type":"Feature","properties":{"geoid":"36047017100","clusterId":"new-york-south"},"geometry":{"type":"Polygon","coordinates":[[[-73.9801,40.6569],[-73.978,40.6547],[-73.9736,40.6556],[-73.9745,40.6583],[-73.9775,40.6599],[-73.9801,40.6569]]]}},{"type":"Feature","properties":{"geoid":"36047017200","clusterId":"new-york-south"},"geometry":{"type":"Polygon","coordinates":[[[-74.0147,40.6064],[-74.0124,40.6052],[-74.006,40.6113],[-74.0083,40.6126],[-74.0147,40.6064]]]}},{"type":"Feature","properties":{"geoid":"36047017400","clusterId":"new-york-south"},"geometry":{"type":"Polygon","coordinates":[[[-74.017,40.5997],[-74.0141,40.5985],[-74.0084,40.6052],[-74.0108,40.6067],[-74.017,40.5997]]]}},{"type":"Feature","properties":{"geoid":"36047017600","clusterId":"new-york-south"},"geometry":{"type":"Polygon","coordinates":[[[-74.0141,40.5985],[-74.0118,40.5973],[-74.0062,40.6039],[-74.0084,40.6052],[-74.0141,40.5985]]]}},{"type":"Feature","properties":{"geoid":"36047017800","clusterId":"new-york-south"},"geometry":{"type":"Polygon","coordinates":[[[-74.0084,40.6052],[-74.0062,40.6039],[-74.0009,40.6086],[-74.0034,40.61],[-74.0084,40.6052]]]}},{"type":"Feature","properties":{"geoid":"36047017900","clusterId":"new-york-central"},"geometry":{"type":"Polygon","coordinates":[[[-73.9743,40.6855],[-73.9738,40.6831],[-73.9687,40.682],[-73.9695,40.6863],[-73.9743,40.6855]]]}},{"type":"Feature","properties":{"geoid":"36047018000","clusterId":"new-york-south"},"geometry":{"type":"Polygon","coordinates":[[[-74.0107,40.6068],[-74.0084,40.6052],[-74.0034,40.61],[-74.006,40.6113],[-74.0107,40.6068]]]}},{"type":"Feature","properties":{"geoid":"36047018100","clusterId":"new-york-central"},"geometry":{"type":"Polygon","coordinates":[[[-73.9751,40.6897],[-73.9743,40.6855],[-73.9695,40.6863],[-73.9701,40.6895],[-73.9751,40.6897]]]}},{"type":"Feature","properties":{"geoid":"36047018200","clusterId":"new-york-south"},"geometry":{"type":"Polygon","coordinates":[[[-74.0055,40.6118],[-74.0027,40.6096],[-74.0002,40.615],[-74.0014,40.6157],[-74.0055,40.6118]]]}},{"type":"Feature","properties":{"geoid":"36047018300","clusterId":"new-york-central"},"geometry":{"type":"Polygon","coordinates":[[[-73.9736,40.6933],[-73.9731,40.6896],[-73.9691,40.6895],[-73.9698,40.6931],[-73.9736,40.6933]]]}},{"type":"Feature","properties":{"geoid":"36047018400","clusterId":"new-york-south"},"geometry":{"type":"Polygon","coordinates":[[[-74.0099,40.6145],[-74.006,40.6113],[-74.0038,40.6135],[-74.0082,40.6161],[-74.0099,40.6145]]]}},{"type":"Feature","properties":{"geoid":"36047018501","clusterId":"new-york-central"},"geometry":{"type":"Polygon","coordinates":[[[-73.9764,40.6964],[-73.9758,40.6934],[-73.9719,40.6932],[-73.9725,40.6962],[-73.9764,40.6964]]]}},{"type":"Feature","properties":{"geoid":"36047018600","clusterId":"new-york-south"},"geometry":{"type":"Polygon","coordinates":[[[-74.0076,40.6167],[-74.0038,40.6135],[-74.002,40.6152],[-74.0064,40.6178],[-74.0076,40.6167]]]}},{"type":"Feature","properties":{"geoid":"36047018700","clusterId":"new-york-central"},"geometry":{"type":"Polygon","coordinates":[[[-73.9725,40.6962],[-73.9719,40.6932],[-73.9688,40.6931],[-73.9694,40.6961],[-73.9725,40.6962]]]}},{"type":"Feature","properties":{"geoid":"36047018800","clusterId":"new-york-south"},"geometry":{"type":"Polygon","coordinates":[[[-74.0059,40.6184],[-74.0002,40.615],[-73.9995,40.6174],[-74.004,40.6201],[-74.0059,40.6184]]]}},{"type":"Feature","properties":{"geoid":"36047019000","clusterId":"new-york-south"},"geometry":{"type":"Polygon","coordinates":[[[-74.0034,40.6207],[-73.9995,40.6174],[-73.9977,40.6237],[-73.9993,40.6247],[-74.0034,40.6207]]]}},{"type":"Feature","properties":{"geoid":"36047019100","clusterId":"new-york-central"},"geometry":{"type":"Polygon","coordinates":[[[-73.9694,40.6961],[-73.9688,40.6931],[-73.9602,40.6941],[-73.9611,40.6983],[-73.9646,40.6961],[-73.9694,40.6961]]]}},{"type":"Feature","properties":{"geoid":"36047019200","clusterId":"new-york-south"},"geometry":{"type":"Polygon","coordinates":[[[-74.0022,40.6288],[-73.9972,40.6253],[-73.9961,40.6292],[-73.9996,40.6313],[-74.0022,40.6288]]]}},{"type":"Feature","properties":{"geoid":"36047019300","clusterId":"new-york-central"},"geometry":{"type":"Polygon","coordinates":[[[-73.9659,40.6934],[-73.9648,40.6883],[-73.96,40.6889],[-73.9602,40.6941],[-73.9659,40.6934]]]}},{"type":"Feature","properties":{"geoid":"36047019400","clusterId":"new-york-south"},"geometry":{"type":"Polygon","coordinates":[[[-74.0044,40.6267],[-74.0005,40.6235],[-73.9993,40.6247],[-73.9977,40.6237],[-73.9972,40.6253],[-74.0025,40.6285],[-74.0044,40.6267]]]}},{"type":"Feature","properties":{"geoid":"36047019500","clusterId":"new-york-central"},"geometry":{"type":"Polygon","coordinates":[[[-73.9698,40.6931],[-73.9691,40.6895],[-73.9652,40.6898],[-73.9659,40.6934],[-73.9698,40.6931]]]}},{"type":"Feature","properties":{"geoid":"36047019600","clusterId":"new-york-south"},"geometry":{"type":"Polygon","coordinates":[[[-74.0073,40.6239],[-74.0034,40.6207],[-74.0005,40.6235],[-74.0049,40.6262],[-74.0073,40.6239]]]}},{"type":"Feature","properties":{"geoid":"36047019700","clusterId":"new-york-central"},"geometry":{"type":"Polygon","coordinates":[[[-73.9701,40.6895],[-73.9695,40.6863],[-73.9625,40.6871],[-73.9652,40.6898],[-73.9701,40.6895]]]}},{"type":"Feature","properties":{"geoid":"36047019800","clusterId":"new-york-south"},"geometry":{"type":"Polygon","coordinates":[[[-74.0092,40.6186],[-74.0076,40.6167],[-74.0034,40.6207],[-74.0056,40.622],[-74.0092,40.6186]]]}},{"type":"Feature","properties":{"geoid":"36047019900","clusterId":"new-york-central"},"geometry":{"type":"Polygon","coordinates":[[[-73.9695,40.6863],[-73.9687,40.682],[-73.9645,40.6811],[-73.9655,40.6867],[-73.9695,40.6863]]]}},{"type":"Feature","properties":{"geoid":"36047020000","clusterId":"new-york-south"},"geometry":{"type":"Polygon","coordinates":[[[-74.0114,40.6199],[-74.0098,40.618],[-74.0056,40.622],[-74.0078,40.6234],[-74.0114,40.6199]]]}},{"type":"Feature","properties":{"geoid":"36047020100","clusterId":"new-york-central"},"geometry":{"type":"Polygon","coordinates":[[[-73.9655,40.6867],[-73.9645,40.6811],[-73.9613,40.6805],[-73.9625,40.6871],[-73.9655,40.6867]]]}},{"type":"Feature","properties":{"geoid":"36047020200","clusterId":"new-york-south"},"geometry":{"type":"Polygon","coordinates":[[[-74.0136,40.6212],[-74.012,40.6194],[-74.0078,40.6234],[-74.01,40.6247],[-74.0136,40.6212]]]}},{"type":"Feature","properties":{"geoid":"36047020300","clusterId":"new-york-central"},"geometry":{"type":"Polygon","coordinates":[[[-73.968,40.6802],[-73.9622,40.6782],[-73.9613,40.6805],[-73.9675,40.6818],[-73.968,40.6802]]]}},{"type":"Feature","properties":{"geoid":"36047020400","clusterId":"new-york-south"},"geometry":{"type":"Polygon","coordinates":[[[-74.0158,40.6226],[-74.0142,40.6207],[-74.01,40.6247],[-74.0122,40.626],[-74.0158,40.6226]]]}},{"type":"Feature","properties":{"geoid":"36047020500","clusterId":"new-york-central"},"geometry":{"type":"Polygon","coordinates":[[[-73.9689,40.6777],[-73.9632,40.6755],[-73.9622,40.6782],[-73.9682,40.6794],[-73.9689,40.6777]]]}},{"type":"Feature","properties":{"geoid":"36047020600","clusterId":"new-york-south"},"geometry":{"type":"Polygon","coordinates":[[[-74.0189,40.6242],[-74.0164,40.622],[-74.0117,40.6266],[-74.0136,40.6277],[-74.0189,40.6242]]]}},{"type":"Feature","properties":{"geoid":"36047020700","clusterId":"new-york-central"},"geometry":{"type":"Polygon","coordinates":[[[-73.9697,40.6754],[-73.9689,40.6729],[-73.9669,40.6744],[-73.963,40.6736],[-73.9633,40.6756],[-73.9692,40.6768],[-73.9697,40.6754]]]}},{"type":"Feature","properties":{"geoid":"36047020800","clusterId":"new-york-south"},"geometry":{"type":"Polygon","coordinates":[[[-74.0129,40.6282],[-74.0122,40.626],[-74.0078,40.6234],[-74.0061,40.625],[-74.0129,40.6282]]]}},{"type":"Feature","properties":{"geoid":"36047021000","clusterId":"new-york-south"},"geometry":{"type":"Polygon","coordinates":[[[-74.0121,40.6287],[-74.0061,40.625],[-74.0044,40.6267],[-74.01,40.6301],[-74.0121,40.6287]]]}},{"type":"Feature","properties":{"geoid":"36047021100","clusterId":"new-york-central"},"geometry":{"type":"Polygon","coordinates":[[[-73.9805,40.6982],[-73.9804,40.6965],[-73.9652,40.696],[-73.9628,40.698],[-73.9805,40.6982]]]}},{"type":"Feature","properties":{"geoid":"36047021200","clusterId":"new-york-south"},"geometry":{"type":"Polygon","coordinates":[[[-74.0092,40.6306],[-74.0044,40.6267],[-74.0019,40.629],[-74.007,40.6321],[-74.0092,40.6306]]]}},{"type":"Feature","properties":{"geoid":"36047021300","clusterId":"new-york-south"},"geometry":{"type":"Polygon","coordinates":[[[-73.9626,40.6716],[-73.9606,40.6633],[-73.958,40.6707],[-73.9626,40.6716]]]}},{"type":"Feature","properties":{"geoid":"36047021400","clusterId":"new-york-south"},"geometry":{"type":"Polygon","coordinates":[[[-74.0067,40.6323],[-74.0019,40.629],[-73.9996,40.6313],[-74.0041,40.6341],[-74.0067,40.6323]]]}},{"type":"Feature","properties":{"geoid":"36047021500","clusterId":"new-york-central"},"geometry":{"type":"Polygon","coordinates":[[[-73.9674,40.673],[-73.9613,40.6714],[-73.9601,40.6749],[-73.9633,40.6756],[-73.963,40.6736],[-73.9669,40.6744],[-73.9674,40.673]]]}},{"type":"Feature","properties":{"geoid":"36047021600","clusterId":"new-york-south"},"geometry":{"type":"Polygon","coordinates":[[[-74.0041,40.6341],[-73.9974,40.63],[-73.9956,40.6317],[-74.002,40.6355],[-74.0041,40.6341]]]}},{"type":"Feature","properties":{"geoid":"36047021700","clusterId":"new-york-central"},"geometry":{"type":"Polygon","coordinates":[[[-73.9613,40.6716],[-73.958,40.6707],[-73.9567,40.6742],[-73.9601,40.6749],[-73.9613,40.6716]]]}},{"type":"Feature","properties":{"geoid":"36047021800","clusterId":"new-york-south"},"geometry":{"type":"Polygon","coordinates":[[[-74.0012,40.636],[-73.9956,40.6317],[-73.9939,40.6333],[-73.9998,40.6369],[-74.0012,40.636]]]}},{"type":"Feature","properties":{"geoid":"36047021900","clusterId":"new-york-central"},"geometry":{"type":"Polygon","coordinates":[[[-73.9579,40.6709],[-73.9533,40.67],[-73.9529,40.6736],[-73.9567,40.6742],[-73.9579,40.6709]]]}},{"type":"Feature","properties":{"geoid":"36047022000","clusterId":"new-york-south"},"geometry":{"type":"Polygon","coordinates":[[[-73.9991,40.6374],[-73.9939,40.6333],[-73.9915,40.6356],[-73.9969,40.6389],[-73.9991,40.6374]]]}},{"type":"Feature","properties":{"geoid":"36047022100","clusterId":"new-york-central"},"geometry":{"type":"Polygon","coordinates":[[[-73.9564,40.6751],[-73.9529,40.6736],[-73.953,40.6788],[-73.9553,40.6793],[-73.9564,40.6751]]]}},{"type":"Feature","properties":{"geoid":"36047022200","clusterId":"new-york-south"},"geometry":{"type":"Polygon","coordinates":[[[-73.9962,40.6393],[-73.9915,40.6356],[-73.9892,40.6378],[-73.9941,40.6408],[-73.9962,40.6393]]]}},{"type":"Feature","properties":{"geoid":"36047022400","clusterId":"new-york-south"},"geometry":{"type":"Polygon","coordinates":[[[-73.9934,40.6412],[-73.9892,40.6378],[-73.9869,40.6401],[-73.9905,40.6432],[-73.9934,40.6412]]]}},{"type":"Feature","properties":{"geoid":"36047022600","clusterId":"new-york-south"},"geometry":{"type":"Polygon","coordinates":[[[-73.9898,40.6436],[-73.9841,40.6393],[-73.9823,40.641],[-73.9883,40.6446],[-73.9898,40.6436]]]}},{"type":"Feature","properties":{"geoid":"36047022700","clusterId":"new-york-central"},"geometry":{"type":"Polygon","coordinates":[[[-73.9617,40.6827],[-73.9613,40.6805],[-73.9556,40.6793],[-73.9533,40.6802],[-73.954,40.6836],[-73.9617,40.6827]]]}},{"type":"Feature","properties":{"geoid":"36047022800","clusterId":"new-york-south"},"geometry":{"type":"Polygon","coordinates":[[[-73.9841,40.6393],[-73.9803,40.6361],[-73.9794,40.6369],[-73.9804,40.6424],[-73.9841,40.6393]]]}},{"type":"Feature","properties":{"geoid":"36047022900","clusterId":"new-york-central"},"geometry":{"type":"Polygon","coordinates":[[[-73.9596,40.6867],[-73.9588,40.683],[-73.954,40.6836],[-73.9547,40.6872],[-73.9596,40.6867]]]}},{"type":"Feature","properties":{"geoid":"36047023000","clusterId":"new-york-south"},"geometry":{"type":"Polygon","coordinates":[[[-73.9885,40.642],[-73.9842,40.6357],[-73.982,40.6344],[-73.9803,40.6361],[-73.9885,40.642]]]}},{"type":"Feature","properties":{"geoid":"36047023100","clusterId":"new-york-central"},"geometry":{"type":"Polygon","coordinates":[[[-73.9628,40.6886],[-73.9617,40.6827],[-73.9588,40.683],[-73.96,40.6889],[-73.9628,40.6886]]]}},{"type":"Feature","properties":{"geoid":"36047023200","clusterId":"new-york-south"},"geometry":{"type":"Polygon","coordinates":[[[-73.9898,40.6373],[-73.9838,40.6327],[-73.982,40.6344],[-73.9875,40.6395],[-73.9898,40.6373]]]}},{"type":"Feature","properties":{"geoid":"36047023300","clusterId":"new-york-central"},"geometry":{"type":"Polygon","coordinates":[[[-73.9603,40.6903],[-73.9596,40.6867],[-73.9547,40.6872],[-73.9554,40.6909],[-73.9603,40.6903]]]}},{"type":"Feature","properties":{"geoid":"36047023400","clusterId":"new-york-south"},"geometry":{"type":"Polygon","coordinates":[[[-73.9915,40.6356],[-73.9855,40.631],[-73.9838,40.6327],[-73.9904,40.6367],[-73.9915,40.6356]]]}},{"type":"Feature","properties":{"geoid":"36047023500","clusterId":"new-york-central"},"geometry":{"type":"Polygon","coordinates":[[[-73.9602,40.6941],[-73.9594,40.6904],[-73.9554,40.6909],[-73.9561,40.6946],[-73.9602,40.6941]]]}},{"type":"Feature","properties":{"geoid":"36047023600","clusterId":"new-york-south"},"geometry":{"type":"Polygon","coordinates":[[[-73.9933,40.6339],[-73.9873,40.6294],[-73.9855,40.631],[-73.9921,40.635],[-73.9933,40.6339]]]}},{"type":"Feature","properties":{"geoid":"36047023800","clusterId":"new-york-south"},"geometry":{"type":"Polygon","coordinates":[[[-73.9956,40.6317],[-73.989,40.6277],[-73.9873,40.6294],[-73.9939,40.6333],[-73.9956,40.6317]]]}},{"type":"Feature","properties":{"geoid":"36047024000","clusterId":"new-york-south"},"geometry":{"type":"Polygon","coordinates":[[[-73.9968,40.6305],[-73.9908,40.626],[-73.989,40.6277],[-73.9956,40.6317],[-73.9968,40.6305]]]}},{"type":"Feature","properties":{"geoid":"36047024100","clusterId":"new-york-central"},"geometry":{"type":"Polygon","coordinates":[[[-73.9561,40.6946],[-73.9551,40.6894],[-73.9515,40.6899],[-73.9525,40.695],[-73.9561,40.6946]]]}},{"type":"Feature","properties":{"geoid":"36047024200","clusterId":"new-york-south"},"geometry":{"type":"Polygon","coordinates":[[[-73.9967,40.6272],[-73.9901,40.6228],[-73.9883,40.6245],[-73.9961,40.6292],[-73.9967,40.6272]]]}},{"type":"Feature","properties":{"geoid":"36047024300","clusterId":"new-york-central"},"geometry":{"type":"Polygon","coordinates":[[[-73.9551,40.6894],[-73.9542,40.685],[-73.9506,40.6855],[-73.9515,40.6899],[-73.9551,40.6894]]]}},{"type":"Feature","properties":{"geoid":"36047024400","clusterId":"new-york-south"},"geometry":{"type":"Polygon","coordinates":[[[-73.9895,40.6234],[-73.9835,40.6188],[-73.9823,40.62],[-73.9883,40.6245],[-73.9895,40.6234]]]}},{"type":"Feature","properties":{"geoid":"36047024500","clusterId":"new-york-central"},"geometry":{"type":"Polygon","coordinates":[[[-73.9542,40.685],[-73.9534,40.6806],[-73.9496,40.6804],[-73.9506,40.6855],[-73.9542,40.685]]]}},{"type":"Feature","properties":{"geoid":"36047024600","clusterId":"new-york-south"},"geometry":{"type":"Polygon","coordinates":[[[-73.9857,40.6201],[-73.9796,40.6156],[-73.9774,40.6179],[-73.9817,40.6205],[-73.9835,40.6188],[-73.9857,40.6201]]]}},{"type":"Feature","properties":{"geoid":"36047024700","clusterId":"new-york-central"},"geometry":{"type":"Polygon","coordinates":[[[-73.9554,40.68],[-73.9441,40.6782],[-73.944,40.6801],[-73.9554,40.68]]]}},{"type":"Feature","properties":{"geoid":"36047024800","clusterId":"new-york-south"},"geometry":{"type":"Polygon","coordinates":[[[-73.9939,40.6229],[-73.9874,40.6185],[-73.9857,40.6201],[-73.9926,40.6243],[-73.9939,40.6229]]]}},{"type":"Feature","properties":{"geoid":"36047024900","clusterId":"new-york-central"},"geometry":{"type":"Polygon","coordinates":[[[-73.9506,40.6855],[-73.9496,40.6804],[-73.9463,40.6802],[-73.9473,40.6858],[-73.9506,40.6855]]]}},{"type":"Feature","properties":{"geoid":"36047025000","clusterId":"new-york-south"},"geometry":{"type":"Polygon","coordinates":[[[-73.998,40.6226],[-73.9964,40.6206],[-73.9926,40.6243],[-73.9968,40.6268],[-73.998,40.6226]]]}},{"type":"Feature","properties":{"geoid":"36047025100","clusterId":"new-york-central"},"geometry":{"type":"Polygon","coordinates":[[[-73.9515,40.6899],[-73.9506,40.6855],[-73.9473,40.6858],[-73.9482,40.6902],[-73.9515,40.6899]]]}},{"type":"Feature","properties":{"geoid":"36047025200","clusterId":"new-york-south"},"geometry":{"type":"Polygon","coordinates":[[[-73.9964,40.6206],[-73.9915,40.6178],[-73.9874,40.6185],[-73.9943,40.6226],[-73.9964,40.6206]]]}},{"type":"Feature","properties":{"geoid":"36047025300","clusterId":"new-york-central"},"geometry":{"type":"Polygon","coordinates":[[[-73.9525,40.695],[-73.9515,40.6899],[-73.9482,40.6902],[-73.9492,40.6954],[-73.9525,40.695]]]}},{"type":"Feature","properties":{"geoid":"36047025400","clusterId":"new-york-south"},"geometry":{"type":"Polygon","coordinates":[[[-73.9874,40.6185],[-73.9814,40.6138],[-73.9796,40.6156],[-73.9863,40.6196],[-73.9874,40.6185]]]}},{"type":"Feature","properties":{"geoid":"36047025500","clusterId":"new-york-central"},"geometry":{"type":"Polygon","coordinates":[[[-73.9534,40.6994],[-73.9525,40.695],[-73.9492,40.6954],[-73.9501,40.6998],[-73.9534,40.6994]]]}},{"type":"Feature","properties":{"geoid":"36047025600","clusterId":"new-york-south"},"geometry":{"type":"Polygon","coordinates":[[[-73.9893,40.6167],[-73.9832,40.6121],[-73.9814,40.6138],[-73.9881,40.6179],[-73.9893,40.6167]]]}},{"type":"Feature","properties":{"geoid":"36047025700","clusterId":"new-york-central"},"geometry":{"type":"Polygon","coordinates":[[[-73.9501,40.6998],[-73.9492,40.6954],[-73.9464,40.6957],[-73.9468,40.6979],[-73.9439,40.6982],[-73.9444,40.7004],[-73.9501,40.6998]]]}},{"type":"Feature","properties":{"geoid":"36047025800","clusterId":"new-york-south"},"geometry":{"type":"Polygon","coordinates":[[[-73.991,40.615],[-73.985,40.6104],[-73.9832,40.6121],[-73.9899,40.6161],[-73.991,40.615]]]}},{"type":"Feature","properties":{"geoid":"36047025901","clusterId":"new-york-central"},"geometry":{"type":"Polygon","coordinates":[[[-73.9492,40.6954],[-73.9489,40.6939],[-73.9432,40.6946],[-73.9435,40.696],[-73.9492,40.6954]]]}},{"type":"Feature","properties":{"geoid":"36047025902","clusterId":"new-york-central"},"geometry":{"type":"Polygon","coordinates":[[[-73.9468,40.6979],[-73.9464,40.6957],[-73.9435,40.696],[-73.9439,40.6982],[-73.9468,40.6979]]]}},{"type":"Feature","properties":{"geoid":"36047026000","clusterId":"new-york-south"},"geometry":{"type":"Polygon","coordinates":[[[-73.9954,40.6177],[-73.9916,40.6145],[-73.9887,40.6172],[-73.9939,40.6192],[-73.9954,40.6177]]]}},{"type":"Feature","properties":{"geoid":"36047026100","clusterId":"new-york-central"},"geometry":{"type":"Polygon","coordinates":[[[-73.9489,40.6939],[-73.9482,40.6902],[-73.9425,40.6909],[-73.9432,40.6946],[-73.9489,40.6939]]]}},{"type":"Feature","properties":{"geoid":"36047026200","clusterId":"new-york-south"},"geometry":{"type":"Polygon","coordinates":[[[-73.9994,40.6176],[-73.9972,40.616],[-73.9939,40.6192],[-73.9983,40.6216],[-73.9994,40.6176]]]}},{"type":"Feature","properties":{"geoid":"36047026300","clusterId":"new-york-central"},"geometry":{"type":"Polygon","coordinates":[[[-73.9482,40.6902],[-73.9477,40.688],[-73.9421,40.6887],[-73.9425,40.6909],[-73.9482,40.6902]]]}},{"type":"Feature","properties":{"geoid":"36047026400","clusterId":"new-york-south"},"geometry":{"type":"Polygon","coordinates":[[[-74.0008,40.6126],[-73.9996,40.6137],[-73.9972,40.6122],[-73.9937,40.6157],[-73.9995,40.6174],[-74.0008,40.6126]]]}},{"type":"Feature","properties":{"geoid":"36047026500","clusterId":"new-york-central"},"geometry":{"type":"Polygon","coordinates":[[[-73.9477,40.688],[-73.9472,40.6851],[-73.9415,40.6858],[-73.9421,40.6887],[-73.9477,40.688]]]}},{"type":"Feature","properties":{"geoid":"36047026600","clusterId":"new-york-south"},"geometry":{"type":"Polygon","coordinates":[[[-73.9948,40.6146],[-73.9861,40.6093],[-73.985,40.6104],[-73.9937,40.6157],[-73.9948,40.6146]]]}},{"type":"Feature","properties":{"geoid":"36047026700","clusterId":"new-york-central"},"geometry":{"type":"Polygon","coordinates":[[[-73.9472,40.6851],[-73.9466,40.6822],[-73.9409,40.6828],[-73.9415,40.6858],[-73.9472,40.6851]]]}},{"type":"Feature","properties":{"geoid":"36047026800","clusterId":"new-york-south"},"geometry":{"type":"Polygon","coordinates":[[[-73.9943,40.6119],[-73.988,40.6076],[-73.9861,40.6093],[-73.9928,40.6133],[-73.9943,40.6119]]]}},{"type":"Feature","properties":{"geoid":"36047026900","clusterId":"new-york-central"},"geometry":{"type":"Polygon","coordinates":[[[-73.9466,40.6822],[-73.9463,40.6802],[-73.9403,40.6799],[-73.9409,40.6828],[-73.9466,40.6822]]]}},{"type":"Feature","properties":{"geoid":"36047027000","clusterId":"new-york-south"},"geometry":{"type":"Polygon","coordinates":[[[-73.9925,40.6067],[-73.9886,40.6034],[-73.9868,40.6051],[-73.9908,40.6084],[-73.9925,40.6067]]]}},{"type":"Feature","properties":{"geoid":"36047027100","clusterId":"new-york-central"},"geometry":{"type":"Polygon","coordinates":[[[-73.944,40.6793],[-73.9441,40.6782],[-73.9303,40.6775],[-73.9291,40.6793],[-73.944,40.6793]]]}},{"type":"Feature","properties":{"geoid":"36047027200","clusterId":"new-york-south"},"geometry":{"type":"Polygon","coordinates":[[[-73.9969,40.6093],[-73.9931,40.6061],[-73.9908,40.6084],[-73.988,40.6076],[-73.9924,40.6102],[-73.9947,40.608],[-73.9969,40.6093]]]}},{"type":"Feature","properties":{"geoid":"36047027300","clusterId":"new-york-central"},"geometry":{"type":"Polygon","coordinates":[[[-73.9408,40.6821],[-73.9403,40.6799],[-73.9344,40.6796],[-73.935,40.6828],[-73.9408,40.6821]]]}},{"type":"Feature","properties":{"geoid":"36047027400","clusterId":"new-york-south"},"geometry":{"type":"Polygon","coordinates":[[[-73.9977,40.6116],[-73.9947,40.608],[-73.9924,40.6102],[-73.9954,40.614],[-73.9977,40.6116]]]}},{"type":"Feature","properties":{"geoid":"36047027500","clusterId":"new-york-central"},"geometry":{"type":"Polygon","coordinates":[[[-73.9413,40.685],[-73.9408,40.6821],[-73.935,40.6828],[-73.9356,40.6857],[-73.9413,40.685]]]}},{"type":"Feature","properties":{"geoid":"36047027600","clusterId":"new-york-south"},"geometry":{"type":"Polygon","coordinates":[[[-74.0027,40.6096],[-73.9975,40.6088],[-73.9963,40.6099],[-73.9996,40.6137],[-74.0027,40.6096]]]}},{"type":"Feature","properties":{"geoid":"36047027700","clusterId":"new-york-central"},"geometry":{"type":"Polygon","coordinates":[[[-73.9419,40.688],[-73.9413,40.685],[-73.9356,40.6857],[-73.9362,40.6886],[-73.9419,40.688]]]}},{"type":"Feature","properties":{"geoid":"36047027800","clusterId":"new-york-south"},"geometry":{"type":"Polygon","coordinates":[[[-74.0049,40.6051],[-74.0026,40.6038],[-73.9975,40.6088],[-73.9995,40.61],[-74.0049,40.6051]]]}},{"type":"Feature","properties":{"geoid":"36047027900","clusterId":"new-york-central"},"geometry":{"type":"Polygon","coordinates":[[[-73.9425,40.6909],[-73.9419,40.688],[-73.9362,40.6886],[-73.9368,40.6916],[-73.9425,40.6909]]]}},{"type":"Feature","properties":{"geoid":"36047028000","clusterId":"new-york-south"},"geometry":{"type":"Polygon","coordinates":[[[-74.0118,40.5973],[-74.0102,40.5965],[-74.0026,40.6038],[-74.0049,40.6051],[-74.0118,40.5973]]]}},{"type":"Feature","properties":{"geoid":"36047028100","clusterId":"new-york-central"},"geometry":{"type":"Polygon","coordinates":[[[-73.9431,40.6938],[-73.9425,40.6909],[-73.9368,40.6916],[-73.9373,40.6945],[-73.9431,40.6938]]]}},{"type":"Feature","properties":{"geoid":"36047028200","clusterId":"new-york-south"},"geometry":{"type":"Polygon","coordinates":[[[-74.0102,40.5965],[-74.0082,40.5954],[-74.0003,40.6026],[-74.0026,40.6038],[-74.0102,40.5965]]]}},{"type":"Feature","properties":{"geoid":"36047028300","clusterId":"new-york-central"},"geometry":{"type":"Polygon","coordinates":[[[-73.9435,40.696],[-73.9431,40.6938],[-73.9373,40.6945],[-73.9378,40.6967],[-73.9435,40.696]]]}},{"type":"Feature","properties":{"geoid":"36047028400","clusterId":"new-york-south"},"geometry":{"type":"Polygon","coordinates":[[[-74.0026,40.6038],[-74.0003,40.6026],[-73.9953,40.6074],[-73.9975,40.6088],[-74.0026,40.6038]]]}},{"type":"Feature","properties":{"geoid":"36047028501","clusterId":"new-york-central"},"geometry":{"type":"Polygon","coordinates":[[[-73.9444,40.7004],[-73.9439,40.6982],[-73.9386,40.6988],[-73.9444,40.7004]]]}},{"type":"Feature","properties":{"geoid":"36047028502","clusterId":"new-york-central"},"geometry":{"type":"Polygon","coordinates":[[[-73.9439,40.6982],[-73.9435,40.696],[-73.9378,40.6967],[-73.9386,40.6988],[-73.9439,40.6982]]]}},{"type":"Feature","properties":{"geoid":"36047028600","clusterId":"new-york-south"},"geometry":{"type":"Polygon","coordinates":[[[-74.0082,40.5954],[-74.0062,40.5944],[-73.9978,40.6016],[-74,40.6029],[-74.0082,40.5954]]]}},{"type":"Feature","properties":{"geoid":"36047028700","clusterId":"new-york-central"},"geometry":{"type":"Polygon","coordinates":[[[-73.9382,40.6986],[-73.9372,40.6938],[-73.9313,40.6944],[-73.9382,40.6986]]]}},{"type":"Feature","properties":{"geoid":"36047028800","clusterId":"new-york-south"},"geometry":{"type":"Polygon","coordinates":[[[-74,40.6029],[-73.9978,40.6016],[-73.9931,40.6061],[-73.9953,40.6074],[-74,40.6029]]]}},{"type":"Feature","properties":{"geoid":"36047028900","clusterId":"new-york-central"},"geometry":{"type":"Polygon","coordinates":[[[-73.9372,40.6938],[-73.9368,40.6916],[-73.9275,40.6926],[-73.9315,40.6949],[-73.9372,40.6938]]]}},{"type":"Feature","properties":{"geoid":"36047029000","clusterId":"new-york-south"},"geometry":{"type":"Polygon","coordinates":[[[-73.9978,40.6016],[-73.9956,40.6002],[-73.9909,40.6048],[-73.9931,40.6061],[-73.9978,40.6016]]]}},{"type":"Feature","properties":{"geoid":"36047029100","clusterId":"new-york-central"},"geometry":{"type":"Polygon","coordinates":[[[-73.9368,40.6916],[-73.9362,40.6886],[-73.9303,40.6893],[-73.9309,40.6922],[-73.9368,40.6916]]]}},{"type":"Feature","properties":{"geoid":"36047029200","clusterId":"new-york-south"},"geometry":{"type":"Polygon","coordinates":[[[-74.0062,40.5944],[-74.0046,40.5917],[-73.9956,40.6002],[-73.9978,40.6016],[-74.0062,40.5944]]]}},{"type":"Feature","properties":{"geoid":"36047029300","clusterId":"new-york-central"},"geometry":{"type":"Polygon","coordinates":[[[-73.9362,40.6886],[-73.9356,40.6857],[-73.9298,40.6864],[-73.9303,40.6893],[-73.9362,40.6886]]]}},{"type":"Feature","properties":{"geoid":"36047029400","clusterId":"new-york-south"},"geometry":{"type":"Polygon","coordinates":[[[-74.0046,40.5917],[-74.0036,40.5899],[-74.0009,40.5925],[-73.9953,40.5944],[-73.9967,40.5956],[-73.9952,40.5971],[-73.9973,40.5986],[-74.0046,40.5917]]]}},{"type":"Feature","properties":{"geoid":"36047029500","clusterId":"new-york-central"},"geometry":{"type":"Polygon","coordinates":[[[-73.9356,40.6857],[-73.935,40.6828],[-73.9292,40.6834],[-73.9298,40.6864],[-73.9356,40.6857]]]}},{"type":"Feature","properties":{"geoid":"36047029600","clusterId":"new-york-south"},"geometry":{"type":"Polygon","coordinates":[[[-73.9973,40.5986],[-73.9952,40.5971],[-73.9886,40.6034],[-73.9909,40.6048],[-73.9973,40.5986]]]}},{"type":"Feature","properties":{"geoid":"36047029700","clusterId":"new-york-central"},"geometry":{"type":"Polygon","coordinates":[[[-73.935,40.6828],[-73.9344,40.6796],[-73.9286,40.6798],[-73.9292,40.6834],[-73.935,40.6828]]]}},{"type":"Feature","properties":{"geoid":"36047029800","clusterId":"new-york-south"},"geometry":{"type":"Polygon","coordinates":[[[-73.991,40.6012],[-73.9853,40.5967],[-73.9868,40.6051],[-73.991,40.6012]]]}},{"type":"Feature","properties":{"geoid":"36047029900","clusterId":"new-york-central"},"geometry":{"type":"Polygon","coordinates":[[[-73.9303,40.6775],[-73.9218,40.677],[-73.9216,40.6789],[-73.9291,40.6793],[-73.9303,40.6775]]]}},{"type":"Feature","properties":{"geoid":"36047030000","clusterId":"new-york-south"},"geometry":{"type":"Polygon","coordinates":[[[-73.9934,40.5989],[-73.9847,40.5937],[-73.9853,40.5967],[-73.9894,40.5993],[-73.9916,40.6006],[-73.9934,40.5989]]]}},{"type":"Feature","properties":{"geoid":"36047030100","clusterId":"new-york-central"},"geometry":{"type":"Polygon","coordinates":[[[-73.9217,40.6781],[-73.9218,40.677],[-73.9109,40.6763],[-73.9108,40.6783],[-73.9217,40.6781]]]}},{"type":"Feature","properties":{"geoid":"36047030200","clusterId":"new-york-south"},"geometry":{"type":"Polygon","coordinates":[[[-73.9952,40.5971],[-73.988,40.5926],[-73.986,40.5944],[-73.9934,40.5989],[-73.9952,40.5971]]]}},{"type":"Feature","properties":{"geoid":"36047030300","clusterId":"new-york-central"},"geometry":{"type":"Polygon","coordinates":[[[-73.922,40.6746],[-73.914,40.6732],[-73.9137,40.6765],[-73.9218,40.677],[-73.922,40.6746]]]}},{"type":"Feature","properties":{"geoid":"36047030400","clusterId":"new-york-south"},"geometry":{"type":"Polygon","coordinates":[[[-74.0095,40.5842],[-73.988,40.5926],[-73.9952,40.5971],[-73.9967,40.5956],[-73.9953,40.5944],[-74.0009,40.5925],[-74.0095,40.5842]]]}},{"type":"Feature","properties":{"geoid":"36047030500","clusterId":"new-york-central"},"geometry":{"type":"Polygon","coordinates":[[[-73.9629,40.6764],[-73.9567,40.6742],[-73.9553,40.6793],[-73.9613,40.6805],[-73.9629,40.6764]]]}},{"type":"Feature","properties":{"geoid":"36047030600","clusterId":"new-york-south"},"geometry":{"type":"Polygon","coordinates":[[[-73.9896,40.591],[-73.9837,40.5886],[-73.986,40.5944],[-73.9896,40.591]]]}},{"type":"Feature","properties":{"geoid":"36047030700","clusterId":"new-york-central"},"geometry":{"type":"Polygon","coordinates":[[[-73.9305,40.675],[-73.9221,40.6737],[-73.9218,40.677],[-73.9303,40.6775],[-73.9305,40.675]]]}},{"type":"Feature","properties":{"geoid":"36047030800","clusterId":"new-york-south"},"geometry":{"type":"Polygon","coordinates":[[[-73.9874,40.5851],[-73.9746,40.5831],[-73.9742,40.5901],[-73.9788,40.5928],[-73.9785,40.5897],[-73.9838,40.589],[-73.9874,40.5851]]]}},{"type":"Feature","properties":{"geoid":"36047030900","clusterId":"new-york-central"},"geometry":{"type":"Polygon","coordinates":[[[-73.936,40.6761],[-73.9306,40.6741],[-73.9303,40.6775],[-73.9359,40.6778],[-73.936,40.6761]]]}},{"type":"Feature","properties":{"geoid":"36047031100","clusterId":"new-york-central"},"geometry":{"type":"Polygon","coordinates":[[[-73.9416,40.6756],[-73.9361,40.6753],[-73.9359,40.6778],[-73.9414,40.6781],[-73.9416,40.6756]]]}},{"type":"Feature","properties":{"geoid":"36047031300","clusterId":"new-york-central"},"geometry":{"type":"Polygon","coordinates":[[[-73.9471,40.6759],[-73.9417,40.6747],[-73.9414,40.6781],[-73.9469,40.6784],[-73.9471,40.6759]]]}},{"type":"Feature","properties":{"geoid":"36047031401","clusterId":"new-york-south"},"geometry":{"type":"Polygon","coordinates":[[[-74.0081,40.584],[-74.0035,40.583],[-73.9925,40.588],[-73.9871,40.5836],[-73.9874,40.5851],[-73.9845,40.5879],[-73.9904,40.5914],[-74.0081,40.584]]]}},{"type":"Feature","properties":{"geoid":"36047031500","clusterId":"new-york-central"},"geometry":{"type":"Polygon","coordinates":[[[-73.953,40.6788],[-73.9528,40.6754],[-73.9472,40.6751],[-73.9469,40.6784],[-73.953,40.6788]]]}},{"type":"Feature","properties":{"geoid":"36047031701","clusterId":"new-york-central"},"geometry":{"type":"Polygon","coordinates":[[[-73.9529,40.6736],[-73.9475,40.6724],[-73.9472,40.6751],[-73.9528,40.6754],[-73.9529,40.6736]]]}},{"type":"Feature","properties":{"geoid":"36047031702","clusterId":"new-york-central"},"geometry":{"type":"Polygon","coordinates":[[[-73.9532,40.6702],[-73.9477,40.6697],[-73.9475,40.6724],[-73.953,40.6727],[-73.9532,40.6702]]]}},{"type":"Feature","properties":{"geoid":"36047031900","clusterId":"new-york-south"},"geometry":{"type":"Polygon","coordinates":[[[-73.951,40.6647],[-73.9482,40.6641],[-73.9477,40.6697],[-73.9505,40.6699],[-73.951,40.6647]]]}},{"type":"Feature","properties":{"geoid":"36047032100","clusterId":"new-york-south"},"geometry":{"type":"Polygon","coordinates":[[[-73.9538,40.6645],[-73.951,40.6639],[-73.9505,40.6699],[-73.9533,40.67],[-73.9538,40.6645]]]}},{"type":"Feature","properties":{"geoid":"36047032300","clusterId":"new-york-south"},"geometry":{"type":"Polygon","coordinates":[[[-73.9573,40.6645],[-73.9538,40.6637],[-73.9533,40.67],[-73.9553,40.6701],[-73.9573,40.6645]]]}},{"type":"Feature","properties":{"geoid":"36047032500","clusterId":"new-york-south"},"geometry":{"type":"Polygon","coordinates":[[[-73.9596,40.6663],[-73.9603,40.6641],[-73.9573,40.6643],[-73.9553,40.6701],[-73.958,40.6707],[-73.9596,40.6663]]]}},{"type":"Feature","properties":{"geoid":"36047032600","clusterId":"new-york-south"},"geometry":{"type":"Polygon","coordinates":[[[-73.9926,40.5781],[-73.9917,40.5734],[-73.9834,40.5754],[-73.9841,40.5791],[-73.9926,40.5781]]]}},{"type":"Feature","properties":{"geoid":"36047032700","clusterId":"new-york-south"},"geometry":{"type":"Polygon","coordinates":[[[-73.9631,40.6622],[-73.9628,40.6605],[-73.9537,40.6622],[-73.9538,40.6637],[-73.9573,40.6643],[-73.9631,40.6622]]]}},{"type":"Feature","properties":{"geoid":"36047032800","clusterId":"new-york-south"},"geometry":{"type":"Polygon","coordinates":[[[-74.0032,40.5769],[-74.0028,40.5746],[-73.9922,40.5758],[-73.9926,40.5781],[-74.0032,40.5769]]]}},{"type":"Feature","properties":{"geoid":"36047032900","clusterId":"new-york-south"},"geometry":{"type":"Polygon","coordinates":[[[-73.9538,40.6637],[-73.9537,40.6622],[-73.9428,40.6628],[-73.9427,40.6641],[-73.9538,40.6637]]]}},{"type":"Feature","properties":{"geoid":"36047033000","clusterId":"new-york-south"},"geometry":{"type":"Polygon","coordinates":[[[-74.0042,40.5832],[-74.0032,40.5769],[-73.9905,40.5784],[-73.9907,40.5801],[-74.0042,40.5832]]]}},{"type":"Feature","properties":{"geoid":"36047033100","clusterId":"new-york-south"},"geometry":{"type":"Polygon","coordinates":[[[-73.9482,40.6644],[-73.9427,40.6641],[-73.9428,40.6628],[-73.9373,40.6632],[-73.9371,40.6646],[-73.9482,40.6644]]]}},{"type":"Feature","properties":{"geoid":"36047033300","clusterId":"new-york-south"},"geometry":{"type":"Polygon","coordinates":[[[-73.9481,40.6661],[-73.9371,40.6646],[-73.9369,40.6664],[-73.9481,40.6661]]]}},{"type":"Feature","properties":{"geoid":"36047033500","clusterId":"new-york-central"},"geometry":{"type":"Polygon","coordinates":[[[-73.9479,40.6679],[-73.9369,40.6664],[-73.9367,40.6681],[-73.9479,40.6679]]]}},{"type":"Feature","properties":{"geoid":"36047033600","clusterId":"new-york-south"},"geometry":{"type":"Polygon","coordinates":[[[-74.017,40.581],[-74.0163,40.5712],[-74.0007,40.567],[-74.0042,40.5832],[-74.0095,40.5842],[-74.017,40.581]]]}},{"type":"Feature","properties":{"geoid":"36047033701","clusterId":"new-york-central"},"geometry":{"type":"Polygon","coordinates":[[[-73.9477,40.6699],[-73.9367,40.6691],[-73.9366,40.67],[-73.9477,40.6699]]]}},{"type":"Feature","properties":{"geoid":"36047033702","clusterId":"new-york-central"},"geometry":{"type":"Polygon","coordinates":[[[-73.9477,40.6695],[-73.9367,40.6681],[-73.9367,40.6691],[-73.9477,40.6695]]]}},{"type":"Feature","properties":{"geoid":"36047033900","clusterId":"new-york-central"},"geometry":{"type":"Polygon","coordinates":[[[-73.9476,40.6715],[-73.9366,40.67],[-73.9364,40.6718],[-73.9476,40.6715]]]}},{"type":"Feature","properties":{"geoid":"36047034000","clusterId":"new-york-south"},"geometry":{"type":"Polygon","coordinates":[[[-74.0025,40.5733],[-74.0001,40.5718],[-73.9914,40.5717],[-73.9917,40.5734],[-74.0025,40.5733]]]}},{"type":"Feature","properties":{"geoid":"36047034100","clusterId":"new-york-central"},"geometry":{"type":"Polygon","coordinates":[[[-73.9474,40.6733],[-73.9419,40.6721],[-73.9417,40.6747],[-73.9472,40.6751],[-73.9474,40.6733]]]}},{"type":"Feature","properties":{"geoid":"36047034200","clusterId":"new-york-south"},"geometry":{"type":"Polygon","coordinates":[[[-74.0028,40.5746],[-74.0003,40.5729],[-73.9917,40.5734],[-73.9922,40.5758],[-74.0028,40.5746]]]}},{"type":"Feature","properties":{"geoid":"36047034300","clusterId":"new-york-central"},"geometry":{"type":"Polygon","coordinates":[[[-73.9419,40.673],[-73.9364,40.6718],[-73.9361,40.6753],[-73.9417,40.6747],[-73.9419,40.673]]]}},{"type":"Feature","properties":{"geoid":"36047034500","clusterId":"new-york-central"},"geometry":{"type":"Polygon","coordinates":[[[-73.9363,40.6727],[-73.9309,40.6715],[-73.9306,40.6741],[-73.9361,40.6753],[-73.9363,40.6727]]]}},{"type":"Feature","properties":{"geoid":"36047034700","clusterId":"new-york-central"},"geometry":{"type":"Polygon","coordinates":[[[-73.9308,40.6724],[-73.9253,40.6712],[-73.9251,40.6738],[-73.9306,40.6741],[-73.9308,40.6724]]]}},{"type":"Feature","properties":{"geoid":"36047034800","clusterId":"new-york-south"},"geometry":{"type":"Polygon","coordinates":[[[-73.9907,40.5801],[-73.9905,40.5784],[-73.9841,40.5791],[-73.9834,40.5754],[-73.9813,40.5756],[-73.982,40.5793],[-73.9747,40.58],[-73.9746,40.5831],[-73.9871,40.5846],[-73.99,40.5807],[-73.9882,40.5797],[-73.9907,40.5801]]]}},{"type":"Feature","properties":{"geoid":"36047034901","clusterId":"new-york-central"},"geometry":{"type":"Polygon","coordinates":[[[-73.9311,40.669],[-73.9284,40.6686],[-73.9281,40.6713],[-73.9309,40.6715],[-73.9311,40.669]]]}},{"type":"Feature","properties":{"geoid":"36047034902","clusterId":"new-york-central"},"geometry":{"type":"Polygon","coordinates":[[[-73.9314,40.6661],[-73.9287,40.6651],[-73.9284,40.6686],[-73.9311,40.6688],[-73.9314,40.6661]]]}},{"type":"Feature","properties":{"geoid":"36047035000","clusterId":"new-york-south"},"geometry":{"type":"Polygon","coordinates":[[[-73.982,40.5793],[-73.9813,40.5756],[-73.9766,40.5753],[-73.9763,40.5798],[-73.982,40.5793]]]}},{"type":"Feature","properties":{"geoid":"36047035101","clusterId":"new-york-central"},"geometry":{"type":"Polygon","coordinates":[[[-73.9339,40.6692],[-73.9311,40.6688],[-73.9309,40.6715],[-73.9336,40.6716],[-73.9339,40.6692]]]}},{"type":"Feature","properties":{"geoid":"36047035102","clusterId":"new-york-central"},"geometry":{"type":"Polygon","coordinates":[[[-73.9341,40.6663],[-73.9315,40.6652],[-73.9311,40.6688],[-73.9339,40.669],[-73.9341,40.6663]]]}},{"type":"Feature","properties":{"geoid":"36047035200","clusterId":"new-york-south"},"geometry":{"type":"Polygon","coordinates":[[[-74.0024,40.5723],[-74.0007,40.567],[-73.9593,40.5695],[-73.9594,40.5752],[-73.973,40.576],[-73.9735,40.5748],[-73.9857,40.5751],[-73.9917,40.5734],[-73.9914,40.5717],[-74.0024,40.5723]]]}},{"type":"Feature","properties":{"geoid":"36047035301","clusterId":"new-york-central"},"geometry":{"type":"Polygon","coordinates":[[[-73.9366,40.6693],[-73.9339,40.669],[-73.9336,40.6716],[-73.9364,40.6718],[-73.9366,40.6693]]]}},{"type":"Feature","properties":{"geoid":"36047035302","clusterId":"new-york-central"},"geometry":{"type":"Polygon","coordinates":[[[-73.9369,40.6664],[-73.9342,40.6654],[-73.9339,40.669],[-73.9367,40.6691],[-73.9369,40.6664]]]}},{"type":"Feature","properties":{"geoid":"36047035400","clusterId":"new-york-south"},"geometry":{"type":"Polygon","coordinates":[[[-73.9765,40.576],[-73.9735,40.5748],[-73.9711,40.582],[-73.9673,40.5815],[-73.9666,40.5846],[-73.9746,40.5831],[-73.9765,40.576]]]}},{"type":"Feature","properties":{"geoid":"36047035500","clusterId":"new-york-central"},"geometry":{"type":"Polygon","coordinates":[[[-73.9372,40.6635],[-73.9285,40.6646],[-73.937,40.6655],[-73.9372,40.6635]]]}},{"type":"Feature","properties":{"geoid":"36047035601","clusterId":"new-york-south"},"geometry":{"type":"Polygon","coordinates":[[[-73.9716,40.5807],[-73.9691,40.58],[-73.9673,40.5815],[-73.9711,40.582],[-73.9716,40.5807]]]}},{"type":"Feature","properties":{"geoid":"36047035602","clusterId":"new-york-south"},"geometry":{"type":"Polygon","coordinates":[[[-73.9729,40.5765],[-73.9689,40.5752],[-73.9676,40.5804],[-73.9718,40.5798],[-73.9729,40.5765]]]}},{"type":"Feature","properties":{"geoid":"36047035701","clusterId":"new-york-central"},"geometry":{"type":"Polygon","coordinates":[[[-73.9283,40.6689],[-73.9256,40.6685],[-73.9253,40.6712],[-73.9281,40.6713],[-73.9283,40.6689]]]}},{"type":"Feature","properties":{"geoid":"36047035900","clusterId":"new-york-central"},"geometry":{"type":"Polygon","coordinates":[[[-73.9256,40.6687],[-73.9244,40.6664],[-73.9228,40.6671],[-73.9221,40.6737],[-73.9251,40.6738],[-73.9256,40.6687]]]}},{"type":"Feature","properties":{"geoid":"36047036001","clusterId":"new-york-south"},"geometry":{"type":"Polygon","coordinates":[[[-73.9689,40.5752],[-73.9629,40.575],[-73.9633,40.5772],[-73.9689,40.5752]]]}},{"type":"Feature","properties":{"geoid":"36047036002","clusterId":"new-york-south"},"geometry":{"type":"Polygon","coordinates":[[[-73.9633,40.5772],[-73.9629,40.575],[-73.9594,40.5752],[-73.9596,40.578],[-73.9633,40.5772]]]}},{"type":"Feature","properties":{"geoid":"36047036100","clusterId":"new-york-central"},"geometry":{"type":"Polygon","coordinates":[[[-73.9227,40.6674],[-73.9149,40.6705],[-73.9224,40.671],[-73.9227,40.6674]]]}},{"type":"Feature","properties":{"geoid":"36047036200","clusterId":"new-york-south"},"geometry":{"type":"Polygon","coordinates":[[[-73.9685,40.5764],[-73.9596,40.578],[-73.9598,40.5801],[-73.9681,40.5783],[-73.9685,40.5764]]]}},{"type":"Feature","properties":{"geoid":"36047036300","clusterId":"new-york-central"},"geometry":{"type":"Polygon","coordinates":[[[-73.9223,40.6719],[-73.9149,40.6705],[-73.9093,40.6729],[-73.9221,40.6737],[-73.9223,40.6719]]]}},{"type":"Feature","properties":{"geoid":"36047036400","clusterId":"new-york-south"},"geometry":{"type":"Polygon","coordinates":[[[-73.9681,40.5783],[-73.9598,40.5801],[-73.9599,40.582],[-73.9676,40.5804],[-73.9681,40.5783]]]}},{"type":"Feature","properties":{"geoid":"36047036501","clusterId":"new-york-central"},"geometry":{"type":"Polygon","coordinates":[[[-73.9139,40.6741],[-73.9112,40.6732],[-73.9111,40.6748],[-73.9083,40.6746],[-73.9081,40.6762],[-73.9137,40.6765],[-73.9139,40.6741]]]}},{"type":"Feature","properties":{"geoid":"36047036502","clusterId":"new-york-central"},"geometry":{"type":"Polygon","coordinates":[[[-73.9112,40.6732],[-73.9025,40.6759],[-73.9081,40.6762],[-73.9083,40.6746],[-73.9111,40.6748],[-73.9112,40.6732]]]}},{"type":"Feature","properties":{"geoid":"36047036600","clusterId":"new-york-south"},"geometry":{"type":"Polygon","coordinates":[[[-73.9673,40.5815],[-73.9676,40.5804],[-73.9599,40.582],[-73.9603,40.585],[-73.9666,40.5846],[-73.9673,40.5815]]]}},{"type":"Feature","properties":{"geoid":"36047036700","clusterId":"new-york-central"},"geometry":{"type":"Polygon","coordinates":[[[-73.908,40.6774],[-73.9081,40.6762],[-73.9,40.6769],[-73.9055,40.68],[-73.908,40.6774]]]}},{"type":"Feature","properties":{"geoid":"36047036900","clusterId":"new-york-central"},"geometry":{"type":"Polygon","coordinates":[[[-73.9118,40.6832],[-73.9109,40.6763],[-73.9081,40.6762],[-73.9055,40.68],[-73.9118,40.6832]]]}},{"type":"Feature","properties":{"geoid":"36047037000","clusterId":"new-york-south"},"geometry":{"type":"Polygon","coordinates":[[[-73.9665,40.5851],[-73.9603,40.585],[-73.9607,40.5916],[-73.9651,40.5911],[-73.9665,40.5851]]]}},{"type":"Feature","properties":{"geoid":"36047037100","clusterId":"new-york-central"},"geometry":{"type":"Polygon","coordinates":[[[-73.917,40.6818],[-73.9163,40.6786],[-73.9108,40.6783],[-73.9117,40.6824],[-73.917,40.6818]]]}},{"type":"Feature","properties":{"geoid":"36047037300","clusterId":"new-york-central"},"geometry":{"type":"Polygon","coordinates":[[[-73.918,40.6872],[-73.917,40.6818],[-73.9117,40.6824],[-73.918,40.6872]]]}},{"type":"Feature","properties":{"geoid":"36047037401","clusterId":"new-york-south"},"geometry":{"type":"Polygon","coordinates":[[[-73.9702,40.5905],[-73.9691,40.584],[-73.9666,40.5846],[-73.9651,40.5911],[-73.9702,40.5905]]]}},{"type":"Feature","properties":{"geoid":"36047037402","clusterId":"new-york-south"},"geometry":{"type":"Polygon","coordinates":[[[-73.9744,40.5852],[-73.9746,40.5831],[-73.9691,40.584],[-73.9702,40.5905],[-73.9742,40.5901],[-73.9744,40.5852]]]}},{"type":"Feature","properties":{"geoid":"36047037500","clusterId":"new-york-central"},"geometry":{"type":"Polygon","coordinates":[[[-73.9243,40.6908],[-73.9233,40.6856],[-73.9178,40.6862],[-73.9243,40.6908]]]}},{"type":"Feature","properties":{"geoid":"36047037700","clusterId":"new-york-central"},"geometry":{"type":"Polygon","coordinates":[[[-73.9233,40.6856],[-73.9225,40.6819],[-73.9171,40.6826],[-73.9178,40.6862],[-73.9233,40.6856]]]}},{"type":"Feature","properties":{"geoid":"36047037900","clusterId":"new-york-central"},"geometry":{"type":"Polygon","coordinates":[[[-73.9225,40.6819],[-73.9218,40.6789],[-73.9163,40.6786],[-73.9171,40.6826],[-73.9225,40.6819]]]}},{"type":"Feature","properties":{"geoid":"36047038100","clusterId":"new-york-central"},"geometry":{"type":"Polygon","coordinates":[[[-73.9287,40.6797],[-73.9216,40.6789],[-73.9228,40.6834],[-73.929,40.6827],[-73.9287,40.6797]]]}},{"type":"Feature","properties":{"geoid":"36047038200","clusterId":"new-york-south"},"geometry":{"type":"Polygon","coordinates":[[[-73.9846,40.5936],[-73.9838,40.589],[-73.9785,40.5897],[-73.9788,40.5928],[-73.9846,40.5936]]]}},{"type":"Feature","properties":{"geoid":"36047038300","clusterId":"new-york-central"},"geometry":{"type":"Polygon","coordinates":[[[-73.9296,40.6856],[-73.929,40.6827],[-73.9228,40.6834],[-73.9234,40.6863],[-73.9296,40.6856]]]}},{"type":"Feature","properties":{"geoid":"36047038500","clusterId":"new-york-central"},"geometry":{"type":"Polygon","coordinates":[[[-73.9302,40.6886],[-73.9296,40.6856],[-73.9234,40.6863],[-73.924,40.6893],[-73.9302,40.6886]]]}},{"type":"Feature","properties":{"geoid":"36047038600","clusterId":"new-york-south"},"geometry":{"type":"Polygon","coordinates":[[[-73.9802,40.594],[-73.9756,40.5899],[-73.9712,40.5904],[-73.9718,40.5938],[-73.9802,40.594]]]}},{"type":"Feature","properties":{"geoid":"36047038700","clusterId":"new-york-central"},"geometry":{"type":"Polygon","coordinates":[[[-73.9309,40.6922],[-73.9302,40.6886],[-73.924,40.6893],[-73.9275,40.6926],[-73.9309,40.6922]]]}},{"type":"Feature","properties":{"geoid":"36047038800","clusterId":"new-york-south"},"geometry":{"type":"Polygon","coordinates":[[[-73.9719,40.5944],[-73.9712,40.5904],[-73.9665,40.591],[-73.9674,40.5955],[-73.9719,40.5944]]]}},{"type":"Feature","properties":{"geoid":"36047038900","clusterId":"new-york-central"},"geometry":{"type":"Polygon","coordinates":[[[-73.9419,40.7007],[-73.9352,40.697],[-73.9323,40.6973],[-73.937,40.7019],[-73.9419,40.7007]]]}},{"type":"Feature","properties":{"geoid":"36047039000","clusterId":"new-york-south"},"geometry":{"type":"Polygon","coordinates":[[[-73.9674,40.5955],[-73.9665,40.591],[-73.9607,40.5916],[-73.9608,40.5937],[-73.9646,40.5933],[-73.9651,40.5957],[-73.9674,40.5955]]]}},{"type":"Feature","properties":{"geoid":"36047039100","clusterId":"new-york-central"},"geometry":{"type":"Polygon","coordinates":[[[-73.937,40.7019],[-73.9355,40.6991],[-73.9293,40.6976],[-73.934,40.7027],[-73.937,40.7019]]]}},{"type":"Feature","properties":{"geoid":"36047039200","clusterId":"new-york-south"},"geometry":{"type":"Polygon","coordinates":[[[-73.9652,40.5979],[-73.9646,40.5933],[-73.9608,40.5937],[-73.9612,40.5983],[-73.9652,40.5979]]]}},{"type":"Feature","properties":{"geoid":"36047039300","clusterId":"new-york-central"},"geometry":{"type":"Polygon","coordinates":[[[-73.9352,40.697],[-73.9278,40.6928],[-73.9265,40.6941],[-73.9293,40.6976],[-73.9352,40.697]]]}},{"type":"Feature","properties":{"geoid":"36047039400","clusterId":"new-york-south"},"geometry":{"type":"Polygon","coordinates":[[[-73.9682,40.5998],[-73.9674,40.5955],[-73.9651,40.5957],[-73.9655,40.5978],[-73.9612,40.5983],[-73.9614,40.6006],[-73.9682,40.5998]]]}},{"type":"Feature","properties":{"geoid":"36047039500","clusterId":"new-york-central"},"geometry":{"type":"Polygon","coordinates":[[[-73.9278,40.6928],[-73.9236,40.6904],[-73.9212,40.6928],[-73.9265,40.6957],[-73.9278,40.6928]]]}},{"type":"Feature","properties":{"geoid":"36047039600","clusterId":"new-york-south"},"geometry":{"type":"Polygon","coordinates":[[[-73.9719,40.5994],[-73.9718,40.5951],[-73.9674,40.5955],[-73.9682,40.5998],[-73.9719,40.5994]]]}},{"type":"Feature","properties":{"geoid":"36047039700","clusterId":"new-york-central"},"geometry":{"type":"Polygon","coordinates":[[[-73.9236,40.6904],[-73.916,40.6861],[-73.9146,40.6875],[-73.9222,40.6918],[-73.9236,40.6904]]]}},{"type":"Feature","properties":{"geoid":"36047039800","clusterId":"new-york-south"},"geometry":{"type":"Polygon","coordinates":[[[-73.9804,40.5962],[-73.98,40.5941],[-73.9718,40.5938],[-73.9713,40.5964],[-73.9804,40.5962]]]}},{"type":"Feature","properties":{"geoid":"36047039900","clusterId":"new-york-central"},"geometry":{"type":"Polygon","coordinates":[[[-73.9222,40.6918],[-73.9146,40.6875],[-73.9132,40.689],[-73.9212,40.6928],[-73.9222,40.6918]]]}},{"type":"Feature","properties":{"geoid":"36047040000","clusterId":"new-york-south"},"geometry":{"type":"Polygon","coordinates":[[[-73.9808,40.5984],[-73.9804,40.5962],[-73.9715,40.5972],[-73.9719,40.5994],[-73.9808,40.5984]]]}},{"type":"Feature","properties":{"geoid":"36047040100","clusterId":"new-york-central"},"geometry":{"type":"Polygon","coordinates":[[[-73.916,40.6861],[-73.9123,40.6839],[-73.9094,40.6868],[-73.9132,40.689],[-73.916,40.6861]]]}},{"type":"Feature","properties":{"geoid":"36047040200","clusterId":"new-york-south"},"geometry":{"type":"Polygon","coordinates":[[[-73.9855,40.5979],[-73.9846,40.5936],[-73.98,40.5941],[-73.9808,40.5984],[-73.9855,40.5979]]]}},{"type":"Feature","properties":{"geoid":"36047040300","clusterId":"new-york-central"},"geometry":{"type":"Polygon","coordinates":[[[-73.9123,40.6839],[-73.9085,40.6818],[-73.9054,40.6837],[-73.9045,40.6863],[-73.9057,40.687],[-73.9072,40.6856],[-73.9094,40.6868],[-73.9123,40.6839]]]}},{"type":"Feature","properties":{"geoid":"36047040400","clusterId":"new-york-south"},"geometry":{"type":"Polygon","coordinates":[[[-73.987,40.606],[-73.9891,40.6065],[-73.9868,40.6051],[-73.9855,40.5979],[-73.9836,40.5981],[-73.985,40.6057],[-73.987,40.606]]]}},{"type":"Feature","properties":{"geoid":"36047040500","clusterId":"new-york-central"},"geometry":{"type":"Polygon","coordinates":[[[-73.9085,40.6818],[-73.904,40.6792],[-73.9026,40.6807],[-73.9028,40.6824],[-73.9054,40.6837],[-73.9085,40.6818]]]}},{"type":"Feature","properties":{"geoid":"36047040600","clusterId":"new-york-south"},"geometry":{"type":"Polygon","coordinates":[[[-73.9845,40.6029],[-73.9836,40.5981],[-73.9799,40.5985],[-73.9817,40.6032],[-73.9845,40.6029]]]}},{"type":"Feature","properties":{"geoid":"36047040800","clusterId":"new-york-south"},"geometry":{"type":"Polygon","coordinates":[[[-73.9817,40.6032],[-73.9799,40.5985],[-73.9769,40.5989],[-73.9778,40.6036],[-73.9817,40.6032]]]}},{"type":"Feature","properties":{"geoid":"36047040900","clusterId":"new-york-central"},"geometry":{"type":"Polygon","coordinates":[[[-73.908,40.6906],[-73.9041,40.6886],[-73.9012,40.6914],[-73.905,40.6937],[-73.908,40.6906]]]}},{"type":"Feature","properties":{"geoid":"36047041000","clusterId":"new-york-south"},"geometry":{"type":"Polygon","coordinates":[[[-73.9778,40.6036],[-73.9769,40.5989],[-73.9729,40.5993],[-73.9726,40.6018],[-73.9755,40.6015],[-73.976,40.6038],[-73.9778,40.6036]]]}},{"type":"Feature","properties":{"geoid":"36047041100","clusterId":"new-york-central"},"geometry":{"type":"Polygon","coordinates":[[[-73.9102,40.6873],[-73.9072,40.6856],[-73.9041,40.6886],[-73.9073,40.6902],[-73.9102,40.6873]]]}},{"type":"Feature","properties":{"geoid":"36047041200","clusterId":"new-york-south"},"geometry":{"type":"Polygon","coordinates":[[[-73.9764,40.6062],[-73.9755,40.6015],[-73.9726,40.6018],[-73.9726,40.6067],[-73.9764,40.6062]]]}},{"type":"Feature","properties":{"geoid":"36047041300","clusterId":"new-york-central"},"geometry":{"type":"Polygon","coordinates":[[[-73.9139,40.6894],[-73.9102,40.6873],[-73.9073,40.6902],[-73.9111,40.6924],[-73.9139,40.6894]]]}},{"type":"Feature","properties":{"geoid":"36047041401","clusterId":"new-york-south"},"geometry":{"type":"Polygon","coordinates":[[[-73.9726,40.6018],[-73.9729,40.5993],[-73.9691,40.5997],[-73.97,40.6044],[-73.9722,40.6042],[-73.9726,40.6018]]]}},{"type":"Feature","properties":{"geoid":"36047041402","clusterId":"new-york-south"},"geometry":{"type":"Polygon","coordinates":[[[-73.97,40.6044],[-73.9691,40.5997],[-73.9659,40.6001],[-73.967,40.6057],[-73.97,40.6044]]]}},{"type":"Feature","properties":{"geoid":"36047041500","clusterId":"new-york-central"},"geometry":{"type":"Polygon","coordinates":[[[-73.9178,40.6915],[-73.9139,40.6894],[-73.9111,40.6924],[-73.9148,40.6945],[-73.9178,40.6915]]]}},{"type":"Feature","properties":{"geoid":"36047041600","clusterId":"new-york-south"},"geometry":{"type":"Polygon","coordinates":[[[-73.9661,40.6025],[-73.9659,40.6001],[-73.9614,40.6006],[-73.9617,40.6054],[-73.9644,40.6051],[-73.9639,40.6027],[-73.9661,40.6025]]]}},{"type":"Feature","properties":{"geoid":"36047041700","clusterId":"new-york-central"},"geometry":{"type":"Polygon","coordinates":[[[-73.9212,40.6928],[-73.9178,40.6915],[-73.9148,40.6945],[-73.9178,40.6962],[-73.9212,40.6928]]]}},{"type":"Feature","properties":{"geoid":"36047041800","clusterId":"new-york-south"},"geometry":{"type":"Polygon","coordinates":[[[-73.967,40.6073],[-73.9664,40.6025],[-73.9639,40.6027],[-73.9644,40.6051],[-73.9617,40.6054],[-73.9619,40.6073],[-73.967,40.6073]]]}},{"type":"Feature","properties":{"geoid":"36047041900","clusterId":"new-york-central"},"geometry":{"type":"Polygon","coordinates":[[[-73.9242,40.6944],[-73.9212,40.6928],[-73.9178,40.6962],[-73.9208,40.6979],[-73.9242,40.6944]]]}},{"type":"Feature","properties":{"geoid":"36047042000","clusterId":"new-york-south"},"geometry":{"type":"Polygon","coordinates":[[[-73.9677,40.6094],[-73.9673,40.6073],[-73.9619,40.6073],[-73.9629,40.6126],[-73.9648,40.6123],[-73.9643,40.6098],[-73.9677,40.6094]]]}},{"type":"Feature","properties":{"geoid":"36047042100","clusterId":"new-york-central"},"geometry":{"type":"Polygon","coordinates":[[[-73.9272,40.6961],[-73.9242,40.6944],[-73.9208,40.6979],[-73.9238,40.6996],[-73.9272,40.6961]]]}},{"type":"Feature","properties":{"geoid":"36047042200","clusterId":"new-york-south"},"geometry":{"type":"Polygon","coordinates":[[[-73.973,40.6088],[-73.9722,40.6042],[-73.967,40.6057],[-73.9677,40.6094],[-73.973,40.6088]]]}},{"type":"Feature","properties":{"geoid":"36047042300","clusterId":"new-york-central"},"geometry":{"type":"Polygon","coordinates":[[[-73.9303,40.699],[-73.9272,40.6961],[-73.9238,40.6996],[-73.9276,40.7018],[-73.9303,40.699]]]}},{"type":"Feature","properties":{"geoid":"36047042400","clusterId":"new-york-south"},"geometry":{"type":"Polygon","coordinates":[[[-73.9787,40.6082],[-73.9778,40.6036],[-73.976,40.6038],[-73.9764,40.6062],[-73.9726,40.6067],[-73.973,40.6088],[-73.9787,40.6082]]]}},{"type":"Feature","properties":{"geoid":"36047042500","clusterId":"new-york-central"},"geometry":{"type":"Polygon","coordinates":[[[-73.934,40.7027],[-73.9305,40.6988],[-73.9276,40.7018],[-73.9312,40.7038],[-73.934,40.7027]]]}},{"type":"Feature","properties":{"geoid":"36047042600","clusterId":"new-york-south"},"geometry":{"type":"Polygon","coordinates":[[[-73.9825,40.6078],[-73.9817,40.6032],[-73.9778,40.6036],[-73.9787,40.6082],[-73.9825,40.6078]]]}},{"type":"Feature","properties":{"geoid":"36047042700","clusterId":"new-york-central"},"geometry":{"type":"Polygon","coordinates":[[[-73.9312,40.7038],[-73.9268,40.7013],[-73.9238,40.7044],[-73.9261,40.7057],[-73.9312,40.7038]]]}},{"type":"Feature","properties":{"geoid":"36047042800","clusterId":"new-york-south"},"geometry":{"type":"Polygon","coordinates":[[[-73.9886,40.607],[-73.985,40.6057],[-73.9845,40.6029],[-73.9817,40.6032],[-73.9825,40.6078],[-73.9886,40.607]]]}},{"type":"Feature","properties":{"geoid":"36047042900","clusterId":"new-york-central"},"geometry":{"type":"Polygon","coordinates":[[[-73.9268,40.7013],[-73.9231,40.6992],[-73.9201,40.7023],[-73.9238,40.7044],[-73.9268,40.7013]]]}},{"type":"Feature","properties":{"geoid":"36047043000","clusterId":"new-york-south"},"geometry":{"type":"Polygon","coordinates":[[[-73.9884,40.6071],[-73.9816,40.6079],[-73.9825,40.6126],[-73.9884,40.6071]]]}},{"type":"Feature","properties":{"geoid":"36047043100","clusterId":"new-york-central"},"geometry":{"type":"Polygon","coordinates":[[[-73.9231,40.6992],[-73.9193,40.6971],[-73.9163,40.7001],[-73.9201,40.7023],[-73.9231,40.6992]]]}},{"type":"Feature","properties":{"geoid":"36047043200","clusterId":"new-york-south"},"geometry":{"type":"Polygon","coordinates":[[[-73.9827,40.6127],[-73.9816,40.6079],[-73.9787,40.6082],[-73.9795,40.6127],[-73.9814,40.6138],[-73.9827,40.6127]]]}},{"type":"Feature","properties":{"geoid":"36047043300","clusterId":"new-york-central"},"geometry":{"type":"Polygon","coordinates":[[[-73.9193,40.6971],[-73.9156,40.6949],[-73.9126,40.698],[-73.9163,40.7001],[-73.9193,40.6971]]]}},{"type":"Feature","properties":{"geoid":"36047043400","clusterId":"new-york-south"},"geometry":{"type":"Polygon","coordinates":[[[-73.9792,40.6125],[-73.9787,40.6082],[-73.974,40.6087],[-73.9744,40.6106],[-73.9792,40.6125]]]}},{"type":"Feature","properties":{"geoid":"36047043500","clusterId":"new-york-central"},"geometry":{"type":"Polygon","coordinates":[[[-73.9156,40.6949],[-73.9118,40.6928],[-73.9088,40.6958],[-73.9126,40.698],[-73.9156,40.6949]]]}},{"type":"Feature","properties":{"geoid":"36047043600","clusterId":"new-york-south"},"geometry":{"type":"Polygon","coordinates":[[[-73.9808,40.6144],[-73.9744,40.6106],[-73.9748,40.6126],[-73.9796,40.6156],[-73.9808,40.6144]]]}},{"type":"Feature","properties":{"geoid":"36047043700","clusterId":"new-york-central"},"geometry":{"type":"Polygon","coordinates":[[[-73.9118,40.6928],[-73.908,40.6906],[-73.905,40.6937],[-73.9088,40.6958],[-73.9118,40.6928]]]}},{"type":"Feature","properties":{"geoid":"36047043800","clusterId":"new-york-south"},"geometry":{"type":"Polygon","coordinates":[[[-73.9745,40.6113],[-73.974,40.6087],[-73.9677,40.6094],[-73.9682,40.612],[-73.9745,40.6113]]]}},{"type":"Feature","properties":{"geoid":"36047043900","clusterId":"new-york-central"},"geometry":{"type":"Polygon","coordinates":[[[-73.9136,40.6993],[-73.9058,40.6941],[-73.9043,40.6957],[-73.9118,40.6999],[-73.9114,40.7015],[-73.9136,40.6993]]]}},{"type":"Feature","properties":{"geoid":"36047044000","clusterId":"new-york-south"},"geometry":{"type":"Polygon","coordinates":[[[-73.9752,40.6147],[-73.9745,40.6113],[-73.9668,40.6121],[-73.9673,40.6148],[-73.9752,40.6147]]]}},{"type":"Feature","properties":{"geoid":"36047044100","clusterId":"new-york-central"},"geometry":{"type":"Polygon","coordinates":[[[-73.9171,40.7005],[-73.9141,40.6988],[-73.9114,40.7015],[-73.9129,40.7024],[-73.9118,40.7034],[-73.9133,40.7043],[-73.9171,40.7005]]]}},{"type":"Feature","properties":{"geoid":"36047044200","clusterId":"new-york-south"},"geometry":{"type":"Polygon","coordinates":[[[-73.9679,40.612],[-73.9677,40.6094],[-73.9643,40.6098],[-73.9634,40.6152],[-73.9673,40.6148],[-73.9668,40.6121],[-73.9679,40.612]]]}},{"type":"Feature","properties":{"geoid":"36047044300","clusterId":"new-york-central"},"geometry":{"type":"Polygon","coordinates":[[[-73.9201,40.7023],[-73.9171,40.7005],[-73.9133,40.7043],[-73.9163,40.7061],[-73.9201,40.7023]]]}},{"type":"Feature","properties":{"geoid":"36047044400","clusterId":"new-york-south"},"geometry":{"type":"Polygon","coordinates":[[[-73.9734,40.6165],[-73.9729,40.6142],[-73.9653,40.615],[-73.9657,40.6174],[-73.9734,40.6165]]]}},{"type":"Feature","properties":{"geoid":"36047044500","clusterId":"new-york-central"},"geometry":{"type":"Polygon","coordinates":[[[-73.9231,40.704],[-73.9201,40.7023],[-73.9163,40.7061],[-73.9192,40.7078],[-73.9231,40.704]]]}},{"type":"Feature","properties":{"geoid":"36047044600","clusterId":"new-york-south"},"geometry":{"type":"Polygon","coordinates":[[[-73.9791,40.6161],[-73.9748,40.6126],[-73.9752,40.6147],[-73.9729,40.6142],[-73.9734,40.6165],[-73.9779,40.6173],[-73.9791,40.6161]]]}},{"type":"Feature","properties":{"geoid":"36047044700","clusterId":"new-york-central"},"geometry":{"type":"Polygon","coordinates":[[[-73.9259,40.7059],[-73.9231,40.704],[-73.9192,40.7078],[-73.9219,40.7094],[-73.9259,40.7059]]]}},{"type":"Feature","properties":{"geoid":"36047044800","clusterId":"new-york-south"},"geometry":{"type":"Polygon","coordinates":[[[-73.9778,40.6174],[-73.9756,40.6159],[-73.9691,40.617],[-73.9698,40.6206],[-73.9748,40.6184],[-73.9753,40.6209],[-73.9778,40.6174]]]}},{"type":"Feature","properties":{"geoid":"36047044901","clusterId":"new-york-central"},"geometry":{"type":"Polygon","coordinates":[[[-73.9411,40.7223],[-73.94,40.7158],[-73.9356,40.7152],[-73.9363,40.7168],[-73.9347,40.7172],[-73.9362,40.7243],[-73.9411,40.7223]]]}},{"type":"Feature","properties":{"geoid":"36047045000","clusterId":"new-york-south"},"geometry":{"type":"Polygon","coordinates":[[[-73.9758,40.6236],[-73.9748,40.6184],[-73.9698,40.6206],[-73.9705,40.6242],[-73.9758,40.6236]]]}},{"type":"Feature","properties":{"geoid":"36047045200","clusterId":"new-york-south"},"geometry":{"type":"Polygon","coordinates":[[[-73.9702,40.6242],[-73.9691,40.617],[-73.9657,40.6174],[-73.9666,40.6222],[-73.9686,40.6219],[-73.9702,40.6242]]]}},{"type":"Feature","properties":{"geoid":"36047045300","clusterId":"new-york-central"},"geometry":{"type":"Polygon","coordinates":[[[-73.9339,40.7075],[-73.9327,40.7032],[-73.9261,40.7057],[-73.9219,40.7094],[-73.9339,40.7075]]]}},{"type":"Feature","properties":{"geoid":"36047045400","clusterId":"new-york-south"},"geometry":{"type":"Polygon","coordinates":[[[-73.9666,40.6222],[-73.9653,40.615],[-73.9634,40.6152],[-73.9647,40.6224],[-73.9666,40.6222]]]}},{"type":"Feature","properties":{"geoid":"36047045600","clusterId":"new-york-south"},"geometry":{"type":"Polygon","coordinates":[[[-73.9689,40.6292],[-73.9666,40.6222],[-73.9647,40.6224],[-73.9661,40.6295],[-73.9689,40.6292]]]}},{"type":"Feature","properties":{"geoid":"36047045800","clusterId":"new-york-south"},"geometry":{"type":"Polygon","coordinates":[[[-73.9714,40.629],[-73.9705,40.6242],[-73.9691,40.6243],[-73.9686,40.6219],[-73.9666,40.6222],[-73.9689,40.6292],[-73.9714,40.629]]]}},{"type":"Feature","properties":{"geoid":"36047046000","clusterId":"new-york-south"},"geometry":{"type":"Polygon","coordinates":[[[-73.9716,40.63],[-73.9714,40.629],[-73.9661,40.6295],[-73.9667,40.6319],[-73.9599,40.6327],[-73.9604,40.6354],[-73.9716,40.63]]]}},{"type":"Feature","properties":{"geoid":"36047046201","clusterId":"new-york-south"},"geometry":{"type":"Polygon","coordinates":[[[-73.9766,40.6276],[-73.9762,40.626],[-73.9709,40.6266],[-73.9716,40.63],[-73.9766,40.6276]]]}},{"type":"Feature","properties":{"geoid":"36047046202","clusterId":"new-york-south"},"geometry":{"type":"Polygon","coordinates":[[[-73.9773,40.6259],[-73.977,40.6215],[-73.9754,40.6208],[-73.9758,40.6236],[-73.9705,40.6242],[-73.9709,40.6266],[-73.9773,40.6259]]]}},{"type":"Feature","properties":{"geoid":"36047046400","clusterId":"new-york-south"},"geometry":{"type":"Polygon","coordinates":[[[-73.981,40.6247],[-73.977,40.6215],[-73.9766,40.6276],[-73.981,40.6247]]]}},{"type":"Feature","properties":{"geoid":"36047046800","clusterId":"new-york-south"},"geometry":{"type":"Polygon","coordinates":[[[-73.9857,40.6236],[-73.9845,40.6213],[-73.9774,40.6179],[-73.9754,40.6208],[-73.9844,40.6249],[-73.9857,40.6236]]]}},{"type":"Feature","properties":{"geoid":"36047047000","clusterId":"new-york-south"},"geometry":{"type":"Polygon","coordinates":[[[-73.9902,40.6266],[-73.9861,40.6232],[-73.9844,40.6249],[-73.9816,40.6241],[-73.9884,40.6282],[-73.9902,40.6266]]]}},{"type":"Feature","properties":{"geoid":"36047047200","clusterId":"new-york-south"},"geometry":{"type":"Polygon","coordinates":[[[-73.9883,40.6283],[-73.9816,40.6241],[-73.9798,40.6258],[-73.9867,40.6299],[-73.9883,40.6283]]]}},{"type":"Feature","properties":{"geoid":"36047047400","clusterId":"new-york-south"},"geometry":{"type":"Polygon","coordinates":[[[-73.9861,40.6305],[-73.9798,40.6258],[-73.9781,40.6275],[-73.9849,40.6316],[-73.9861,40.6305]]]}},{"type":"Feature","properties":{"geoid":"36047047600","clusterId":"new-york-south"},"geometry":{"type":"Polygon","coordinates":[[[-73.9843,40.6322],[-73.9766,40.6276],[-73.9772,40.6307],[-73.9826,40.6338],[-73.9843,40.6322]]]}},{"type":"Feature","properties":{"geoid":"36047047700","clusterId":"new-york-central"},"geometry":{"type":"Polygon","coordinates":[[[-73.9468,40.7188],[-73.9434,40.7189],[-73.9427,40.7147],[-73.9387,40.7153],[-73.94,40.7158],[-73.9411,40.7223],[-73.9468,40.7188]]]}},{"type":"Feature","properties":{"geoid":"36047047800","clusterId":"new-york-south"},"geometry":{"type":"Polygon","coordinates":[[[-73.982,40.6344],[-73.9782,40.6303],[-73.976,40.6313],[-73.9769,40.6357],[-73.9791,40.6354],[-73.9794,40.6369],[-73.982,40.6344]]]}},{"type":"Feature","properties":{"geoid":"36047048000","clusterId":"new-york-south"},"geometry":{"type":"Polygon","coordinates":[[[-73.9772,40.6307],[-73.9766,40.6276],[-73.9718,40.6299],[-73.9724,40.633],[-73.9772,40.6307]]]}},{"type":"Feature","properties":{"geoid":"36047048100","clusterId":"new-york-central"},"geometry":{"type":"Polygon","coordinates":[[[-73.9421,40.7147],[-73.9407,40.712],[-73.9348,40.7134],[-73.9356,40.7152],[-73.9421,40.7147]]]}},{"type":"Feature","properties":{"geoid":"36047048200","clusterId":"new-york-south"},"geometry":{"type":"Polygon","coordinates":[[[-73.9724,40.633],[-73.9718,40.6299],[-73.9668,40.6323],[-73.968,40.6367],[-73.9703,40.6364],[-73.9699,40.6342],[-73.9724,40.633]]]}},{"type":"Feature","properties":{"geoid":"36047048400","clusterId":"new-york-south"},"geometry":{"type":"Polygon","coordinates":[[[-73.9769,40.6357],[-73.976,40.6313],[-73.9699,40.6342],[-73.9703,40.6364],[-73.9769,40.6357]]]}},{"type":"Feature","properties":{"geoid":"36047048500","clusterId":"new-york-central"},"geometry":{"type":"Polygon","coordinates":[[[-73.9407,40.712],[-73.9385,40.7078],[-73.9393,40.7048],[-73.937,40.7019],[-73.9327,40.7032],[-73.9339,40.7075],[-73.9321,40.7078],[-73.9348,40.7134],[-73.9407,40.712]]]}},{"type":"Feature","properties":{"geoid":"36047048600","clusterId":"new-york-south"},"geometry":{"type":"Polygon","coordinates":[[[-73.9804,40.6424],[-73.9791,40.6354],[-73.976,40.6358],[-73.9783,40.6433],[-73.9804,40.6424]]]}},{"type":"Feature","properties":{"geoid":"36047048800","clusterId":"new-york-south"},"geometry":{"type":"Polygon","coordinates":[[[-73.9783,40.6433],[-73.9773,40.6381],[-73.9735,40.6385],[-73.9739,40.6409],[-73.9759,40.6407],[-73.9766,40.644],[-73.9783,40.6433]]]}},{"type":"Feature","properties":{"geoid":"36047048900","clusterId":"new-york-central"},"geometry":{"type":"Polygon","coordinates":[[[-73.941,40.7046],[-73.9404,40.7011],[-73.937,40.7019],[-73.9393,40.7048],[-73.941,40.7046]]]}},{"type":"Feature","properties":{"geoid":"36047049000","clusterId":"new-york-south"},"geometry":{"type":"Polygon","coordinates":[[[-73.9764,40.6382],[-73.976,40.6358],[-73.9703,40.6364],[-73.9712,40.6412],[-73.9739,40.6409],[-73.9735,40.6385],[-73.9764,40.6382]]]}},{"type":"Feature","properties":{"geoid":"36047049100","clusterId":"new-york-central"},"geometry":{"type":"Polygon","coordinates":[[[-73.9498,40.7052],[-73.9404,40.7011],[-73.941,40.7046],[-73.9498,40.7052]]]}},{"type":"Feature","properties":{"geoid":"36047049200","clusterId":"new-york-south"},"geometry":{"type":"Polygon","coordinates":[[[-73.9721,40.6459],[-73.9703,40.6364],[-73.968,40.6367],[-73.9708,40.6464],[-73.9721,40.6459]]]}},{"type":"Feature","properties":{"geoid":"36047049301","clusterId":"new-york-central"},"geometry":{"type":"Polygon","coordinates":[[[-73.9438,40.7109],[-73.9434,40.7088],[-73.9401,40.7091],[-73.9404,40.7112],[-73.9438,40.7109]]]}},{"type":"Feature","properties":{"geoid":"36047049302","clusterId":"new-york-central"},"geometry":{"type":"Polygon","coordinates":[[[-73.9434,40.7088],[-73.9427,40.7045],[-73.9393,40.7048],[-73.9389,40.7085],[-73.9434,40.7088]]]}},{"type":"Feature","properties":{"geoid":"36047049400","clusterId":"new-york-south"},"geometry":{"type":"Polygon","coordinates":[[[-73.9766,40.644],[-73.9759,40.6407],[-73.9712,40.6412],[-73.9721,40.6459],[-73.9766,40.644]]]}},{"type":"Feature","properties":{"geoid":"36047049500","clusterId":"new-york-central"},"geometry":{"type":"Polygon","coordinates":[[[-73.9459,40.7136],[-73.9455,40.7107],[-73.9404,40.7112],[-73.9417,40.714],[-73.9459,40.7136]]]}},{"type":"Feature","properties":{"geoid":"36047049600","clusterId":"new-york-south"},"geometry":{"type":"Polygon","coordinates":[[[-73.9859,40.6431],[-73.983,40.6413],[-73.9747,40.6448],[-73.9809,40.645],[-73.9859,40.6431]]]}},{"type":"Feature","properties":{"geoid":"36047049700","clusterId":"new-york-central"},"geometry":{"type":"Polygon","coordinates":[[[-73.9467,40.7185],[-73.9459,40.7136],[-73.9417,40.714],[-73.9434,40.7189],[-73.9467,40.7185]]]}},{"type":"Feature","properties":{"geoid":"36047049800","clusterId":"new-york-south"},"geometry":{"type":"Polygon","coordinates":[[[-73.9883,40.6446],[-73.9859,40.6431],[-73.9778,40.6453],[-73.9782,40.6475],[-73.9883,40.6446]]]}},{"type":"Feature","properties":{"geoid":"36047049900","clusterId":"new-york-central"},"geometry":{"type":"Polygon","coordinates":[[[-73.9491,40.7225],[-73.9484,40.7185],[-73.9444,40.7202],[-73.945,40.723],[-73.9491,40.7225]]]}},{"type":"Feature","properties":{"geoid":"36047050001","clusterId":"new-york-south"},"geometry":{"type":"Polygon","coordinates":[[[-73.9807,40.6495],[-73.9803,40.6473],[-73.975,40.6478],[-73.9763,40.6512],[-73.9807,40.6495]]]}},{"type":"Feature","properties":{"geoid":"36047050002","clusterId":"new-york-south"},"geometry":{"type":"Polygon","coordinates":[[[-73.9782,40.6475],[-73.9778,40.6453],[-73.9748,40.6457],[-73.9752,40.6478],[-73.9782,40.6475]]]}},{"type":"Feature","properties":{"geoid":"36047050100","clusterId":"new-york-central"},"geometry":{"type":"Polygon","coordinates":[[[-73.9534,40.7142],[-73.9461,40.7144],[-73.9468,40.7188],[-73.9534,40.7142]]]}},{"type":"Feature","properties":{"geoid":"36047050202","clusterId":"new-york-south"},"geometry":{"type":"Polygon","coordinates":[[[-73.978,40.6547],[-73.9763,40.6512],[-73.9727,40.6526],[-73.9736,40.6556],[-73.978,40.6547]]]}},{"type":"Feature","properties":{"geoid":"36047050300","clusterId":"new-york-central"},"geometry":{"type":"Polygon","coordinates":[[[-73.9494,40.7141],[-73.9487,40.7097],[-73.9455,40.7107],[-73.9461,40.7144],[-73.9494,40.7141]]]}},{"type":"Feature","properties":{"geoid":"36047050401","clusterId":"new-york-south"},"geometry":{"type":"Polygon","coordinates":[[[-73.9761,40.6513],[-73.975,40.6478],[-73.9714,40.6483],[-73.9727,40.6526],[-73.9761,40.6513]]]}},{"type":"Feature","properties":{"geoid":"36047050402","clusterId":"new-york-south"},"geometry":{"type":"Polygon","coordinates":[[[-73.975,40.6478],[-73.9747,40.6448],[-73.9708,40.6464],[-73.9714,40.6483],[-73.975,40.6478]]]}},{"type":"Feature","properties":{"geoid":"36047050500","clusterId":"new-york-central"},"geometry":{"type":"Polygon","coordinates":[[[-73.9471,40.7106],[-73.9463,40.7056],[-73.9428,40.7052],[-73.9438,40.7109],[-73.9471,40.7106]]]}},{"type":"Feature","properties":{"geoid":"36047050600","clusterId":"new-york-south"},"geometry":{"type":"Polygon","coordinates":[[[-73.9714,40.6483],[-73.9708,40.6464],[-73.9622,40.6498],[-73.963,40.6515],[-73.9714,40.6483]]]}},{"type":"Feature","properties":{"geoid":"36047050700","clusterId":"new-york-central"},"geometry":{"type":"Polygon","coordinates":[[[-73.9513,40.7009],[-73.9501,40.6998],[-73.9419,40.7007],[-73.9471,40.7037],[-73.9513,40.7009]]]}},{"type":"Feature","properties":{"geoid":"36047050801","clusterId":"new-york-south"},"geometry":{"type":"Polygon","coordinates":[[[-73.963,40.6515],[-73.9622,40.6498],[-73.9587,40.6504],[-73.9593,40.6529],[-73.963,40.6515]]]}},{"type":"Feature","properties":{"geoid":"36047050803","clusterId":"new-york-south"},"geometry":{"type":"Polygon","coordinates":[[[-73.9619,40.6549],[-73.9614,40.6522],[-73.9593,40.6529],[-73.9599,40.6556],[-73.9619,40.6549]]]}},{"type":"Feature","properties":{"geoid":"36047050804","clusterId":"new-york-south"},"geometry":{"type":"Polygon","coordinates":[[[-73.9662,40.6532],[-73.9647,40.6509],[-73.9614,40.6522],[-73.9619,40.6549],[-73.9662,40.6532]]]}},{"type":"Feature","properties":{"geoid":"36047050900","clusterId":"new-york-central"},"geometry":{"type":"Polygon","coordinates":[[[-73.9538,40.7032],[-73.9513,40.7009],[-73.9471,40.7037],[-73.9502,40.7055],[-73.9538,40.7032]]]}},{"type":"Feature","properties":{"geoid":"36047051001","clusterId":"new-york-south"},"geometry":{"type":"Polygon","coordinates":[[[-73.9617,40.6471],[-73.9612,40.6447],[-73.958,40.6451],[-73.9581,40.6475],[-73.9617,40.6471]]]}},{"type":"Feature","properties":{"geoid":"36047051002","clusterId":"new-york-south"},"geometry":{"type":"Polygon","coordinates":[[[-73.9631,40.6494],[-73.9617,40.6471],[-73.9581,40.6475],[-73.9587,40.6504],[-73.9631,40.6494]]]}},{"type":"Feature","properties":{"geoid":"36047051100","clusterId":"new-york-central"},"geometry":{"type":"Polygon","coordinates":[[[-73.9509,40.7095],[-73.9502,40.7055],[-73.9463,40.7056],[-73.947,40.7099],[-73.9509,40.7095]]]}},{"type":"Feature","properties":{"geoid":"36047051200","clusterId":"new-york-south"},"geometry":{"type":"Polygon","coordinates":[[[-73.9655,40.6467],[-73.965,40.6443],[-73.9612,40.6447],[-73.9631,40.6494],[-73.9655,40.6467]]]}},{"type":"Feature","properties":{"geoid":"36047051300","clusterId":"new-york-central"},"geometry":{"type":"Polygon","coordinates":[[[-73.9565,40.7105],[-73.9487,40.7097],[-73.9494,40.7141],[-73.9543,40.7141],[-73.9565,40.7105]]]}},{"type":"Feature","properties":{"geoid":"36047051400","clusterId":"new-york-south"},"geometry":{"type":"Polygon","coordinates":[[[-73.9641,40.6444],[-73.9632,40.6397],[-73.9594,40.6415],[-73.9597,40.6433],[-73.9579,40.6441],[-73.9641,40.6444]]]}},{"type":"Feature","properties":{"geoid":"36047051500","clusterId":"new-york-central"},"geometry":{"type":"Polygon","coordinates":[[[-73.9527,40.7205],[-73.9518,40.7154],[-73.9472,40.7186],[-73.9484,40.7185],[-73.9491,40.7225],[-73.9527,40.7205]]]}},{"type":"Feature","properties":{"geoid":"36047051601","clusterId":"new-york-south"},"geometry":{"type":"Polygon","coordinates":[[[-73.959,40.6393],[-73.9584,40.6363],[-73.9537,40.6386],[-73.9556,40.6405],[-73.959,40.6393]]]}},{"type":"Feature","properties":{"geoid":"36047051602","clusterId":"new-york-south"},"geometry":{"type":"Polygon","coordinates":[[[-73.9597,40.6433],[-73.959,40.6393],[-73.9556,40.6405],[-73.9579,40.6441],[-73.9597,40.6433]]]}},{"type":"Feature","properties":{"geoid":"36047051700","clusterId":"new-york-central"},"geometry":{"type":"Polygon","coordinates":[[[-73.9578,40.7197],[-73.9558,40.7176],[-73.9506,40.7217],[-73.9516,40.7235],[-73.9578,40.7197]]]}},{"type":"Feature","properties":{"geoid":"36047051800","clusterId":"new-york-south"},"geometry":{"type":"Polygon","coordinates":[[[-73.9632,40.6397],[-73.9622,40.6345],[-73.9584,40.6363],[-73.9594,40.6415],[-73.9632,40.6397]]]}},{"type":"Feature","properties":{"geoid":"36047051900","clusterId":"new-york-central"},"geometry":{"type":"Polygon","coordinates":[[[-73.9595,40.7142],[-73.9555,40.7123],[-73.9518,40.7154],[-73.9525,40.7192],[-73.9535,40.7198],[-73.9595,40.7142]]]}},{"type":"Feature","properties":{"geoid":"36047052000","clusterId":"new-york-south"},"geometry":{"type":"Polygon","coordinates":[[[-73.9662,40.6404],[-73.9648,40.6332],[-73.9622,40.6345],[-73.9636,40.6416],[-73.9662,40.6404]]]}},{"type":"Feature","properties":{"geoid":"36047052300","clusterId":"new-york-central"},"geometry":{"type":"Polygon","coordinates":[[[-73.962,40.7105],[-73.9566,40.7104],[-73.9555,40.7123],[-73.9598,40.7139],[-73.962,40.7105]]]}},{"type":"Feature","properties":{"geoid":"36047052500","clusterId":"new-york-central"},"geometry":{"type":"Polygon","coordinates":[[[-73.9626,40.7085],[-73.9585,40.7073],[-73.9566,40.7104],[-73.962,40.7104],[-73.9626,40.7085]]]}},{"type":"Feature","properties":{"geoid":"36047052600","clusterId":"new-york-south"},"geometry":{"type":"Polygon","coordinates":[[[-73.9688,40.6393],[-73.9668,40.6323],[-73.9648,40.6332],[-73.9662,40.6404],[-73.9688,40.6393]]]}},{"type":"Feature","properties":{"geoid":"36047052700","clusterId":"new-york-central"},"geometry":{"type":"Polygon","coordinates":[[[-73.9575,40.7091],[-73.9502,40.7055],[-73.9508,40.7091],[-73.955,40.7106],[-73.9575,40.7091]]]}},{"type":"Feature","properties":{"geoid":"36047052800","clusterId":"new-york-south"},"geometry":{"type":"Polygon","coordinates":[[[-73.9662,40.632],[-73.9661,40.6295],[-73.9604,40.6302],[-73.959,40.6279],[-73.9599,40.6327],[-73.9662,40.632]]]}},{"type":"Feature","properties":{"geoid":"36047052900","clusterId":"new-york-central"},"geometry":{"type":"Polygon","coordinates":[[[-73.9584,40.7077],[-73.9538,40.7032],[-73.9502,40.7055],[-73.9584,40.7077]]]}},{"type":"Feature","properties":{"geoid":"36047053000","clusterId":"new-york-south"},"geometry":{"type":"Polygon","coordinates":[[[-73.9661,40.6295],[-73.9652,40.6248],[-73.9614,40.6252],[-73.9623,40.63],[-73.9661,40.6295]]]}},{"type":"Feature","properties":{"geoid":"36047053101","clusterId":"new-york-central"},"geometry":{"type":"Polygon","coordinates":[[[-73.9575,40.7008],[-73.9572,40.6997],[-73.9538,40.7001],[-73.9526,40.7021],[-73.9538,40.7032],[-73.9575,40.7008]]]}},{"type":"Feature","properties":{"geoid":"36047053102","clusterId":"new-york-central"},"geometry":{"type":"Polygon","coordinates":[[[-73.9572,40.6997],[-73.9501,40.6998],[-73.9526,40.7021],[-73.9538,40.7001],[-73.9572,40.6997]]]}},{"type":"Feature","properties":{"geoid":"36047053200","clusterId":"new-york-south"},"geometry":{"type":"Polygon","coordinates":[[[-73.9623,40.63],[-73.9609,40.6228],[-73.9581,40.6231],[-73.959,40.6279],[-73.9604,40.6302],[-73.9623,40.63]]]}},{"type":"Feature","properties":{"geoid":"36047053300","clusterId":"new-york-central"},"geometry":{"type":"Polygon","coordinates":[[[-73.9603,40.7034],[-73.9575,40.7008],[-73.9538,40.7032],[-73.9585,40.7073],[-73.9603,40.7034]]]}},{"type":"Feature","properties":{"geoid":"36047053400","clusterId":"new-york-south"},"geometry":{"type":"Polygon","coordinates":[[[-73.9652,40.6248],[-73.9643,40.62],[-73.9605,40.6204],[-73.9614,40.6252],[-73.9652,40.6248]]]}},{"type":"Feature","properties":{"geoid":"36047053500","clusterId":"new-york-central"},"geometry":{"type":"Polygon","coordinates":[[[-73.9644,40.7075],[-73.9603,40.7034],[-73.9585,40.7073],[-73.9644,40.7075]]]}},{"type":"Feature","properties":{"geoid":"36047053700","clusterId":"new-york-central"},"geometry":{"type":"Polygon","coordinates":[[[-73.9628,40.698],[-73.957,40.699],[-73.9575,40.7008],[-73.9603,40.7034],[-73.9628,40.698]]]}},{"type":"Feature","properties":{"geoid":"36047053800","clusterId":"new-york-south"},"geometry":{"type":"Polygon","coordinates":[[[-73.9591,40.6181],[-73.9587,40.6157],[-73.9546,40.6162],[-73.9555,40.6209],[-73.9586,40.6206],[-73.9591,40.6181]]]}},{"type":"Feature","properties":{"geoid":"36047053900","clusterId":"new-york-central"},"geometry":{"type":"Polygon","coordinates":[[[-73.9652,40.7026],[-73.9622,40.7002],[-73.9603,40.7034],[-73.9619,40.7048],[-73.9652,40.7026]]]}},{"type":"Feature","properties":{"geoid":"36047054200","clusterId":"new-york-south"},"geometry":{"type":"Polygon","coordinates":[[[-73.9634,40.6152],[-73.9624,40.61],[-73.9586,40.6104],[-73.9596,40.6156],[-73.9634,40.6152]]]}},{"type":"Feature","properties":{"geoid":"36047054400","clusterId":"new-york-south"},"geometry":{"type":"Polygon","coordinates":[[[-73.9592,40.6157],[-73.9586,40.6104],[-73.9548,40.6108],[-73.9558,40.616],[-73.9592,40.6157]]]}},{"type":"Feature","properties":{"geoid":"36047054500","clusterId":"new-york-central"},"geometry":{"type":"Polygon","coordinates":[[[-73.9684,40.7068],[-73.9652,40.7026],[-73.9619,40.7048],[-73.9648,40.7075],[-73.9684,40.7068]]]}},{"type":"Feature","properties":{"geoid":"36047054600","clusterId":"new-york-south"},"geometry":{"type":"Polygon","coordinates":[[[-73.9558,40.616],[-73.9548,40.6108],[-73.9498,40.6114],[-73.9503,40.6139],[-73.953,40.6136],[-73.9536,40.6163],[-73.9558,40.616]]]}},{"type":"Feature","properties":{"geoid":"36047054700","clusterId":"new-york-central"},"geometry":{"type":"Polygon","coordinates":[[[-73.9699,40.7093],[-73.9684,40.7068],[-73.9627,40.7077],[-73.9624,40.7094],[-73.9699,40.7093]]]}},{"type":"Feature","properties":{"geoid":"36047054800","clusterId":"new-york-south"},"geometry":{"type":"Polygon","coordinates":[[[-73.9507,40.6113],[-73.9498,40.6067],[-73.9451,40.6072],[-73.9456,40.6096],[-73.9484,40.6093],[-73.9493,40.614],[-73.9507,40.6113]]]}},{"type":"Feature","properties":{"geoid":"36047054900","clusterId":"new-york-central"},"geometry":{"type":"Polygon","coordinates":[[[-73.9691,40.7121],[-73.9696,40.7102],[-73.9624,40.7094],[-73.9614,40.7113],[-73.9674,40.7133],[-73.9691,40.7121]]]}},{"type":"Feature","properties":{"geoid":"36047055000","clusterId":"new-york-south"},"geometry":{"type":"Polygon","coordinates":[[[-73.9548,40.6108],[-73.9539,40.6062],[-73.9498,40.6067],[-73.9507,40.6113],[-73.9548,40.6108]]]}},{"type":"Feature","properties":{"geoid":"36047055100","clusterId":"new-york-central"},"geometry":{"type":"Polygon","coordinates":[[[-73.9684,40.7141],[-73.9683,40.7128],[-73.9614,40.7113],[-73.9598,40.7139],[-73.9676,40.7165],[-73.9684,40.7141]]]}},{"type":"Feature","properties":{"geoid":"36047055200","clusterId":"new-york-south"},"geometry":{"type":"Polygon","coordinates":[[[-73.9586,40.6104],[-73.9577,40.6058],[-73.9539,40.6062],[-73.9548,40.6108],[-73.9586,40.6104]]]}},{"type":"Feature","properties":{"geoid":"36047055300","clusterId":"new-york-central"},"geometry":{"type":"Polygon","coordinates":[[[-73.9623,40.7156],[-73.9598,40.7139],[-73.9558,40.7176],[-73.9584,40.7192],[-73.9623,40.7156]]]}},{"type":"Feature","properties":{"geoid":"36047055400","clusterId":"new-york-south"},"geometry":{"type":"Polygon","coordinates":[[[-73.9624,40.61],[-73.9617,40.6054],[-73.9577,40.6058],[-73.9586,40.6104],[-73.9624,40.61]]]}},{"type":"Feature","properties":{"geoid":"36047055500","clusterId":"new-york-central"},"geometry":{"type":"Polygon","coordinates":[[[-73.9668,40.7176],[-73.9676,40.7165],[-73.9628,40.7151],[-73.959,40.7186],[-73.9636,40.7216],[-73.9668,40.7176]]]}},{"type":"Feature","properties":{"geoid":"36047055600","clusterId":"new-york-south"},"geometry":{"type":"Polygon","coordinates":[[[-73.9617,40.6054],[-73.9614,40.6006],[-73.9568,40.6011],[-73.9577,40.6058],[-73.9617,40.6054]]]}},{"type":"Feature","properties":{"geoid":"36047055700","clusterId":"new-york-central"},"geometry":{"type":"Polygon","coordinates":[[[-73.9628,40.7226],[-73.9636,40.7216],[-73.959,40.7186],[-73.9548,40.7225],[-73.9616,40.725],[-73.9628,40.7226]]]}},{"type":"Feature","properties":{"geoid":"36047055800","clusterId":"new-york-south"},"geometry":{"type":"Polygon","coordinates":[[[-73.9577,40.6058],[-73.9568,40.6011],[-73.953,40.6015],[-73.9539,40.6062],[-73.9577,40.6058]]]}},{"type":"Feature","properties":{"geoid":"36047056000","clusterId":"new-york-south"},"geometry":{"type":"Polygon","coordinates":[[[-73.9539,40.6062],[-73.953,40.6015],[-73.949,40.602],[-73.9498,40.6067],[-73.9539,40.6062]]]}},{"type":"Feature","properties":{"geoid":"36047056100","clusterId":"new-york-central"},"geometry":{"type":"Polygon","coordinates":[[[-73.9615,40.7259],[-73.9563,40.7234],[-73.9509,40.7257],[-73.9537,40.7288],[-73.9612,40.7282],[-73.9615,40.7259]]]}},{"type":"Feature","properties":{"geoid":"36047056200","clusterId":"new-york-south"},"geometry":{"type":"Polygon","coordinates":[[[-73.9498,40.6067],[-73.949,40.602],[-73.9452,40.6024],[-73.9461,40.6071],[-73.9498,40.6067]]]}},{"type":"Feature","properties":{"geoid":"36047056301","clusterId":"new-york-central"},"geometry":{"type":"Polygon","coordinates":[[[-73.96,40.7347],[-73.9596,40.7319],[-73.9546,40.7323],[-73.9553,40.7366],[-73.96,40.7347]]]}},{"type":"Feature","properties":{"geoid":"36047056302","clusterId":"new-york-central"},"geometry":{"type":"Polygon","coordinates":[[[-73.9627,40.7364],[-73.9618,40.7316],[-73.9596,40.7319],[-73.96,40.7347],[-73.9553,40.7366],[-73.9551,40.7394],[-73.9627,40.7364]]]}},{"type":"Feature","properties":{"geoid":"36047056400","clusterId":"new-york-south"},"geometry":{"type":"Polygon","coordinates":[[[-73.9461,40.6071],[-73.9456,40.6048],[-73.9392,40.6055],[-73.9436,40.6099],[-73.9456,40.6096],[-73.9461,40.6071]]]}},{"type":"Feature","properties":{"geoid":"36047056500","clusterId":"new-york-central"},"geometry":{"type":"Polygon","coordinates":[[[-73.9615,40.7317],[-73.9612,40.7282],[-73.9537,40.7288],[-73.9546,40.7323],[-73.9615,40.7317]]]}},{"type":"Feature","properties":{"geoid":"36047056600","clusterId":"new-york-south"},"geometry":{"type":"Polygon","coordinates":[[[-73.9438,40.605],[-73.9429,40.6003],[-73.939,40.6007],[-73.9399,40.6054],[-73.9438,40.605]]]}},{"type":"Feature","properties":{"geoid":"36047056800","clusterId":"new-york-south"},"geometry":{"type":"Polygon","coordinates":[[[-73.9399,40.6054],[-73.939,40.6007],[-73.9345,40.6012],[-73.9399,40.6054]]]}},{"type":"Feature","properties":{"geoid":"36047056900","clusterId":"new-york-central"},"geometry":{"type":"Polygon","coordinates":[[[-73.9557,40.7239],[-73.9548,40.7225],[-73.9491,40.7225],[-73.9509,40.7257],[-73.9557,40.7239]]]}},{"type":"Feature","properties":{"geoid":"36047057000","clusterId":"new-york-south"},"geometry":{"type":"Polygon","coordinates":[[[-73.9429,40.6003],[-73.9425,40.5982],[-73.9358,40.5989],[-73.9354,40.5965],[-73.9314,40.5985],[-73.9345,40.6012],[-73.9429,40.6003]]]}},{"type":"Feature","properties":{"geoid":"36047057100","clusterId":"new-york-central"},"geometry":{"type":"Polygon","coordinates":[[[-73.95,40.726],[-73.9491,40.7225],[-73.945,40.723],[-73.9459,40.7274],[-73.95,40.726]]]}},{"type":"Feature","properties":{"geoid":"36047057200","clusterId":"new-york-south"},"geometry":{"type":"Polygon","coordinates":[[[-73.9415,40.5983],[-73.9406,40.5938],[-73.9349,40.5944],[-73.9358,40.5989],[-73.9415,40.5983]]]}},{"type":"Feature","properties":{"geoid":"36047057300","clusterId":"new-york-central"},"geometry":{"type":"Polygon","coordinates":[[[-73.9524,40.7284],[-73.9509,40.7257],[-73.9457,40.7274],[-73.9462,40.7305],[-73.9524,40.7284]]]}},{"type":"Feature","properties":{"geoid":"36047057400","clusterId":"new-york-south"},"geometry":{"type":"Polygon","coordinates":[[[-73.9461,40.6023],[-73.9453,40.5979],[-73.9425,40.5982],[-73.9438,40.605],[-73.9456,40.6048],[-73.9461,40.6023]]]}},{"type":"Feature","properties":{"geoid":"36047057500","clusterId":"new-york-central"},"geometry":{"type":"Polygon","coordinates":[[[-73.9552,40.7359],[-73.9533,40.7281],[-73.9507,40.729],[-73.953,40.7361],[-73.9552,40.7359]]]}},{"type":"Feature","properties":{"geoid":"36047057600","clusterId":"new-york-south"},"geometry":{"type":"Polygon","coordinates":[[[-73.9499,40.6019],[-73.949,40.5975],[-73.9453,40.5979],[-73.9461,40.6023],[-73.9499,40.6019]]]}},{"type":"Feature","properties":{"geoid":"36047057800","clusterId":"new-york-south"},"geometry":{"type":"Polygon","coordinates":[[[-73.954,40.6014],[-73.9532,40.597],[-73.949,40.5975],[-73.9499,40.6019],[-73.954,40.6014]]]}},{"type":"Feature","properties":{"geoid":"36047057901","clusterId":"new-york-central"},"geometry":{"type":"Polygon","coordinates":[[[-73.9555,40.738],[-73.9552,40.7359],[-73.953,40.7361],[-73.9516,40.7304],[-73.9499,40.7292],[-73.9502,40.7367],[-73.953,40.7375],[-73.9527,40.7393],[-73.9551,40.7394],[-73.9555,40.738]]]}},{"type":"Feature","properties":{"geoid":"36047058000","clusterId":"new-york-south"},"geometry":{"type":"Polygon","coordinates":[[[-73.9578,40.601],[-73.9569,40.5966],[-73.9532,40.597],[-73.954,40.6014],[-73.9578,40.601]]]}},{"type":"Feature","properties":{"geoid":"36047058200","clusterId":"new-york-south"},"geometry":{"type":"Polygon","coordinates":[[[-73.9614,40.6006],[-73.961,40.5962],[-73.9569,40.5966],[-73.9578,40.601],[-73.9614,40.6006]]]}},{"type":"Feature","properties":{"geoid":"36047058400","clusterId":"new-york-south"},"geometry":{"type":"Polygon","coordinates":[[[-73.961,40.5962],[-73.9607,40.5916],[-73.9561,40.5921],[-73.9569,40.5966],[-73.961,40.5962]]]}},{"type":"Feature","properties":{"geoid":"36047058600","clusterId":"new-york-south"},"geometry":{"type":"Polygon","coordinates":[[[-73.9569,40.5966],[-73.9561,40.5921],[-73.9523,40.5925],[-73.9532,40.597],[-73.9569,40.5966]]]}},{"type":"Feature","properties":{"geoid":"36047058800","clusterId":"new-york-south"},"geometry":{"type":"Polygon","coordinates":[[[-73.9607,40.5916],[-73.9604,40.5873],[-73.9562,40.5878],[-73.957,40.592],[-73.9607,40.5916]]]}},{"type":"Feature","properties":{"geoid":"36047058901","clusterId":"new-york-central"},"geometry":{"type":"Polygon","coordinates":[[[-73.946,40.7293],[-73.9454,40.7255],[-73.9407,40.726],[-73.9428,40.7327],[-73.9446,40.7321],[-73.9442,40.7294],[-73.946,40.7293]]]}},{"type":"Feature","properties":{"geoid":"36047059000","clusterId":"new-york-south"},"geometry":{"type":"Polygon","coordinates":[[[-73.957,40.592],[-73.9562,40.5878],[-73.9533,40.5872],[-73.9533,40.5924],[-73.957,40.592]]]}},{"type":"Feature","properties":{"geoid":"36047059100","clusterId":"new-york-central"},"geometry":{"type":"Polygon","coordinates":[[[-73.9454,40.7255],[-73.9445,40.7203],[-73.9402,40.7229],[-73.9407,40.726],[-73.9454,40.7255]]]}},{"type":"Feature","properties":{"geoid":"36047059200","clusterId":"new-york-south"},"geometry":{"type":"Polygon","coordinates":[[[-73.9533,40.5924],[-73.9525,40.5882],[-73.9493,40.5885],[-73.951,40.5973],[-73.9532,40.597],[-73.9533,40.5924]]]}},{"type":"Feature","properties":{"geoid":"36047059300","clusterId":"new-york-central"},"geometry":{"type":"Polygon","coordinates":[[[-73.941,40.7278],[-73.9402,40.7229],[-73.9341,40.7269],[-73.941,40.7278]]]}},{"type":"Feature","properties":{"geoid":"36047059402","clusterId":"new-york-south"},"geometry":{"type":"Polygon","coordinates":[[[-73.9462,40.5978],[-73.945,40.5912],[-73.9392,40.5918],[-73.9415,40.5983],[-73.9462,40.5978]]]}},{"type":"Feature","properties":{"geoid":"36047059403","clusterId":"new-york-south"},"geometry":{"type":"Polygon","coordinates":[[[-73.951,40.5973],[-73.9502,40.5928],[-73.9454,40.5933],[-73.9462,40.5978],[-73.951,40.5973]]]}},{"type":"Feature","properties":{"geoid":"36047059404","clusterId":"new-york-south"},"geometry":{"type":"Polygon","coordinates":[[[-73.9502,40.5928],[-73.9493,40.5885],[-73.9436,40.5891],[-73.9454,40.5933],[-73.9502,40.5928]]]}},{"type":"Feature","properties":{"geoid":"36047059600","clusterId":"new-york-south"},"geometry":{"type":"Polygon","coordinates":[[[-73.944,40.5913],[-73.9436,40.5891],[-73.937,40.5899],[-73.9378,40.5941],[-73.9396,40.5939],[-73.9392,40.5918],[-73.944,40.5913]]]}},{"type":"Feature","properties":{"geoid":"36047059800","clusterId":"new-york-south"},"geometry":{"type":"Polygon","coordinates":[[[-73.9398,40.5896],[-73.9391,40.586],[-73.9314,40.5861],[-73.9318,40.5881],[-73.9347,40.5878],[-73.9351,40.5901],[-73.9398,40.5896]]]}},{"type":"Feature","properties":{"geoid":"36047060000","clusterId":"new-york-south"},"geometry":{"type":"Polygon","coordinates":[[[-73.9527,40.5872],[-73.9512,40.5849],[-73.9391,40.586],[-73.9398,40.5896],[-73.9527,40.5872]]]}},{"type":"Feature","properties":{"geoid":"36047060600","clusterId":"new-york-south"},"geometry":{"type":"Polygon","coordinates":[[[-73.9604,40.5873],[-73.9603,40.585],[-73.9512,40.5849],[-73.9525,40.5882],[-73.9604,40.5873]]]}},{"type":"Feature","properties":{"geoid":"36047060800","clusterId":"new-york-south"},"geometry":{"type":"Polygon","coordinates":[[[-73.9603,40.585],[-73.96,40.5832],[-73.954,40.5825],[-73.9409,40.5819],[-73.9415,40.5838],[-73.9387,40.5839],[-73.9391,40.586],[-73.9603,40.585]]]}},{"type":"Feature","properties":{"geoid":"36047061002","clusterId":"new-york-south"},"geometry":{"type":"Polygon","coordinates":[[[-73.9596,40.578],[-73.9593,40.5695],[-73.9517,40.5703],[-73.9529,40.5769],[-73.9596,40.578]]]}},{"type":"Feature","properties":{"geoid":"36047061003","clusterId":"new-york-south"},"geometry":{"type":"Polygon","coordinates":[[[-73.96,40.5832],[-73.9597,40.5784],[-73.9565,40.5827],[-73.96,40.5832]]]}},{"type":"Feature","properties":{"geoid":"36047061004","clusterId":"new-york-south"},"geometry":{"type":"Polygon","coordinates":[[[-73.9597,40.5784],[-73.9529,40.5769],[-73.9541,40.5831],[-73.9565,40.5827],[-73.9597,40.5784]]]}},{"type":"Feature","properties":{"geoid":"36047061200","clusterId":"new-york-south"},"geometry":{"type":"Polygon","coordinates":[[[-73.954,40.5825],[-73.9533,40.5793],[-73.944,40.5803],[-73.9443,40.5822],[-73.954,40.5825]]]}},{"type":"Feature","properties":{"geoid":"36047061600","clusterId":"new-york-south"},"geometry":{"type":"Polygon","coordinates":[[[-73.9529,40.5769],[-73.9517,40.5703],[-73.9294,40.5726],[-73.9319,40.582],[-73.9404,40.5819],[-73.9398,40.5783],[-73.9529,40.5769]]]}},{"type":"Feature","properties":{"geoid":"36047062000","clusterId":"new-york-south"},"geometry":{"type":"Polygon","coordinates":[[[-73.9533,40.5793],[-73.9529,40.5769],[-73.9398,40.5783],[-73.9404,40.5819],[-73.9443,40.5822],[-73.944,40.5803],[-73.9533,40.5793]]]}},{"type":"Feature","properties":{"geoid":"36047062200","clusterId":"new-york-south"},"geometry":{"type":"Polygon","coordinates":[[[-73.9415,40.5838],[-73.9409,40.5819],[-73.9319,40.582],[-73.932,40.5842],[-73.9301,40.5845],[-73.9348,40.5866],[-73.9391,40.586],[-73.9387,40.5839],[-73.9415,40.5838]]]}},{"type":"Feature","properties":{"geoid":"36047062600","clusterId":"new-york-south"},"geometry":{"type":"Polygon","coordinates":[[[-73.9378,40.5941],[-73.937,40.5899],[-73.9351,40.5901],[-73.9347,40.5878],[-73.9318,40.5881],[-73.9326,40.5977],[-73.9354,40.5965],[-73.9349,40.5944],[-73.9378,40.5941]]]}},{"type":"Feature","properties":{"geoid":"36047062800","clusterId":"new-york-south"},"geometry":{"type":"Polygon","coordinates":[[[-73.9331,40.5949],[-73.9314,40.5861],[-73.9247,40.5846],[-73.9177,40.5856],[-73.9314,40.5985],[-73.9331,40.5949]]]}},{"type":"Feature","properties":{"geoid":"36047063200","clusterId":"new-york-south"},"geometry":{"type":"Polygon","coordinates":[[[-73.935,40.6017],[-73.9296,40.5968],[-73.9281,40.5978],[-73.9336,40.6027],[-73.935,40.6017]]]}},{"type":"Feature","properties":{"geoid":"36047063600","clusterId":"new-york-south"},"geometry":{"type":"Polygon","coordinates":[[[-73.9393,40.6102],[-73.9375,40.6086],[-73.9328,40.6088],[-73.9364,40.6121],[-73.9393,40.6102]]]}},{"type":"Feature","properties":{"geoid":"36047063800","clusterId":"new-york-south"},"geometry":{"type":"Polygon","coordinates":[[[-73.9423,40.6083],[-73.9343,40.6022],[-73.9397,40.6071],[-73.9375,40.6086],[-73.9393,40.6102],[-73.9423,40.6083]]]}},{"type":"Feature","properties":{"geoid":"36047064000","clusterId":"new-york-south"},"geometry":{"type":"Polygon","coordinates":[[[-73.9437,40.6102],[-73.9423,40.6083],[-73.9364,40.6121],[-73.9383,40.6137],[-73.9437,40.6102]]]}},{"type":"Feature","properties":{"geoid":"36047064200","clusterId":"new-york-south"},"geometry":{"type":"Polygon","coordinates":[[[-73.9493,40.614],[-73.9484,40.6093],[-73.9436,40.6099],[-73.9448,40.616],[-73.9493,40.614]]]}},{"type":"Feature","properties":{"geoid":"36047064400","clusterId":"new-york-south"},"geometry":{"type":"Polygon","coordinates":[[[-73.9447,40.6162],[-73.9437,40.6102],[-73.939,40.6132],[-73.9431,40.6174],[-73.9447,40.6162]]]}},{"type":"Feature","properties":{"geoid":"36047064600","clusterId":"new-york-south"},"geometry":{"type":"Polygon","coordinates":[[[-73.9431,40.6174],[-73.939,40.6132],[-73.9361,40.6151],[-73.9397,40.6184],[-73.9431,40.6174]]]}},{"type":"Feature","properties":{"geoid":"36047064800","clusterId":"new-york-south"},"geometry":{"type":"Polygon","coordinates":[[[-73.9395,40.6185],[-73.9361,40.6151],[-73.9332,40.617],[-73.9369,40.6203],[-73.9395,40.6185]]]}},{"type":"Feature","properties":{"geoid":"36047065000","clusterId":"new-york-south"},"geometry":{"type":"Polygon","coordinates":[[[-73.9363,40.6206],[-73.9332,40.617],[-73.9316,40.6181],[-73.9322,40.6233],[-73.9363,40.6206]]]}},{"type":"Feature","properties":{"geoid":"36047065200","clusterId":"new-york-south"},"geometry":{"type":"Polygon","coordinates":[[[-73.9332,40.617],[-73.9285,40.6116],[-73.9262,40.6131],[-73.9317,40.6179],[-73.9332,40.617]]]}},{"type":"Feature","properties":{"geoid":"36047065400","clusterId":"new-york-south"},"geometry":{"type":"Polygon","coordinates":[[[-73.9346,40.616],[-73.9313,40.6097],[-73.9285,40.6116],[-73.9346,40.616]]]}},{"type":"Feature","properties":{"geoid":"36047065600","clusterId":"new-york-south"},"geometry":{"type":"Polygon","coordinates":[[[-73.9375,40.6142],[-73.9346,40.6104],[-73.9317,40.6123],[-73.9353,40.6156],[-73.9375,40.6142]]]}},{"type":"Feature","properties":{"geoid":"36047065800","clusterId":"new-york-south"},"geometry":{"type":"Polygon","coordinates":[[[-73.9339,40.6109],[-73.9335,40.6083],[-73.9299,40.6051],[-73.9277,40.6065],[-73.9339,40.6109]]]}},{"type":"Feature","properties":{"geoid":"36047066000","clusterId":"new-york-south"},"geometry":{"type":"Polygon","coordinates":[[[-73.9306,40.6102],[-73.9277,40.6065],[-73.9248,40.6083],[-73.9285,40.6116],[-73.9306,40.6102]]]}},{"type":"Feature","properties":{"geoid":"36047066200","clusterId":"new-york-south"},"geometry":{"type":"Polygon","coordinates":[[[-73.9277,40.6121],[-73.9244,40.6058],[-73.9197,40.6073],[-73.9262,40.6131],[-73.9277,40.6121]]]}},{"type":"Feature","properties":{"geoid":"36047067000","clusterId":"new-york-south"},"geometry":{"type":"Polygon","coordinates":[[[-73.9264,40.6145],[-73.9225,40.6098],[-73.919,40.6121],[-73.9206,40.6148],[-73.9264,40.6145]]]}},{"type":"Feature","properties":{"geoid":"36047067200","clusterId":"new-york-south"},"geometry":{"type":"Polygon","coordinates":[[[-73.9293,40.6234],[-73.9285,40.615],[-73.9263,40.6132],[-73.9274,40.6236],[-73.9293,40.6234]]]}},{"type":"Feature","properties":{"geoid":"36047067400","clusterId":"new-york-south"},"geometry":{"type":"Polygon","coordinates":[[[-73.9322,40.6233],[-73.9317,40.6179],[-73.9285,40.615],[-73.9293,40.6234],[-73.9322,40.6233]]]}},{"type":"Feature","properties":{"geoid":"36047067600","clusterId":"new-york-south"},"geometry":{"type":"Polygon","coordinates":[[[-73.9313,40.6238],[-73.9322,40.6233],[-73.9245,40.6237],[-73.9249,40.628],[-73.9313,40.6238]]]}},{"type":"Feature","properties":{"geoid":"36047067800","clusterId":"new-york-south"},"geometry":{"type":"Polygon","coordinates":[[[-73.9249,40.628],[-73.9245,40.6237],[-73.9206,40.624],[-73.9211,40.6286],[-73.9249,40.628]]]}},{"type":"Feature","properties":{"geoid":"36047068000","clusterId":"new-york-south"},"geometry":{"type":"Polygon","coordinates":[[[-73.9274,40.6236],[-73.9269,40.6189],[-73.923,40.6192],[-73.9235,40.6238],[-73.9274,40.6236]]]}},{"type":"Feature","properties":{"geoid":"36047068200","clusterId":"new-york-south"},"geometry":{"type":"Polygon","coordinates":[[[-73.9269,40.6189],[-73.9264,40.6145],[-73.9206,40.6148],[-73.923,40.6192],[-73.9269,40.6189]]]}},{"type":"Feature","properties":{"geoid":"36047068600","clusterId":"new-york-south"},"geometry":{"type":"Polygon","coordinates":[[[-73.9205,40.6139],[-73.919,40.6121],[-73.9139,40.6154],[-73.9171,40.6184],[-73.9169,40.6163],[-73.9205,40.6139]]]}},{"type":"Feature","properties":{"geoid":"36047068800","clusterId":"new-york-south"},"geometry":{"type":"Polygon","coordinates":[[[-73.9211,40.6193],[-73.9205,40.6139],[-73.9169,40.6163],[-73.9173,40.6195],[-73.9211,40.6193]]]}},{"type":"Feature","properties":{"geoid":"36047069000","clusterId":"new-york-south"},"geometry":{"type":"Polygon","coordinates":[[[-73.9233,40.6216],[-73.9228,40.6169],[-73.9209,40.617],[-73.9211,40.6193],[-73.9173,40.6195],[-73.9175,40.6219],[-73.9233,40.6216]]]}},{"type":"Feature","properties":{"geoid":"36047069200","clusterId":"new-york-south"},"geometry":{"type":"Polygon","coordinates":[[[-73.9235,40.6238],[-73.9233,40.6216],[-73.9175,40.6219],[-73.918,40.6265],[-73.9209,40.6263],[-73.9206,40.624],[-73.9235,40.6238]]]}},{"type":"Feature","properties":{"geoid":"36047069601","clusterId":"new-york-south"},"geometry":{"type":"Polygon","coordinates":[[[-73.9186,40.6321],[-73.9175,40.6215],[-73.9085,40.628],[-73.9186,40.6321]]]}},{"type":"Feature","properties":{"geoid":"36047069602","clusterId":"new-york-south"},"geometry":{"type":"Polygon","coordinates":[[[-73.9175,40.6215],[-73.9173,40.6195],[-73.9148,40.6197],[-73.9117,40.6169],[-73.9089,40.6189],[-73.9106,40.6204],[-73.907,40.6227],[-73.9027,40.6201],[-73.8983,40.623],[-73.9085,40.628],[-73.9175,40.6215]]]}},{"type":"Feature","properties":{"geoid":"36047069800","clusterId":"new-york-south"},"geometry":{"type":"Polygon","coordinates":[[[-73.9218,40.6102],[-73.9178,40.6064],[-73.9143,40.6086],[-73.9099,40.6152],[-73.9148,40.6197],[-73.9173,40.6195],[-73.9139,40.6154],[-73.9218,40.6102]]]}},{"type":"Feature","properties":{"geoid":"36047070000","clusterId":"new-york-south"},"geometry":{"type":"Polygon","coordinates":[[[-73.9106,40.6204],[-73.9071,40.6173],[-73.9027,40.6201],[-73.907,40.6227],[-73.9106,40.6204]]]}},{"type":"Feature","properties":{"geoid":"36047070201","clusterId":"new-york-south"},"geometry":{"type":"Polygon","coordinates":[[[-73.9169,40.6069],[-73.913,40.6029],[-73.9014,40.6044],[-73.9034,40.6119],[-73.9103,40.6178],[-73.9117,40.6169],[-73.9099,40.6152],[-73.9169,40.6069]]]}},{"type":"Feature","properties":{"geoid":"36047070601","clusterId":"new-york-south"},"geometry":{"type":"Polygon","coordinates":[[[-73.9097,40.6184],[-73.9049,40.6132],[-73.902,40.6128],[-73.8986,40.6152],[-73.8984,40.6173],[-73.902,40.6206],[-73.9071,40.6173],[-73.9097,40.6184]]]}},{"type":"Feature","properties":{"geoid":"36047072000","clusterId":"new-york-south"},"geometry":{"type":"Polygon","coordinates":[[[-73.924,40.6286],[-73.9211,40.6286],[-73.9209,40.6263],[-73.918,40.6265],[-73.9186,40.6321],[-73.924,40.6286]]]}},{"type":"Feature","properties":{"geoid":"36047072200","clusterId":"new-york-south"},"geometry":{"type":"Polygon","coordinates":[[[-73.9303,40.6327],[-73.9301,40.6304],[-73.9186,40.6321],[-73.9189,40.6345],[-73.9303,40.6327]]]}},{"type":"Feature","properties":{"geoid":"36047072400","clusterId":"new-york-south"},"geometry":{"type":"Polygon","coordinates":[[[-73.9315,40.635],[-73.9313,40.6327],[-73.9226,40.6332],[-73.9228,40.6355],[-73.9315,40.635]]]}},{"type":"Feature","properties":{"geoid":"36047072600","clusterId":"new-york-south"},"geometry":{"type":"Polygon","coordinates":[[[-73.9373,40.6347],[-73.9368,40.63],[-73.9301,40.6304],[-73.9315,40.635],[-73.9373,40.6347]]]}},{"type":"Feature","properties":{"geoid":"36047072800","clusterId":"new-york-south"},"geometry":{"type":"Polygon","coordinates":[[[-73.932,40.6303],[-73.9317,40.6279],[-73.9243,40.6284],[-73.9204,40.6309],[-73.932,40.6303]]]}},{"type":"Feature","properties":{"geoid":"36047073000","clusterId":"new-york-south"},"geometry":{"type":"Polygon","coordinates":[[[-73.9334,40.6257],[-73.9331,40.6227],[-73.9243,40.6284],[-73.9317,40.6279],[-73.9315,40.6256],[-73.9334,40.6257]]]}},{"type":"Feature","properties":{"geoid":"36047073200","clusterId":"new-york-south"},"geometry":{"type":"Polygon","coordinates":[[[-73.9358,40.63],[-73.9353,40.6258],[-73.9315,40.6256],[-73.932,40.6303],[-73.9358,40.63]]]}},{"type":"Feature","properties":{"geoid":"36047073400","clusterId":"new-york-south"},"geometry":{"type":"Polygon","coordinates":[[[-73.9396,40.6298],[-73.9392,40.6256],[-73.9353,40.6258],[-73.9358,40.63],[-73.9396,40.6298]]]}},{"type":"Feature","properties":{"geoid":"36047073600","clusterId":"new-york-south"},"geometry":{"type":"Polygon","coordinates":[[[-73.94,40.6255],[-73.9354,40.6212],[-73.9331,40.6227],[-73.9337,40.6259],[-73.94,40.6255]]]}},{"type":"Feature","properties":{"geoid":"36047073800","clusterId":"new-york-south"},"geometry":{"type":"Polygon","coordinates":[[[-73.9417,40.6249],[-73.9408,40.6201],[-73.9354,40.6212],[-73.9396,40.6252],[-73.9417,40.6249]]]}},{"type":"Feature","properties":{"geoid":"36047074000","clusterId":"new-york-south"},"geometry":{"type":"Polygon","coordinates":[[[-73.9434,40.6296],[-73.9426,40.6248],[-73.9396,40.6252],[-73.9396,40.6298],[-73.9434,40.6296]]]}},{"type":"Feature","properties":{"geoid":"36047074200","clusterId":"new-york-south"},"geometry":{"type":"Polygon","coordinates":[[[-73.9473,40.6292],[-73.9464,40.6244],[-73.9426,40.6248],[-73.9434,40.6296],[-73.9473,40.6292]]]}},{"type":"Feature","properties":{"geoid":"36047074400","clusterId":"new-york-south"},"geometry":{"type":"Polygon","coordinates":[[[-73.9454,40.6245],[-73.9445,40.6197],[-73.9408,40.6201],[-73.9417,40.6249],[-73.9454,40.6245]]]}},{"type":"Feature","properties":{"geoid":"36047074600","clusterId":"new-york-south"},"geometry":{"type":"Polygon","coordinates":[[[-73.9465,40.6195],[-73.9457,40.6154],[-73.9363,40.6206],[-73.9465,40.6195]]]}},{"type":"Feature","properties":{"geoid":"36047074800","clusterId":"new-york-south"},"geometry":{"type":"Polygon","coordinates":[[[-73.9493,40.6241],[-73.9484,40.6193],[-73.9445,40.6197],[-73.9454,40.6245],[-73.9493,40.6241]]]}},{"type":"Feature","properties":{"geoid":"36047075000","clusterId":"new-york-south"},"geometry":{"type":"Polygon","coordinates":[[[-73.9511,40.6287],[-73.9502,40.624],[-73.9464,40.6244],[-73.9473,40.6292],[-73.9511,40.6287]]]}},{"type":"Feature","properties":{"geoid":"36047075200","clusterId":"new-york-south"},"geometry":{"type":"Polygon","coordinates":[[[-73.9549,40.6283],[-73.954,40.6236],[-73.9502,40.624],[-73.9511,40.6287],[-73.9549,40.6283]]]}},{"type":"Feature","properties":{"geoid":"36047075400","clusterId":"new-york-south"},"geometry":{"type":"Polygon","coordinates":[[[-73.9531,40.6237],[-73.9521,40.6189],[-73.9484,40.6193],[-73.9493,40.6241],[-73.9531,40.6237]]]}},{"type":"Feature","properties":{"geoid":"36047075600","clusterId":"new-york-south"},"geometry":{"type":"Polygon","coordinates":[[[-73.9503,40.6191],[-73.9493,40.614],[-73.9457,40.6154],[-73.9465,40.6195],[-73.9503,40.6191]]]}},{"type":"Feature","properties":{"geoid":"36047075800","clusterId":"new-york-south"},"geometry":{"type":"Polygon","coordinates":[[[-73.955,40.6186],[-73.953,40.6136],[-73.9493,40.614],[-73.9503,40.6191],[-73.955,40.6186]]]}},{"type":"Feature","properties":{"geoid":"36047076000","clusterId":"new-york-south"},"geometry":{"type":"Polygon","coordinates":[[[-73.9581,40.6231],[-73.955,40.6186],[-73.9521,40.6189],[-73.9531,40.6237],[-73.9581,40.6231]]]}},{"type":"Feature","properties":{"geoid":"36047076200","clusterId":"new-york-south"},"geometry":{"type":"Polygon","coordinates":[[[-73.959,40.6279],[-73.9581,40.6231],[-73.954,40.6236],[-73.9549,40.6283],[-73.959,40.6279]]]}},{"type":"Feature","properties":{"geoid":"36047076400","clusterId":"new-york-south"},"geometry":{"type":"Polygon","coordinates":[[[-73.96,40.6356],[-73.959,40.6279],[-73.9568,40.6281],[-73.9584,40.6363],[-73.96,40.6356]]]}},{"type":"Feature","properties":{"geoid":"36047076600","clusterId":"new-york-south"},"geometry":{"type":"Polygon","coordinates":[[[-73.9582,40.6353],[-73.9566,40.6306],[-73.9555,40.6314],[-73.9562,40.6355],[-73.9582,40.6353]]]}},{"type":"Feature","properties":{"geoid":"36047076800","clusterId":"new-york-south"},"geometry":{"type":"Polygon","coordinates":[[[-73.9643,40.62],[-73.9634,40.6152],[-73.9587,40.6157],[-73.9581,40.6231],[-73.9609,40.6228],[-73.9605,40.6204],[-73.9643,40.62]]]}},{"type":"Feature","properties":{"geoid":"36047077000","clusterId":"new-york-south"},"geometry":{"type":"Polygon","coordinates":[[[-73.9583,40.6364],[-73.9582,40.6353],[-73.9525,40.6359],[-73.952,40.6335],[-73.9494,40.6345],[-73.9537,40.6386],[-73.9583,40.6364]]]}},{"type":"Feature","properties":{"geoid":"36047077200","clusterId":"new-york-south"},"geometry":{"type":"Polygon","coordinates":[[[-73.9573,40.6305],[-73.9568,40.6281],[-73.9475,40.6306],[-73.952,40.6335],[-73.9525,40.6359],[-73.9562,40.6355],[-73.9555,40.6314],[-73.9573,40.6305]]]}},{"type":"Feature","properties":{"geoid":"36047077400","clusterId":"new-york-south"},"geometry":{"type":"Polygon","coordinates":[[[-73.9511,40.6336],[-73.9475,40.6316],[-73.9504,40.6303],[-73.9502,40.6289],[-73.9442,40.6295],[-73.9494,40.6345],[-73.9511,40.6336]]]}},{"type":"Feature","properties":{"geoid":"36047077600","clusterId":"new-york-south"},"geometry":{"type":"Polygon","coordinates":[[[-73.9465,40.6317],[-73.9442,40.6295],[-73.9368,40.63],[-73.937,40.6323],[-73.9465,40.6317]]]}},{"type":"Feature","properties":{"geoid":"36047078000","clusterId":"new-york-south"},"geometry":{"type":"Polygon","coordinates":[[[-73.9413,40.6367],[-73.9408,40.6321],[-73.937,40.6323],[-73.9375,40.6369],[-73.9413,40.6367]]]}},{"type":"Feature","properties":{"geoid":"36047078200","clusterId":"new-york-south"},"geometry":{"type":"Polygon","coordinates":[[[-73.9454,40.6388],[-73.9451,40.6364],[-73.9375,40.6369],[-73.9378,40.6393],[-73.9454,40.6388]]]}},{"type":"Feature","properties":{"geoid":"36047078400","clusterId":"new-york-south"},"geometry":{"type":"Polygon","coordinates":[[[-73.9451,40.6364],[-73.9446,40.6318],[-73.9408,40.6321],[-73.9413,40.6367],[-73.9451,40.6364]]]}},{"type":"Feature","properties":{"geoid":"36047078601","clusterId":"new-york-south"},"geometry":{"type":"Polygon","coordinates":[[[-73.9511,40.6361],[-73.9456,40.6318],[-73.948,40.6363],[-73.9511,40.6361]]]}},{"type":"Feature","properties":{"geoid":"36047078602","clusterId":"new-york-south"},"geometry":{"type":"Polygon","coordinates":[[[-73.948,40.6363],[-73.9478,40.634],[-73.9459,40.6341],[-73.9446,40.6318],[-73.9451,40.6364],[-73.948,40.6363]]]}},{"type":"Feature","properties":{"geoid":"36047078801","clusterId":"new-york-south"},"geometry":{"type":"Polygon","coordinates":[[[-73.9531,40.6384],[-73.9511,40.6361],[-73.948,40.6363],[-73.9483,40.6386],[-73.9531,40.6384]]]}},{"type":"Feature","properties":{"geoid":"36047078802","clusterId":"new-york-south"},"geometry":{"type":"Polygon","coordinates":[[[-73.9483,40.6386],[-73.948,40.6363],[-73.9451,40.6364],[-73.9454,40.6388],[-73.9483,40.6386]]]}},{"type":"Feature","properties":{"geoid":"36047079001","clusterId":"new-york-south"},"geometry":{"type":"Polygon","coordinates":[[[-73.9576,40.6427],[-73.954,40.6389],[-73.9545,40.6429],[-73.9576,40.6427]]]}},{"type":"Feature","properties":{"geoid":"36047079002","clusterId":"new-york-south"},"geometry":{"type":"Polygon","coordinates":[[[-73.9545,40.6429],[-73.954,40.6389],[-73.9512,40.6384],[-73.9517,40.6431],[-73.9545,40.6429]]]}},{"type":"Feature","properties":{"geoid":"36047079201","clusterId":"new-york-south"},"geometry":{"type":"Polygon","coordinates":[[[-73.9581,40.6465],[-73.9576,40.6427],[-73.9545,40.6429],[-73.9557,40.6466],[-73.9581,40.6465]]]}},{"type":"Feature","properties":{"geoid":"36047079202","clusterId":"new-york-south"},"geometry":{"type":"Polygon","coordinates":[[[-73.9549,40.6467],[-73.9545,40.6429],[-73.9517,40.6431],[-73.952,40.6468],[-73.9549,40.6467]]]}},{"type":"Feature","properties":{"geoid":"36047079400","clusterId":"new-york-south"},"geometry":{"type":"Polygon","coordinates":[[[-73.9587,40.6504],[-73.9581,40.6465],[-73.952,40.6468],[-73.9525,40.6507],[-73.9587,40.6504]]]}},{"type":"Feature","properties":{"geoid":"36047079601","clusterId":"new-york-south"},"geometry":{"type":"Polygon","coordinates":[[[-73.9604,40.6581],[-73.9597,40.6548],[-73.9563,40.655],[-73.9566,40.6583],[-73.9604,40.6581]]]}},{"type":"Feature","properties":{"geoid":"36047079602","clusterId":"new-york-south"},"geometry":{"type":"Polygon","coordinates":[[[-73.9597,40.6548],[-73.9587,40.6504],[-73.9558,40.6505],[-73.9563,40.655],[-73.9597,40.6548]]]}},{"type":"Feature","properties":{"geoid":"36047079801","clusterId":"new-york-south"},"geometry":{"type":"Polygon","coordinates":[[[-73.9608,40.6617],[-73.9604,40.6581],[-73.9566,40.6583],[-73.957,40.662],[-73.9608,40.6617]]]}},{"type":"Feature","properties":{"geoid":"36047079802","clusterId":"new-york-south"},"geometry":{"type":"Polygon","coordinates":[[[-73.9628,40.6605],[-73.9619,40.6549],[-73.9599,40.6556],[-73.9607,40.6609],[-73.9628,40.6605]]]}},{"type":"Feature","properties":{"geoid":"36047080000","clusterId":"new-york-south"},"geometry":{"type":"Polygon","coordinates":[[[-73.957,40.662],[-73.9567,40.659],[-73.9505,40.6594],[-73.9508,40.6624],[-73.957,40.662]]]}},{"type":"Feature","properties":{"geoid":"36047080200","clusterId":"new-york-south"},"geometry":{"type":"Polygon","coordinates":[[[-73.9567,40.659],[-73.9564,40.6559],[-73.9502,40.6563],[-73.9505,40.6594],[-73.9567,40.659]]]}},{"type":"Feature","properties":{"geoid":"36047080400","clusterId":"new-york-south"},"geometry":{"type":"Polygon","coordinates":[[[-73.9508,40.6624],[-73.9501,40.6554],[-73.9472,40.6556],[-73.9479,40.6625],[-73.9508,40.6624]]]}},{"type":"Feature","properties":{"geoid":"36047080600","clusterId":"new-york-south"},"geometry":{"type":"Polygon","coordinates":[[[-73.9479,40.6625],[-73.9477,40.6603],[-73.9398,40.6608],[-73.94,40.663],[-73.9479,40.6625]]]}},{"type":"Feature","properties":{"geoid":"36047080800","clusterId":"new-york-south"},"geometry":{"type":"Polygon","coordinates":[[[-73.9474,40.6573],[-73.9472,40.6556],[-73.9309,40.6566],[-73.9311,40.6583],[-73.9396,40.6578],[-73.9397,40.6601],[-73.9426,40.6599],[-73.9423,40.6576],[-73.9474,40.6573]]]}},{"type":"Feature","properties":{"geoid":"36047081000","clusterId":"new-york-south"},"geometry":{"type":"Polygon","coordinates":[[[-73.9477,40.6603],[-73.9474,40.6573],[-73.9423,40.6576],[-73.9426,40.6599],[-73.9397,40.6601],[-73.9477,40.6603]]]}},{"type":"Feature","properties":{"geoid":"36047081400","clusterId":"new-york-south"},"geometry":{"type":"Polygon","coordinates":[[[-73.9424,40.6559],[-73.9419,40.6512],[-73.9381,40.6514],[-73.9386,40.6561],[-73.9424,40.6559]]]}},{"type":"Feature","properties":{"geoid":"36047081600","clusterId":"new-york-south"},"geometry":{"type":"Polygon","coordinates":[[[-73.9472,40.6556],[-73.9457,40.651],[-73.9419,40.6512],[-73.9424,40.6559],[-73.9472,40.6556]]]}},{"type":"Feature","properties":{"geoid":"36047081800","clusterId":"new-york-south"},"geometry":{"type":"Polygon","coordinates":[[[-73.9501,40.6554],[-73.9496,40.6508],[-73.9457,40.651],[-73.9472,40.6556],[-73.9501,40.6554]]]}},{"type":"Feature","properties":{"geoid":"36047082000","clusterId":"new-york-south"},"geometry":{"type":"Polygon","coordinates":[[[-73.953,40.6561],[-73.9525,40.6507],[-73.9496,40.6508],[-73.9502,40.6563],[-73.953,40.6561]]]}},{"type":"Feature","properties":{"geoid":"36047082200","clusterId":"new-york-south"},"geometry":{"type":"Polygon","coordinates":[[[-73.9564,40.6559],[-73.9558,40.6505],[-73.9525,40.6507],[-73.953,40.6561],[-73.9564,40.6559]]]}},{"type":"Feature","properties":{"geoid":"36047082400","clusterId":"new-york-south"},"geometry":{"type":"Polygon","coordinates":[[[-73.9525,40.6507],[-73.952,40.6468],[-73.9463,40.647],[-73.9467,40.6509],[-73.9525,40.6507]]]}},{"type":"Feature","properties":{"geoid":"36047082600","clusterId":"new-york-south"},"geometry":{"type":"Polygon","coordinates":[[[-73.952,40.6468],[-73.9517,40.6431],[-73.9459,40.6434],[-73.9463,40.647],[-73.952,40.6468]]]}},{"type":"Feature","properties":{"geoid":"36047082800","clusterId":"new-york-south"},"geometry":{"type":"Polygon","coordinates":[[[-73.9517,40.6431],[-73.9512,40.6384],[-73.9483,40.6386],[-73.9478,40.6433],[-73.9517,40.6431]]]}},{"type":"Feature","properties":{"geoid":"36047083000","clusterId":"new-york-south"},"geometry":{"type":"Polygon","coordinates":[[[-73.9484,40.64],[-73.9483,40.6386],[-73.9425,40.639],[-73.944,40.6435],[-73.9478,40.6433],[-73.9484,40.64]]]}},{"type":"Feature","properties":{"geoid":"36047083200","clusterId":"new-york-south"},"geometry":{"type":"Polygon","coordinates":[[[-73.944,40.6435],[-73.9425,40.639],[-73.9397,40.6391],[-73.9402,40.6438],[-73.944,40.6435]]]}},{"type":"Feature","properties":{"geoid":"36047083400","clusterId":"new-york-south"},"geometry":{"type":"Polygon","coordinates":[[[-73.9402,40.6438],[-73.9397,40.6391],[-73.9368,40.6393],[-73.9373,40.644],[-73.9402,40.6438]]]}},{"type":"Feature","properties":{"geoid":"36047083600","clusterId":"new-york-south"},"geometry":{"type":"Polygon","coordinates":[[[-73.9378,40.6393],[-73.9373,40.6347],[-73.9325,40.6349],[-73.933,40.6396],[-73.9378,40.6393]]]}},{"type":"Feature","properties":{"geoid":"36047083800","clusterId":"new-york-south"},"geometry":{"type":"Polygon","coordinates":[[[-73.9373,40.644],[-73.9368,40.6393],[-73.933,40.6396],[-73.9335,40.6442],[-73.9373,40.644]]]}},{"type":"Feature","properties":{"geoid":"36047084000","clusterId":"new-york-south"},"geometry":{"type":"Polygon","coordinates":[[[-73.9335,40.6442],[-73.933,40.6396],[-73.9291,40.6398],[-73.9296,40.6444],[-73.9335,40.6442]]]}},{"type":"Feature","properties":{"geoid":"36047084600","clusterId":"new-york-south"},"geometry":{"type":"Polygon","coordinates":[[[-73.9296,40.6444],[-73.9291,40.6398],[-73.9257,40.64],[-73.9257,40.6447],[-73.9296,40.6444]]]}},{"type":"Feature","properties":{"geoid":"36047084800","clusterId":"new-york-south"},"geometry":{"type":"Polygon","coordinates":[[[-73.93,40.6482],[-73.9296,40.6444],[-73.9257,40.6447],[-73.9261,40.6484],[-73.93,40.6482]]]}},{"type":"Feature","properties":{"geoid":"36047085000","clusterId":"new-york-south"},"geometry":{"type":"Polygon","coordinates":[[[-73.9374,40.6449],[-73.9296,40.6444],[-73.93,40.6482],[-73.9329,40.648],[-73.9326,40.6452],[-73.9374,40.6449]]]}},{"type":"Feature","properties":{"geoid":"36047085400","clusterId":"new-york-south"},"geometry":{"type":"Polygon","coordinates":[[[-73.9461,40.6453],[-73.9459,40.6434],[-73.9373,40.644],[-73.9426,40.6447],[-73.9434,40.6471],[-73.9461,40.6453]]]}},{"type":"Feature","properties":{"geoid":"36047085600","clusterId":"new-york-south"},"geometry":{"type":"Polygon","coordinates":[[[-73.9467,40.6509],[-73.9461,40.6453],[-73.9442,40.6454],[-73.9428,40.6511],[-73.9467,40.6509]]]}},{"type":"Feature","properties":{"geoid":"36047085800","clusterId":"new-york-south"},"geometry":{"type":"Polygon","coordinates":[[[-73.9428,40.6511],[-73.9426,40.6493],[-73.9359,40.6487],[-73.9362,40.6515],[-73.9428,40.6511]]]}},{"type":"Feature","properties":{"geoid":"36047086000","clusterId":"new-york-south"},"geometry":{"type":"Polygon","coordinates":[[[-73.9362,40.6515],[-73.9359,40.6487],[-73.93,40.6482],[-73.9304,40.6517],[-73.9362,40.6515]]]}},{"type":"Feature","properties":{"geoid":"36047086200","clusterId":"new-york-south"},"geometry":{"type":"Polygon","coordinates":[[[-73.9304,40.6517],[-73.93,40.6482],[-73.9261,40.6484],[-73.9265,40.6524],[-73.9304,40.6517]]]}},{"type":"Feature","properties":{"geoid":"36047086400","clusterId":"new-york-south"},"geometry":{"type":"Polygon","coordinates":[[[-73.9261,40.6569],[-73.9256,40.6524],[-73.9208,40.6526],[-73.9261,40.6569]]]}},{"type":"Feature","properties":{"geoid":"36047086600","clusterId":"new-york-south"},"geometry":{"type":"Polygon","coordinates":[[[-73.9282,40.6602],[-73.9275,40.6523],[-73.9256,40.6524],[-73.9261,40.6569],[-73.9246,40.6582],[-73.9282,40.6602]]]}},{"type":"Feature","properties":{"geoid":"36047086800","clusterId":"new-york-south"},"geometry":{"type":"Polygon","coordinates":[[[-73.9319,40.6565],[-73.9314,40.6517],[-73.9275,40.6523],[-73.928,40.6568],[-73.9319,40.6565]]]}},{"type":"Feature","properties":{"geoid":"36047087000","clusterId":"new-york-south"},"geometry":{"type":"Polygon","coordinates":[[[-73.9357,40.6563],[-73.9343,40.6516],[-73.9314,40.6517],[-73.9319,40.6565],[-73.9357,40.6563]]]}},{"type":"Feature","properties":{"geoid":"36047087200","clusterId":"new-york-south"},"geometry":{"type":"Polygon","coordinates":[[[-73.9386,40.6561],[-73.9381,40.6514],[-73.9343,40.6516],[-73.9357,40.6563],[-73.9386,40.6561]]]}},{"type":"Feature","properties":{"geoid":"36047087401","clusterId":"new-york-south"},"geometry":{"type":"Polygon","coordinates":[[[-73.94,40.663],[-73.9396,40.6578],[-73.9369,40.6579],[-73.9373,40.6632],[-73.94,40.663]]]}},{"type":"Feature","properties":{"geoid":"36047087600","clusterId":"new-york-south"},"geometry":{"type":"Polygon","coordinates":[[[-73.9374,40.6629],[-73.9369,40.6579],[-73.934,40.6581],[-73.9346,40.6634],[-73.9374,40.6629]]]}},{"type":"Feature","properties":{"geoid":"36047087800","clusterId":"new-york-south"},"geometry":{"type":"Polygon","coordinates":[[[-73.9342,40.6604],[-73.934,40.6581],[-73.928,40.6568],[-73.9294,40.6607],[-73.9342,40.6604]]]}},{"type":"Feature","properties":{"geoid":"36047088001","clusterId":"new-york-south"},"geometry":{"type":"Polygon","coordinates":[[[-73.9346,40.6634],[-73.9342,40.6604],[-73.9313,40.6606],[-73.9316,40.6636],[-73.9346,40.6634]]]}},{"type":"Feature","properties":{"geoid":"36047088002","clusterId":"new-york-south"},"geometry":{"type":"Polygon","coordinates":[[[-73.9316,40.6636],[-73.9313,40.6606],[-73.9294,40.6607],[-73.9291,40.6584],[-73.9282,40.6602],[-73.9265,40.6598],[-73.9316,40.6636]]]}},{"type":"Feature","properties":{"geoid":"36047088200","clusterId":"new-york-south"},"geometry":{"type":"Polygon","coordinates":[[[-73.9299,40.664],[-73.9236,40.6561],[-73.9214,40.6575],[-73.9282,40.6647],[-73.9299,40.664]]]}},{"type":"Feature","properties":{"geoid":"36047088400","clusterId":"new-york-south"},"geometry":{"type":"Polygon","coordinates":[[[-73.9277,40.6649],[-73.9232,40.6591],[-73.9209,40.6606],[-73.9264,40.6655],[-73.9277,40.6649]]]}},{"type":"Feature","properties":{"geoid":"36047088600","clusterId":"new-york-south"},"geometry":{"type":"Polygon","coordinates":[[[-73.9236,40.6561],[-73.9218,40.6544],[-73.9173,40.6573],[-73.9209,40.6606],[-73.9232,40.6591],[-73.9214,40.6575],[-73.9236,40.6561]]]}},{"type":"Feature","properties":{"geoid":"36047088800","clusterId":"new-york-south"},"geometry":{"type":"Polygon","coordinates":[[[-73.9218,40.6544],[-73.9181,40.6512],[-73.9136,40.654],[-73.9181,40.6568],[-73.9218,40.6544]]]}},{"type":"Feature","properties":{"geoid":"36047089000","clusterId":"new-york-south"},"geometry":{"type":"Polygon","coordinates":[[[-73.9197,40.6608],[-73.9153,40.6542],[-73.9097,40.6543],[-73.9196,40.662],[-73.9197,40.6608]]]}},{"type":"Feature","properties":{"geoid":"36047089200","clusterId":"new-york-south"},"geometry":{"type":"Polygon","coordinates":[[[-73.9259,40.6657],[-73.9201,40.6599],[-73.9196,40.662],[-73.9183,40.6612],[-73.9191,40.6642],[-73.9259,40.6657]]]}},{"type":"Feature","properties":{"geoid":"36047089400","clusterId":"new-york-south"},"geometry":{"type":"Polygon","coordinates":[[[-73.9191,40.6642],[-73.9182,40.6607],[-73.9156,40.6584],[-73.9137,40.6586],[-73.9163,40.6647],[-73.9191,40.6642]]]}},{"type":"Feature","properties":{"geoid":"36047089600","clusterId":"new-york-south"},"geometry":{"type":"Polygon","coordinates":[[[-73.9147,40.6585],[-73.9123,40.6555],[-73.9101,40.6559],[-73.9113,40.6606],[-73.9141,40.6602],[-73.9147,40.6585]]]}},{"type":"Feature","properties":{"geoid":"36047089800","clusterId":"new-york-south"},"geometry":{"type":"Polygon","coordinates":[[[-73.9163,40.6647],[-73.9141,40.6602],[-73.9113,40.6606],[-73.9125,40.6652],[-73.9163,40.6647]]]}},{"type":"Feature","properties":{"geoid":"36047090000","clusterId":"new-york-central"},"geometry":{"type":"Polygon","coordinates":[[[-73.9244,40.6664],[-73.9217,40.6638],[-73.9163,40.6647],[-73.9175,40.6694],[-73.9244,40.6664]]]}},{"type":"Feature","properties":{"geoid":"36047090200","clusterId":"new-york-central"},"geometry":{"type":"Polygon","coordinates":[[[-73.9175,40.6694],[-73.9163,40.6647],[-73.9125,40.6652],[-73.914,40.6709],[-73.9175,40.6694]]]}},{"type":"Feature","properties":{"geoid":"36047090600","clusterId":"new-york-central"},"geometry":{"type":"Polygon","coordinates":[[[-73.9111,40.6722],[-73.9101,40.6672],[-73.9064,40.6677],[-73.9079,40.6736],[-73.9111,40.6722]]]}},{"type":"Feature","properties":{"geoid":"36047090800","clusterId":"new-york-central"},"geometry":{"type":"Polygon","coordinates":[[[-73.9079,40.6736],[-73.9064,40.6677],[-73.9017,40.6684],[-73.9035,40.6755],[-73.9079,40.6736]]]}},{"type":"Feature","properties":{"geoid":"36047091000","clusterId":"new-york-central"},"geometry":{"type":"Polygon","coordinates":[[[-73.9064,40.6677],[-73.9052,40.6631],[-73.9004,40.6638],[-73.9017,40.6684],[-73.9064,40.6677]]]}},{"type":"Feature","properties":{"geoid":"36047091200","clusterId":"new-york-central"},"geometry":{"type":"Polygon","coordinates":[[[-73.9101,40.6672],[-73.9089,40.6626],[-73.9052,40.6631],[-73.9064,40.6677],[-73.9101,40.6672]]]}},{"type":"Feature","properties":{"geoid":"36047091600","clusterId":"new-york-south"},"geometry":{"type":"Polygon","coordinates":[[[-73.9117,40.6621],[-73.9101,40.6559],[-73.9064,40.6564],[-73.9076,40.6612],[-73.9089,40.6626],[-73.9117,40.6621]]]}},{"type":"Feature","properties":{"geoid":"36047091800","clusterId":"new-york-south"},"geometry":{"type":"Polygon","coordinates":[[[-73.9089,40.6626],[-73.9072,40.6596],[-73.9007,40.6606],[-73.9015,40.6637],[-73.9089,40.6626]]]}},{"type":"Feature","properties":{"geoid":"36047092000","clusterId":"new-york-south"},"geometry":{"type":"Polygon","coordinates":[[[-73.9072,40.6596],[-73.9064,40.6564],[-73.8988,40.6574],[-73.8997,40.6607],[-73.9072,40.6596]]]}},{"type":"Feature","properties":{"geoid":"36047092200","clusterId":"new-york-south"},"geometry":{"type":"Polygon","coordinates":[[[-73.9101,40.6559],[-73.9086,40.6521],[-73.9079,40.6546],[-73.9003,40.6573],[-73.9101,40.6559]]]}},{"type":"Feature","properties":{"geoid":"36047092400","clusterId":"new-york-central"},"geometry":{"type":"Polygon","coordinates":[[[-73.914,40.6709],[-73.9117,40.6621],[-73.9089,40.6626],[-73.9113,40.6721],[-73.914,40.6709]]]}},{"type":"Feature","properties":{"geoid":"36047092800","clusterId":"new-york-south"},"geometry":{"type":"Polygon","coordinates":[[[-73.9145,40.6535],[-73.9118,40.65],[-73.9086,40.6521],[-73.9097,40.6543],[-73.9145,40.6535]]]}},{"type":"Feature","properties":{"geoid":"36047093000","clusterId":"new-york-south"},"geometry":{"type":"Polygon","coordinates":[[[-73.9178,40.6486],[-73.9169,40.6467],[-73.9118,40.65],[-73.9152,40.653],[-73.9181,40.6512],[-73.9163,40.6495],[-73.9178,40.6486]]]}},{"type":"Feature","properties":{"geoid":"36047093200","clusterId":"new-york-south"},"geometry":{"type":"Polygon","coordinates":[[[-73.933,40.6396],[-73.9325,40.6349],[-73.9296,40.6351],[-73.9274,40.6353],[-73.9257,40.64],[-73.933,40.6396]]]}},{"type":"Feature","properties":{"geoid":"36047093400","clusterId":"new-york-south"},"geometry":{"type":"Polygon","coordinates":[[[-73.9208,40.6526],[-73.92,40.6447],[-73.9169,40.6467],[-73.9185,40.6481],[-73.9163,40.6495],[-73.9208,40.6526]]]}},{"type":"Feature","properties":{"geoid":"36047093600","clusterId":"new-york-south"},"geometry":{"type":"Polygon","coordinates":[[[-73.9235,40.6508],[-73.9231,40.6467],[-73.9219,40.6449],[-73.92,40.645],[-73.9208,40.6526],[-73.9228,40.6525],[-73.9235,40.6508]]]}},{"type":"Feature","properties":{"geoid":"36047093800","clusterId":"new-york-south"},"geometry":{"type":"Polygon","coordinates":[[[-73.9265,40.6524],[-73.9261,40.6484],[-73.9223,40.6487],[-73.9236,40.6505],[-73.9228,40.6525],[-73.9265,40.6524]]]}},{"type":"Feature","properties":{"geoid":"36047094401","clusterId":"new-york-south"},"geometry":{"type":"Polygon","coordinates":[[[-73.9268,40.6361],[-73.9274,40.6353],[-73.9228,40.6355],[-73.9192,40.6375],[-73.9197,40.6427],[-73.9233,40.6399],[-73.9236,40.6425],[-73.9254,40.6424],[-73.9268,40.6361]]]}},{"type":"Feature","properties":{"geoid":"36047094402","clusterId":"new-york-south"},"geometry":{"type":"Polygon","coordinates":[[[-73.9228,40.6355],[-73.9226,40.6332],[-73.9207,40.6333],[-73.9189,40.6345],[-73.9192,40.6375],[-73.9228,40.6355]]]}},{"type":"Feature","properties":{"geoid":"36047094600","clusterId":"new-york-south"},"geometry":{"type":"Polygon","coordinates":[[[-73.9261,40.6484],[-73.9254,40.6424],[-73.9236,40.6425],[-73.9233,40.6399],[-73.9197,40.6427],[-73.92,40.645],[-73.9219,40.6449],[-73.9232,40.6486],[-73.9261,40.6484]]]}},{"type":"Feature","properties":{"geoid":"36047095000","clusterId":"new-york-south"},"geometry":{"type":"Polygon","coordinates":[[[-73.9196,40.6412],[-73.9186,40.6321],[-73.9133,40.6355],[-73.9196,40.6412]]]}},{"type":"Feature","properties":{"geoid":"36047095400","clusterId":"new-york-south"},"geometry":{"type":"Polygon","coordinates":[[[-73.9182,40.6411],[-73.9133,40.6355],[-73.9104,40.6374],[-73.9159,40.6424],[-73.9182,40.6411]]]}},{"type":"Feature","properties":{"geoid":"36047095600","clusterId":"new-york-south"},"geometry":{"type":"Polygon","coordinates":[[[-73.9162,40.6336],[-73.9132,40.6319],[-73.9056,40.6376],[-73.9075,40.6393],[-73.9162,40.6336]]]}},{"type":"Feature","properties":{"geoid":"36047095800","clusterId":"new-york-south"},"geometry":{"type":"Polygon","coordinates":[[[-73.9157,40.6425],[-73.9104,40.6374],[-73.9075,40.6393],[-73.9129,40.6442],[-73.9157,40.6425]]]}},{"type":"Feature","properties":{"geoid":"36047096200","clusterId":"new-york-south"},"geometry":{"type":"Polygon","coordinates":[[[-73.913,40.6453],[-73.9108,40.6422],[-73.9071,40.6446],[-73.9107,40.6479],[-73.913,40.6453]]]}},{"type":"Feature","properties":{"geoid":"36047096400","clusterId":"new-york-south"},"geometry":{"type":"Polygon","coordinates":[[[-73.9108,40.6422],[-73.9075,40.6393],[-73.9038,40.6417],[-73.9071,40.6446],[-73.9108,40.6422]]]}},{"type":"Feature","properties":{"geoid":"36047096600","clusterId":"new-york-south"},"geometry":{"type":"Polygon","coordinates":[[[-73.9067,40.6397],[-73.9056,40.6376],[-73.8988,40.642],[-73.9007,40.6437],[-73.9067,40.6397]]]}},{"type":"Feature","properties":{"geoid":"36047096800","clusterId":"new-york-south"},"geometry":{"type":"Polygon","coordinates":[[[-73.9071,40.6446],[-73.9038,40.6417],[-73.9007,40.6437],[-73.904,40.6466],[-73.9071,40.6446]]]}},{"type":"Feature","properties":{"geoid":"36047097000","clusterId":"new-york-south"},"geometry":{"type":"Polygon","coordinates":[[[-73.9107,40.6479],[-73.9071,40.6446],[-73.904,40.6466],[-73.9076,40.6499],[-73.9107,40.6479]]]}},{"type":"Feature","properties":{"geoid":"36047097400","clusterId":"new-york-south"},"geometry":{"type":"Polygon","coordinates":[[[-73.904,40.6466],[-73.9007,40.6437],[-73.8962,40.6466],[-73.8978,40.6481],[-73.8963,40.649],[-73.8979,40.6505],[-73.904,40.6466]]]}},{"type":"Feature","properties":{"geoid":"36047098200","clusterId":"new-york-south"},"geometry":{"type":"Polygon","coordinates":[[[-73.8973,40.6509],[-73.8963,40.649],[-73.8978,40.6481],[-73.8962,40.6466],[-73.89,40.6511],[-73.8935,40.6552],[-73.8976,40.6535],[-73.8959,40.6519],[-73.8973,40.6509]]]}},{"type":"Feature","properties":{"geoid":"36047098400","clusterId":"new-york-south"},"geometry":{"type":"Polygon","coordinates":[[[-73.894,40.648],[-73.891,40.6442],[-73.8889,40.6456],[-73.8926,40.6489],[-73.894,40.648]]]}},{"type":"Feature","properties":{"geoid":"36047098600","clusterId":"new-york-south"},"geometry":{"type":"Polygon","coordinates":[[[-73.8969,40.6461],[-73.894,40.6423],[-73.891,40.6442],[-73.8947,40.6475],[-73.8969,40.6461]]]}},{"type":"Feature","properties":{"geoid":"36047098800","clusterId":"new-york-south"},"geometry":{"type":"Polygon","coordinates":[[[-73.9007,40.6437],[-73.897,40.6404],[-73.894,40.6423],[-73.8976,40.6456],[-73.9007,40.6437]]]}},{"type":"Feature","properties":{"geoid":"36047099000","clusterId":"new-york-south"},"geometry":{"type":"Polygon","coordinates":[[[-73.9012,40.6405],[-73.8983,40.6367],[-73.8952,40.6387],[-73.8988,40.642],[-73.9012,40.6405]]]}},{"type":"Feature","properties":{"geoid":"36047099200","clusterId":"new-york-south"},"geometry":{"type":"Polygon","coordinates":[[[-73.9041,40.6386],[-73.9013,40.6348],[-73.8983,40.6367],[-73.9019,40.64],[-73.9041,40.6386]]]}},{"type":"Feature","properties":{"geoid":"36047099400","clusterId":"new-york-south"},"geometry":{"type":"Polygon","coordinates":[[[-73.9078,40.6362],[-73.9041,40.633],[-73.9013,40.6348],[-73.9041,40.6386],[-73.9078,40.6362]]]}},{"type":"Feature","properties":{"geoid":"36047099600","clusterId":"new-york-south"},"geometry":{"type":"Polygon","coordinates":[[[-73.9114,40.6339],[-73.9074,40.6308],[-73.9041,40.633],[-73.9078,40.6362],[-73.9114,40.6339]]]}},{"type":"Feature","properties":{"geoid":"36047099800","clusterId":"new-york-south"},"geometry":{"type":"Polygon","coordinates":[[[-73.917,40.6331],[-73.9186,40.6321],[-73.9018,40.6248],[-73.8997,40.6274],[-73.9114,40.6339],[-73.9132,40.6319],[-73.917,40.6331]]]}},{"type":"Feature","properties":{"geoid":"36047100400","clusterId":"new-york-south"},"geometry":{"type":"Polygon","coordinates":[[[-73.9074,40.6308],[-73.9024,40.6286],[-73.9005,40.6297],[-73.9041,40.633],[-73.9074,40.6308]]]}},{"type":"Feature","properties":{"geoid":"36047100600","clusterId":"new-york-south"},"geometry":{"type":"Polygon","coordinates":[[[-73.9034,40.6334],[-73.9005,40.6297],[-73.8976,40.6316],[-73.9013,40.6348],[-73.9034,40.6334]]]}},{"type":"Feature","properties":{"geoid":"36047100800","clusterId":"new-york-south"},"geometry":{"type":"Polygon","coordinates":[[[-73.9005,40.6353],[-73.8976,40.6316],[-73.8948,40.6334],[-73.8983,40.6367],[-73.9005,40.6353]]]}},{"type":"Feature","properties":{"geoid":"36047101000","clusterId":"new-york-south"},"geometry":{"type":"Polygon","coordinates":[[[-73.8976,40.6372],[-73.8948,40.6334],[-73.8916,40.6355],[-73.8952,40.6387],[-73.8976,40.6372]]]}},{"type":"Feature","properties":{"geoid":"36047101200","clusterId":"new-york-south"},"geometry":{"type":"Polygon","coordinates":[[[-73.897,40.6404],[-73.8934,40.6371],[-73.8903,40.6391],[-73.894,40.6423],[-73.897,40.6404]]]}},{"type":"Feature","properties":{"geoid":"36047101400","clusterId":"new-york-south"},"geometry":{"type":"Polygon","coordinates":[[[-73.8932,40.6428],[-73.8903,40.6391],[-73.8874,40.641],[-73.891,40.6442],[-73.8932,40.6428]]]}},{"type":"Feature","properties":{"geoid":"36047101600","clusterId":"new-york-south"},"geometry":{"type":"Polygon","coordinates":[[[-73.891,40.6442],[-73.8874,40.641],[-73.8853,40.6424],[-73.8889,40.6456],[-73.891,40.6442]]]}},{"type":"Feature","properties":{"geoid":"36047101800","clusterId":"new-york-south"},"geometry":{"type":"Polygon","coordinates":[[[-73.8913,40.65],[-73.8926,40.6489],[-73.8853,40.6424],[-73.8874,40.641],[-73.8837,40.6377],[-73.8807,40.6396],[-73.8913,40.65]]]}},{"type":"Feature","properties":{"geoid":"36047102000","clusterId":"new-york-south"},"geometry":{"type":"Polygon","coordinates":[[[-73.8896,40.6395],[-73.8866,40.6358],[-73.8837,40.6377],[-73.8874,40.641],[-73.8896,40.6395]]]}},{"type":"Feature","properties":{"geoid":"36047102200","clusterId":"new-york-south"},"geometry":{"type":"Polygon","coordinates":[[[-73.8925,40.6377],[-73.8934,40.6371],[-73.8897,40.6338],[-73.8866,40.6358],[-73.8903,40.6391],[-73.8925,40.6377]]]}},{"type":"Feature","properties":{"geoid":"36047102400","clusterId":"new-york-south"},"geometry":{"type":"Polygon","coordinates":[[[-73.8961,40.6325],[-73.895,40.6304],[-73.8897,40.6338],[-73.8916,40.6355],[-73.8961,40.6325]]]}},{"type":"Feature","properties":{"geoid":"36047102600","clusterId":"new-york-south"},"geometry":{"type":"Polygon","coordinates":[[[-73.9024,40.6286],[-73.8997,40.6274],[-73.895,40.6304],[-73.8969,40.632],[-73.9024,40.6286]]]}},{"type":"Feature","properties":{"geoid":"36047102801","clusterId":"new-york-south"},"geometry":{"type":"Polygon","coordinates":[[[-73.8921,40.6322],[-73.8908,40.6309],[-73.8921,40.6287],[-73.8864,40.6308],[-73.8897,40.6338],[-73.8921,40.6322]]]}},{"type":"Feature","properties":{"geoid":"36047103401","clusterId":"new-york-south"},"geometry":{"type":"Polygon","coordinates":[[[-73.8897,40.6338],[-73.8864,40.6308],[-73.8829,40.6334],[-73.8859,40.6362],[-73.8897,40.6338]]]}},{"type":"Feature","properties":{"geoid":"36047105801","clusterId":"new-york-south"},"geometry":{"type":"Polygon","coordinates":[[[-73.8855,40.6531],[-73.8841,40.65],[-73.8761,40.6433],[-73.8749,40.6451],[-73.8822,40.6545],[-73.8855,40.6531]]]}},{"type":"Feature","properties":{"geoid":"36047105804","clusterId":"new-york-south"},"geometry":{"type":"Polygon","coordinates":[[[-73.89,40.6511],[-73.8913,40.65],[-73.8788,40.6379],[-73.8761,40.6433],[-73.8863,40.6528],[-73.89,40.6511]]]}},{"type":"Feature","properties":{"geoid":"36047107001","clusterId":"new-york-south"},"geometry":{"type":"Polygon","coordinates":[[[-73.8797,40.6556],[-73.8734,40.6468],[-73.8605,40.6547],[-73.8638,40.656],[-73.8672,40.6605],[-73.8797,40.6556]]]}},{"type":"Feature","properties":{"geoid":"36047107800","clusterId":"new-york-south"},"geometry":{"type":"Polygon","coordinates":[[[-73.8857,40.6548],[-73.8847,40.6535],[-73.8672,40.6605],[-73.8695,40.6635],[-73.8818,40.6583],[-73.8808,40.6569],[-73.8857,40.6548]]]}},{"type":"Feature","properties":{"geoid":"36047109800","clusterId":"new-york-south"},"geometry":{"type":"Polygon","coordinates":[[[-73.9094,40.6515],[-73.904,40.6466],[-73.8959,40.6519],[-73.8976,40.6535],[-73.8935,40.6552],[-73.8954,40.6577],[-73.9003,40.6573],[-73.9079,40.6546],[-73.9074,40.6528],[-73.9094,40.6515]]]}},{"type":"Feature","properties":{"geoid":"36047110400","clusterId":"new-york-south"},"geometry":{"type":"Polygon","coordinates":[[[-73.8962,40.658],[-73.89,40.6511],[-73.8847,40.6535],[-73.8878,40.6577],[-73.8829,40.6598],[-73.8841,40.6614],[-73.8809,40.6628],[-73.8819,40.6642],[-73.8962,40.658]]]}},{"type":"Feature","properties":{"geoid":"36047110600","clusterId":"new-york-south"},"geometry":{"type":"Polygon","coordinates":[[[-73.8878,40.6577],[-73.8857,40.6548],[-73.8808,40.6569],[-73.8829,40.6598],[-73.8878,40.6577]]]}},{"type":"Feature","properties":{"geoid":"36047111000","clusterId":"new-york-south"},"geometry":{"type":"Polygon","coordinates":[[[-73.8841,40.6614],[-73.8818,40.6583],[-73.8786,40.6597],[-73.8809,40.6628],[-73.8841,40.6614]]]}},{"type":"Feature","properties":{"geoid":"36047111600","clusterId":"new-york-south"},"geometry":{"type":"Polygon","coordinates":[[[-73.881,40.6645],[-73.8786,40.6597],[-73.8695,40.6635],[-73.8728,40.668],[-73.881,40.6645]]]}},{"type":"Feature","properties":{"geoid":"36047111800","clusterId":"new-york-south"},"geometry":{"type":"Polygon","coordinates":[[[-73.8789,40.6702],[-73.877,40.6663],[-73.8728,40.668],[-73.8742,40.6709],[-73.8789,40.6702]]]}},{"type":"Feature","properties":{"geoid":"36047112000","clusterId":"new-york-south"},"geometry":{"type":"Polygon","coordinates":[[[-73.8836,40.6679],[-73.8819,40.6642],[-73.877,40.6663],[-73.8785,40.6687],[-73.8836,40.6679]]]}},{"type":"Feature","properties":{"geoid":"36047112200","clusterId":"new-york-south"},"geometry":{"type":"Polygon","coordinates":[[[-73.8899,40.6638],[-73.8884,40.6613],[-73.8819,40.6642],[-73.8833,40.6661],[-73.8899,40.6638]]]}},{"type":"Feature","properties":{"geoid":"36047112400","clusterId":"new-york-south"},"geometry":{"type":"Polygon","coordinates":[[[-73.8907,40.6669],[-73.8899,40.6638],[-73.8832,40.6662],[-73.8836,40.6679],[-73.8907,40.6669]]]}},{"type":"Feature","properties":{"geoid":"36047112600","clusterId":"new-york-south"},"geometry":{"type":"Polygon","coordinates":[[[-73.8963,40.666],[-73.8955,40.6629],[-73.8899,40.6638],[-73.8907,40.6669],[-73.8963,40.666]]]}},{"type":"Feature","properties":{"geoid":"36047112800","clusterId":"new-york-south"},"geometry":{"type":"Polygon","coordinates":[[[-73.8955,40.6629],[-73.8933,40.6592],[-73.8884,40.6613],[-73.8899,40.6638],[-73.8955,40.6629]]]}},{"type":"Feature","properties":{"geoid":"36047113000","clusterId":"new-york-south"},"geometry":{"type":"Polygon","coordinates":[[[-73.8991,40.6656],[-73.8962,40.658],[-73.8933,40.6592],[-73.8963,40.666],[-73.8991,40.6656]]]}},{"type":"Feature","properties":{"geoid":"36047113200","clusterId":"new-york-south"},"geometry":{"type":"Polygon","coordinates":[[[-73.9015,40.6637],[-73.8988,40.6574],[-73.8961,40.6578],[-73.8991,40.6656],[-73.9015,40.6637]]]}},{"type":"Feature","properties":{"geoid":"36047113400","clusterId":"new-york-central"},"geometry":{"type":"Polygon","coordinates":[[[-73.902,40.6697],[-73.9009,40.6653],[-73.8972,40.6659],[-73.8983,40.6702],[-73.902,40.6697]]]}},{"type":"Feature","properties":{"geoid":"36047114201","clusterId":"new-york-central"},"geometry":{"type":"Polygon","coordinates":[[[-73.904,40.6792],[-73.9,40.6769],[-73.8932,40.6802],[-73.8943,40.6816],[-73.892,40.6827],[-73.8942,40.6853],[-73.8975,40.6801],[-73.9026,40.6807],[-73.904,40.6792]]]}},{"type":"Feature","properties":{"geoid":"36047114202","clusterId":"new-york-central"},"geometry":{"type":"Polygon","coordinates":[[[-73.8943,40.6816],[-73.8932,40.6802],[-73.8882,40.6826],[-73.8901,40.685],[-73.8943,40.6816]]]}},{"type":"Feature","properties":{"geoid":"36047114400","clusterId":"new-york-central"},"geometry":{"type":"Polygon","coordinates":[[[-73.9035,40.6755],[-73.902,40.6697],[-73.8927,40.671],[-73.8937,40.6748],[-73.8993,40.674],[-73.9,40.6769],[-73.9035,40.6755]]]}},{"type":"Feature","properties":{"geoid":"36047114600","clusterId":"new-york-central"},"geometry":{"type":"Polygon","coordinates":[[[-73.8965,40.6786],[-73.8962,40.6774],[-73.889,40.6786],[-73.8898,40.6818],[-73.8965,40.6786]]]}},{"type":"Feature","properties":{"geoid":"36047115000","clusterId":"new-york-central"},"geometry":{"type":"Polygon","coordinates":[[[-73.8892,40.6755],[-73.8882,40.6717],[-73.8839,40.6724],[-73.8849,40.6761],[-73.8892,40.6755]]]}},{"type":"Feature","properties":{"geoid":"36047115200","clusterId":"new-york-central"},"geometry":{"type":"Polygon","coordinates":[[[-73.8937,40.6748],[-73.8927,40.671],[-73.8882,40.6717],[-73.8892,40.6755],[-73.8937,40.6748]]]}},{"type":"Feature","properties":{"geoid":"36047115600","clusterId":"new-york-central"},"geometry":{"type":"Polygon","coordinates":[[[-73.8983,40.6702],[-73.8972,40.6659],[-73.8934,40.6664],[-73.8946,40.6708],[-73.8983,40.6702]]]}},{"type":"Feature","properties":{"geoid":"36047115800","clusterId":"new-york-central"},"geometry":{"type":"Polygon","coordinates":[[[-73.8946,40.6708],[-73.8934,40.6664],[-73.8898,40.667],[-73.8909,40.6713],[-73.8946,40.6708]]]}},{"type":"Feature","properties":{"geoid":"36047116000","clusterId":"new-york-central"},"geometry":{"type":"Polygon","coordinates":[[[-73.8909,40.6713],[-73.8898,40.667],[-73.8862,40.6675],[-73.8873,40.6718],[-73.8909,40.6713]]]}},{"type":"Feature","properties":{"geoid":"36047116200","clusterId":"new-york-central"},"geometry":{"type":"Polygon","coordinates":[[[-73.8873,40.6718],[-73.8862,40.6675],[-73.8828,40.668],[-73.8839,40.6724],[-73.8873,40.6718]]]}},{"type":"Feature","properties":{"geoid":"36047116400","clusterId":"new-york-central"},"geometry":{"type":"Polygon","coordinates":[[[-73.8839,40.6724],[-73.8828,40.668],[-73.8785,40.6687],[-73.8796,40.673],[-73.8839,40.6724]]]}},{"type":"Feature","properties":{"geoid":"36047116600","clusterId":"new-york-central"},"geometry":{"type":"Polygon","coordinates":[[[-73.8849,40.6761],[-73.8839,40.6724],[-73.8796,40.673],[-73.8805,40.6768],[-73.8849,40.6761]]]}},{"type":"Feature","properties":{"geoid":"36047116800","clusterId":"new-york-central"},"geometry":{"type":"Polygon","coordinates":[[[-73.8849,40.6808],[-73.8832,40.6764],[-73.8805,40.6768],[-73.8812,40.6814],[-73.8849,40.6808]]]}},{"type":"Feature","properties":{"geoid":"36047117000","clusterId":"new-york-central"},"geometry":{"type":"Polygon","coordinates":[[[-73.889,40.6786],[-73.8883,40.6756],[-73.8832,40.6764],[-73.8847,40.6799],[-73.889,40.6786]]]}},{"type":"Feature","properties":{"geoid":"36047117201","clusterId":"new-york-central"},"geometry":{"type":"Polygon","coordinates":[[[-73.8898,40.6818],[-73.889,40.6786],[-73.8847,40.6799],[-73.8865,40.6833],[-73.8898,40.6818]]]}},{"type":"Feature","properties":{"geoid":"36047117202","clusterId":"new-york-central"},"geometry":{"type":"Polygon","coordinates":[[[-73.8865,40.6833],[-73.8858,40.6807],[-73.8812,40.6814],[-73.8822,40.6854],[-73.8865,40.6833]]]}},{"type":"Feature","properties":{"geoid":"36047117400","clusterId":"new-york-central"},"geometry":{"type":"Polygon","coordinates":[[[-73.8822,40.6854],[-73.8806,40.6791],[-73.8774,40.68],[-73.8791,40.6869],[-73.8822,40.6854]]]}},{"type":"Feature","properties":{"geoid":"36047117601","clusterId":"new-york-central"},"geometry":{"type":"Polygon","coordinates":[[[-73.8791,40.6869],[-73.8779,40.682],[-73.8741,40.6831],[-73.8767,40.6881],[-73.8791,40.6869]]]}},{"type":"Feature","properties":{"geoid":"36047117602","clusterId":"new-york-central"},"geometry":{"type":"Polygon","coordinates":[[[-73.8767,40.6881],[-73.8758,40.6846],[-73.8746,40.685],[-73.8741,40.6831],[-73.8722,40.6836],[-73.8741,40.6893],[-73.8767,40.6881]]]}},{"type":"Feature","properties":{"geoid":"36047117800","clusterId":"new-york-central"},"geometry":{"type":"Polygon","coordinates":[[[-73.8777,40.6821],[-73.8774,40.68],[-73.8712,40.6802],[-73.8722,40.6836],[-73.8777,40.6821]]]}},{"type":"Feature","properties":{"geoid":"36047118201","clusterId":"new-york-central"},"geometry":{"type":"Polygon","coordinates":[[[-73.8741,40.6893],[-73.8727,40.6854],[-73.8699,40.6861],[-73.8709,40.6905],[-73.8741,40.6893]]]}},{"type":"Feature","properties":{"geoid":"36047118202","clusterId":"new-york-central"},"geometry":{"type":"Polygon","coordinates":[[[-73.8705,40.6906],[-73.8699,40.6861],[-73.867,40.6868],[-73.8681,40.6912],[-73.8705,40.6906]]]}},{"type":"Feature","properties":{"geoid":"36047118400","clusterId":"new-york-central"},"geometry":{"type":"Polygon","coordinates":[[[-73.8727,40.6854],[-73.8716,40.6817],[-73.8663,40.6832],[-73.867,40.6868],[-73.8727,40.6854]]]}},{"type":"Feature","properties":{"geoid":"36047118600","clusterId":"new-york-central"},"geometry":{"type":"Polygon","coordinates":[[[-73.8716,40.6817],[-73.8712,40.6802],[-73.8638,40.6811],[-73.8663,40.6832],[-73.8716,40.6817]]]}},{"type":"Feature","properties":{"geoid":"36047118800","clusterId":"new-york-central"},"geometry":{"type":"Polygon","coordinates":[[[-73.8693,40.6802],[-73.8685,40.6772],[-73.862,40.6779],[-73.8638,40.6811],[-73.8693,40.6802]]]}},{"type":"Feature","properties":{"geoid":"36047119000","clusterId":"new-york-central"},"geometry":{"type":"Polygon","coordinates":[[[-73.8769,40.6802],[-73.8685,40.6772],[-73.8694,40.6805],[-73.8769,40.6802]]]}},{"type":"Feature","properties":{"geoid":"36047119200","clusterId":"new-york-central"},"geometry":{"type":"Polygon","coordinates":[[[-73.8806,40.6791],[-73.8799,40.6743],[-73.8753,40.6749],[-73.8766,40.6802],[-73.8806,40.6791]]]}},{"type":"Feature","properties":{"geoid":"36047119400","clusterId":"new-york-central"},"geometry":{"type":"Polygon","coordinates":[[[-73.8799,40.6743],[-73.8789,40.6702],[-73.8742,40.6709],[-73.8753,40.6749],[-73.8799,40.6743]]]}},{"type":"Feature","properties":{"geoid":"36047119600","clusterId":"new-york-central"},"geometry":{"type":"Polygon","coordinates":[[[-73.8762,40.6802],[-73.8746,40.6724],[-73.8694,40.6731],[-73.8704,40.6772],[-73.8762,40.6802]]]}},{"type":"Feature","properties":{"geoid":"36047119800","clusterId":"new-york-central"},"geometry":{"type":"Polygon","coordinates":[[[-73.9,40.6769],[-73.8993,40.674],[-73.8883,40.6756],[-73.889,40.6786],[-73.8962,40.6774],[-73.8965,40.6786],[-73.9,40.6769]]]}},{"type":"Feature","properties":{"geoid":"36047120000","clusterId":"new-york-south"},"geometry":{"type":"Polygon","coordinates":[[[-73.8704,40.6772],[-73.8694,40.6731],[-73.8618,40.6742],[-73.8704,40.6772]]]}},{"type":"Feature","properties":{"geoid":"36047120200","clusterId":"new-york-central"},"geometry":{"type":"Polygon","coordinates":[[[-73.8698,40.677],[-73.8611,40.6743],[-73.862,40.6779],[-73.8698,40.677]]]}},{"type":"Feature","properties":{"geoid":"36047120801","clusterId":"new-york-south"},"geometry":{"type":"Polygon","coordinates":[[[-73.8713,40.6729],[-73.8701,40.668],[-73.8656,40.6691],[-73.8667,40.6735],[-73.8713,40.6729]]]}},{"type":"Feature","properties":{"geoid":"36047120802","clusterId":"new-york-south"},"geometry":{"type":"Polygon","coordinates":[[[-73.8667,40.6735],[-73.8656,40.6691],[-73.8628,40.6695],[-73.8639,40.6739],[-73.8667,40.6735]]]}},{"type":"Feature","properties":{"geoid":"36047120803","clusterId":"new-york-south"},"geometry":{"type":"Polygon","coordinates":[[[-73.8639,40.6739],[-73.8628,40.6695],[-73.8573,40.6703],[-73.8576,40.6717],[-73.8604,40.6713],[-73.8611,40.6743],[-73.8639,40.6739]]]}},{"type":"Feature","properties":{"geoid":"36047121000","clusterId":"new-york-south"},"geometry":{"type":"Polygon","coordinates":[[[-73.8746,40.6724],[-73.8719,40.6668],[-73.8701,40.668],[-73.8713,40.6729],[-73.8746,40.6724]]]}},{"type":"Feature","properties":{"geoid":"36047121400","clusterId":"new-york-south"},"geometry":{"type":"Polygon","coordinates":[[[-73.8683,40.6687],[-73.8675,40.6655],[-73.862,40.6663],[-73.8628,40.6695],[-73.8683,40.6687]]]}},{"type":"Feature","properties":{"geoid":"36047122000","clusterId":"new-york-south"},"geometry":{"type":"Polygon","coordinates":[[[-73.8719,40.6668],[-73.8641,40.6563],[-73.8608,40.6548],[-73.8632,40.6583],[-73.8576,40.6601],[-73.8584,40.6635],[-73.8557,40.6639],[-73.8573,40.6703],[-73.8628,40.6695],[-73.862,40.6663],[-73.8675,40.6655],[-73.8683,40.6687],[-73.8719,40.6668]]]}},{"type":"Feature","properties":{"geoid":"36047123700","clusterId":"new-york-central"},"geometry":{"type":"Polygon","coordinates":[[[-73.9611,40.6983],[-73.9602,40.6941],[-73.9525,40.695],[-73.9534,40.6994],[-73.9611,40.6983]]]}},{"type":"Feature","properties":{"geoid":"36047150200","clusterId":"new-york-south"},"geometry":{"type":"Polygon","coordinates":[[[-73.9878,40.6598],[-73.9818,40.6552],[-73.9807,40.6495],[-73.9763,40.6512],[-73.978,40.6547],[-73.9878,40.6598]]]}},{"type":"Feature","properties":{"geoid":"36047152200","clusterId":"new-york-south"},"geometry":{"type":"Polygon","coordinates":[[[-73.9708,40.6464],[-73.9688,40.6393],[-73.9636,40.6416],[-73.9649,40.6487],[-73.9708,40.6464]]]}},{"type":"Feature","properties":{"geoid":"36061000201","clusterId":"new-york-central"},"geometry":{"type":"Polygon","coordinates":[[[-73.9872,40.7143],[-73.9865,40.705],[-73.9842,40.7056],[-73.9853,40.7145],[-73.9872,40.7143]]]}},{"type":"Feature","properties":{"geoid":"36061000202","clusterId":"new-york-central"},"geometry":{"type":"Polygon","coordinates":[[[-73.9853,40.7145],[-73.9842,40.7056],[-73.9792,40.7058],[-73.9728,40.7094],[-73.9759,40.7129],[-73.9853,40.7145]]]}},{"type":"Feature","properties":{"geoid":"36061000600","clusterId":"new-york-central"},"geometry":{"type":"Polygon","coordinates":[[[-73.9926,40.7144],[-73.9921,40.7098],[-73.9894,40.7051],[-73.9865,40.705],[-73.9872,40.7143],[-73.9926,40.7144]]]}},{"type":"Feature","properties":{"geoid":"36061000700","clusterId":"new-york-central"},"geometry":{"type":"Polygon","coordinates":[[[-74.0125,40.7068],[-74.0005,40.6987],[-73.9984,40.698],[-73.9967,40.7009],[-74.0036,40.7033],[-74.0105,40.7092],[-74.0125,40.7068]]]}},{"type":"Feature","properties":{"geoid":"36061000800","clusterId":"new-york-central"},"geometry":{"type":"Polygon","coordinates":[[[-73.9974,40.7141],[-73.9937,40.7045],[-73.9894,40.7051],[-73.9921,40.7098],[-73.9926,40.7144],[-73.9974,40.7141]]]}},{"type":"Feature","properties":{"geoid":"36061000900","clusterId":"new-york-west"},"geometry":{"type":"Polygon","coordinates":[[[-74.0144,40.7032],[-74.0134,40.6991],[-74.001,40.6941],[-73.9984,40.698],[-74.0061,40.7014],[-74.0124,40.7068],[-74.0144,40.7032]]]}},{"type":"Feature","properties":{"geoid":"36061001001","clusterId":"new-york-central"},"geometry":{"type":"Polygon","coordinates":[[[-73.9795,40.7149],[-73.98,40.714],[-73.9759,40.7129],[-73.9696,40.7076],[-73.9689,40.7126],[-73.9789,40.716],[-73.9795,40.7149]]]}},{"type":"Feature","properties":{"geoid":"36061001002","clusterId":"new-york-central"},"geometry":{"type":"Polygon","coordinates":[[[-73.9802,40.7171],[-73.9689,40.7126],[-73.9677,40.716],[-73.9788,40.7199],[-73.9802,40.7171]]]}},{"type":"Feature","properties":{"geoid":"36061001200","clusterId":"new-york-central"},"geometry":{"type":"Polygon","coordinates":[[[-73.9845,40.7164],[-73.985,40.7154],[-73.98,40.714],[-73.9789,40.716],[-73.9831,40.7172],[-73.9834,40.7186],[-73.9845,40.7164]]]}},{"type":"Feature","properties":{"geoid":"36061001300","clusterId":"new-york-west"},"geometry":{"type":"Polygon","coordinates":[[[-74.0166,40.705],[-74.0133,40.7047],[-74.0086,40.7114],[-74.0137,40.7137],[-74.0166,40.705]]]}},{"type":"Feature","properties":{"geoid":"36061001401","clusterId":"new-york-central"},"geometry":{"type":"Polygon","coordinates":[[[-73.9902,40.7145],[-73.9825,40.7147],[-73.9892,40.7167],[-73.9902,40.7145]]]}},{"type":"Feature","properties":{"geoid":"36061001402","clusterId":"new-york-central"},"geometry":{"type":"Polygon","coordinates":[[[-73.9879,40.7174],[-73.9884,40.7164],[-73.985,40.7154],[-73.9834,40.7186],[-73.9868,40.7196],[-73.9879,40.7174]]]}},{"type":"Feature","properties":{"geoid":"36061001501","clusterId":"new-york-central"},"geometry":{"type":"Polygon","coordinates":[[[-74.0086,40.7114],[-74.0018,40.705],[-73.9947,40.7034],[-74.0043,40.7129],[-74.0086,40.7114]]]}},{"type":"Feature","properties":{"geoid":"36061001502","clusterId":"new-york-central"},"geometry":{"type":"Polygon","coordinates":[[[-74.0105,40.7092],[-74.0036,40.7033],[-73.9967,40.7009],[-73.9951,40.703],[-74.0018,40.705],[-74.0091,40.7109],[-74.0105,40.7092]]]}},{"type":"Feature","properties":{"geoid":"36061001600","clusterId":"new-york-central"},"geometry":{"type":"Polygon","coordinates":[[[-73.9975,40.7141],[-73.9902,40.7144],[-73.9892,40.7167],[-73.9948,40.7185],[-73.9975,40.7141]]]}},{"type":"Feature","properties":{"geoid":"36061001800","clusterId":"new-york-central"},"geometry":{"type":"Polygon","coordinates":[[[-73.9944,40.7194],[-73.9948,40.7185],[-73.9884,40.7164],[-73.9868,40.7196],[-73.9935,40.7216],[-73.9944,40.7194]]]}},{"type":"Feature","properties":{"geoid":"36061002000","clusterId":"new-york-central"},"geometry":{"type":"Polygon","coordinates":[[[-73.9787,40.72],[-73.9677,40.716],[-73.9665,40.7179],[-73.9769,40.7225],[-73.9787,40.72]]]}},{"type":"Feature","properties":{"geoid":"36061002100","clusterId":"new-york-central"},"geometry":{"type":"Polygon","coordinates":[[[-74.0134,40.7144],[-74.0086,40.7114],[-74.0059,40.7147],[-74.0127,40.7171],[-74.0134,40.7144]]]}},{"type":"Feature","properties":{"geoid":"36061002201","clusterId":"new-york-central"},"geometry":{"type":"Polygon","coordinates":[[[-73.9845,40.7202],[-73.9851,40.7191],[-73.9806,40.7165],[-73.9788,40.7199],[-73.9838,40.7215],[-73.9845,40.7202]]]}},{"type":"Feature","properties":{"geoid":"36061002202","clusterId":"new-york-central"},"geometry":{"type":"Polygon","coordinates":[[[-73.9837,40.7216],[-73.9782,40.7207],[-73.983,40.7227],[-73.9837,40.7216]]]}},{"type":"Feature","properties":{"geoid":"36061002400","clusterId":"new-york-central"},"geometry":{"type":"Polygon","coordinates":[[[-73.9765,40.7231],[-73.9665,40.7179],[-73.9626,40.7227],[-73.9733,40.7274],[-73.9765,40.7231]]]}},{"type":"Feature","properties":{"geoid":"36061002500","clusterId":"new-york-central"},"geometry":{"type":"Polygon","coordinates":[[[-74.0013,40.71],[-73.9937,40.7045],[-73.9969,40.7121],[-74.0013,40.71]]]}},{"type":"Feature","properties":{"geoid":"36061002601","clusterId":"new-york-central"},"geometry":{"type":"Polygon","coordinates":[[[-73.9825,40.7233],[-73.9782,40.7207],[-73.9769,40.7225],[-73.9816,40.7245],[-73.9825,40.7233]]]}},{"type":"Feature","properties":{"geoid":"36061002602","clusterId":"new-york-central"},"geometry":{"type":"Polygon","coordinates":[[[-73.9812,40.7251],[-73.9769,40.7225],[-73.9756,40.7243],[-73.9803,40.7263],[-73.9812,40.7251]]]}},{"type":"Feature","properties":{"geoid":"36061002700","clusterId":"new-york-central"},"geometry":{"type":"Polygon","coordinates":[[[-74.0009,40.713],[-74.0005,40.711],[-73.9969,40.7121],[-73.9975,40.7141],[-74.0009,40.713]]]}},{"type":"Feature","properties":{"geoid":"36061002800","clusterId":"new-york-central"},"geometry":{"type":"Polygon","coordinates":[[[-73.9799,40.7269],[-73.9756,40.7243],[-73.9733,40.7274],[-73.978,40.7294],[-73.9799,40.7269]]]}},{"type":"Feature","properties":{"geoid":"36061002901","clusterId":"new-york-central"},"geometry":{"type":"Polygon","coordinates":[[[-74.0045,40.7125],[-74.0014,40.7098],[-74.0016,40.7137],[-73.9993,40.7175],[-74.0045,40.7125]]]}},{"type":"Feature","properties":{"geoid":"36061002902","clusterId":"new-york-central"},"geometry":{"type":"Polygon","coordinates":[[[-74.0016,40.7137],[-73.9979,40.7138],[-73.9961,40.7162],[-73.9993,40.7175],[-74.0016,40.7137]]]}},{"type":"Feature","properties":{"geoid":"36061003001","clusterId":"new-york-central"},"geometry":{"type":"Polygon","coordinates":[[[-73.9899,40.7205],[-73.9851,40.7191],[-73.9838,40.7215],[-73.9886,40.7229],[-73.9899,40.7205]]]}},{"type":"Feature","properties":{"geoid":"36061003002","clusterId":"new-york-central"},"geometry":{"type":"Polygon","coordinates":[[[-73.9885,40.7233],[-73.9838,40.7215],[-73.983,40.7227],[-73.9875,40.7246],[-73.9885,40.7233]]]}},{"type":"Feature","properties":{"geoid":"36061003100","clusterId":"new-york-central"},"geometry":{"type":"Polygon","coordinates":[[[-74.0086,40.7114],[-74.0049,40.7125],[-74,40.718],[-74.0019,40.7194],[-74.0086,40.7114]]]}},{"type":"Feature","properties":{"geoid":"36061003200","clusterId":"new-york-central"},"geometry":{"type":"Polygon","coordinates":[[[-73.9871,40.7252],[-73.983,40.7227],[-73.9799,40.7269],[-73.9849,40.7282],[-73.9871,40.7252]]]}},{"type":"Feature","properties":{"geoid":"36061003300","clusterId":"new-york-central"},"geometry":{"type":"Polygon","coordinates":[[[-74.0091,40.7169],[-74.0059,40.7147],[-74.0019,40.7194],[-74.0079,40.7237],[-74.0091,40.7169]]]}},{"type":"Feature","properties":{"geoid":"36061003400","clusterId":"new-york-central"},"geometry":{"type":"Polygon","coordinates":[[[-73.9844,40.7288],[-73.9799,40.7269],[-73.978,40.7294],[-73.9826,40.7314],[-73.9844,40.7288]]]}},{"type":"Feature","properties":{"geoid":"36061003601","clusterId":"new-york-central"},"geometry":{"type":"Polygon","coordinates":[[[-73.9933,40.7224],[-73.9899,40.7205],[-73.9886,40.7229],[-73.9926,40.7241],[-73.9933,40.7224]]]}},{"type":"Feature","properties":{"geoid":"36061003602","clusterId":"new-york-central"},"geometry":{"type":"Polygon","coordinates":[[[-73.9923,40.7249],[-73.9886,40.7229],[-73.9875,40.7246],[-73.9918,40.7264],[-73.9923,40.7249]]]}},{"type":"Feature","properties":{"geoid":"36061003700","clusterId":"new-york-central"},"geometry":{"type":"Polygon","coordinates":[[[-74.0214,40.7275],[-74.0218,40.7255],[-74.0112,40.7243],[-74.0109,40.7258],[-74.0053,40.7218],[-74.0021,40.728],[-74.021,40.729],[-74.0214,40.7275]]]}},{"type":"Feature","properties":{"geoid":"36061003800","clusterId":"new-york-central"},"geometry":{"type":"Polygon","coordinates":[[[-73.9916,40.7268],[-73.9875,40.7246],[-73.9849,40.7282],[-73.9895,40.7301],[-73.9916,40.7268]]]}},{"type":"Feature","properties":{"geoid":"36061003900","clusterId":"new-york-central"},"geometry":{"type":"Polygon","coordinates":[[[-74.023,40.7206],[-74.0123,40.719],[-74.0127,40.7171],[-74.0092,40.7162],[-74.0079,40.7237],[-74.0109,40.7258],[-74.0112,40.7243],[-74.0218,40.7255],[-74.023,40.7206]]]}},{"type":"Feature","properties":{"geoid":"36061004001","clusterId":"new-york-central"},"geometry":{"type":"Polygon","coordinates":[[[-73.9868,40.7298],[-73.9849,40.7282],[-73.9826,40.7314],[-73.9849,40.7323],[-73.9868,40.7298]]]}},{"type":"Feature","properties":{"geoid":"36061004002","clusterId":"new-york-central"},"geometry":{"type":"Polygon","coordinates":[[[-73.9891,40.7307],[-73.9872,40.7292],[-73.9849,40.7323],[-73.9872,40.7333],[-73.9891,40.7307]]]}},{"type":"Feature","properties":{"geoid":"36061004100","clusterId":"new-york-central"},"geometry":{"type":"Polygon","coordinates":[[[-73.9994,40.7187],[-73.9961,40.7162],[-73.9938,40.7209],[-73.9971,40.7223],[-73.9994,40.7187]]]}},{"type":"Feature","properties":{"geoid":"36061004200","clusterId":"new-york-central"},"geometry":{"type":"Polygon","coordinates":[[[-73.9912,40.728],[-73.9872,40.7333],[-73.9899,40.7344],[-73.9912,40.728]]]}},{"type":"Feature","properties":{"geoid":"36061004300","clusterId":"new-york-central"},"geometry":{"type":"Polygon","coordinates":[[[-73.9988,40.723],[-73.9938,40.7209],[-73.9926,40.7241],[-73.9968,40.7254],[-73.9988,40.723]]]}},{"type":"Feature","properties":{"geoid":"36061004400","clusterId":"new-york-central"},"geometry":{"type":"Polygon","coordinates":[[[-73.982,40.732],[-73.9626,40.7227],[-73.9615,40.7239],[-73.9614,40.7273],[-73.9799,40.735],[-73.982,40.732]]]}},{"type":"Feature","properties":{"geoid":"36061004500","clusterId":"new-york-central"},"geometry":{"type":"Polygon","coordinates":[[[-74.0014,40.7199],[-74,40.718],[-73.9971,40.7223],[-73.9988,40.723],[-74.0014,40.7199]]]}},{"type":"Feature","properties":{"geoid":"36061004700","clusterId":"new-york-central"},"geometry":{"type":"Polygon","coordinates":[[[-74.0054,40.7221],[-74.0019,40.7194],[-73.9999,40.7218],[-74.004,40.7255],[-74.0054,40.7221]]]}},{"type":"Feature","properties":{"geoid":"36061004800","clusterId":"new-york-central"},"geometry":{"type":"Polygon","coordinates":[[[-73.987,40.7336],[-73.9826,40.7314],[-73.9803,40.7344],[-73.9849,40.7364],[-73.987,40.7336]]]}},{"type":"Feature","properties":{"geoid":"36061004900","clusterId":"new-york-central"},"geometry":{"type":"Polygon","coordinates":[[[-74.004,40.7255],[-73.9999,40.7218],[-73.9968,40.7254],[-74.0021,40.728],[-74.004,40.7255]]]}},{"type":"Feature","properties":{"geoid":"36061005000","clusterId":"new-york-central"},"geometry":{"type":"Polygon","coordinates":[[[-73.99,40.7351],[-73.9872,40.7333],[-73.9841,40.7375],[-73.9873,40.7389],[-73.99,40.7351]]]}},{"type":"Feature","properties":{"geoid":"36061005200","clusterId":"new-york-central"},"geometry":{"type":"Polygon","coordinates":[[[-73.9931,40.7367],[-73.9899,40.7344],[-73.9873,40.7389],[-73.9905,40.7403],[-73.9931,40.7367]]]}},{"type":"Feature","properties":{"geoid":"36061005400","clusterId":"new-york-central"},"geometry":{"type":"Polygon","coordinates":[[[-73.9963,40.738],[-73.9936,40.736],[-73.9905,40.7403],[-73.9937,40.7416],[-73.9963,40.738]]]}},{"type":"Feature","properties":{"geoid":"36061005501","clusterId":"new-york-central"},"geometry":{"type":"Polygon","coordinates":[[[-73.9999,40.7269],[-73.9968,40.7254],[-73.9943,40.7284],[-73.9974,40.7299],[-73.9999,40.7269]]]}},{"type":"Feature","properties":{"geoid":"36061005502","clusterId":"new-york-central"},"geometry":{"type":"Polygon","coordinates":[[[-73.9965,40.7258],[-73.9926,40.7241],[-73.9915,40.7271],[-73.9943,40.7284],[-73.9965,40.7258]]]}},{"type":"Feature","properties":{"geoid":"36061005600","clusterId":"new-york-central"},"geometry":{"type":"Polygon","coordinates":[[[-73.9901,40.7409],[-73.9873,40.7389],[-73.9841,40.7433],[-73.9873,40.7447],[-73.9901,40.7409]]]}},{"type":"Feature","properties":{"geoid":"36061005700","clusterId":"new-york-central"},"geometry":{"type":"Polygon","coordinates":[[[-73.9949,40.729],[-73.9915,40.7271],[-73.9904,40.7313],[-73.9949,40.729]]]}},{"type":"Feature","properties":{"geoid":"36061005800","clusterId":"new-york-central"},"geometry":{"type":"Polygon","coordinates":[[[-73.9933,40.7422],[-73.9905,40.7403],[-73.9873,40.7447],[-73.9905,40.746],[-73.9933,40.7422]]]}},{"type":"Feature","properties":{"geoid":"36061005900","clusterId":"new-york-central"},"geometry":{"type":"Polygon","coordinates":[[[-73.9966,40.7319],[-73.9956,40.7307],[-73.9966,40.7296],[-73.9951,40.7288],[-73.9915,40.7317],[-73.9955,40.7334],[-73.9966,40.7319]]]}},{"type":"Feature","properties":{"geoid":"36061006000","clusterId":"new-york-central"},"geometry":{"type":"Polygon","coordinates":[[[-73.9796,40.7354],[-73.9614,40.7273],[-73.9612,40.7295],[-73.9785,40.7368],[-73.9796,40.7354]]]}},{"type":"Feature","properties":{"geoid":"36061006100","clusterId":"new-york-central"},"geometry":{"type":"Polygon","coordinates":[[[-73.995,40.734],[-73.9904,40.7313],[-73.9899,40.7344],[-73.9936,40.736],[-73.995,40.734]]]}},{"type":"Feature","properties":{"geoid":"36061006200","clusterId":"new-york-central"},"geometry":{"type":"Polygon","coordinates":[[[-73.9785,40.7368],[-73.9612,40.7295],[-73.9626,40.739],[-73.9716,40.743],[-73.9735,40.7438],[-73.9785,40.7368]]]}},{"type":"Feature","properties":{"geoid":"36061006300","clusterId":"new-york-central"},"geometry":{"type":"Polygon","coordinates":[[[-73.9996,40.7336],[-73.997,40.7314],[-73.9936,40.736],[-73.9968,40.7374],[-73.9996,40.7336]]]}},{"type":"Feature","properties":{"geoid":"36061006400","clusterId":"new-york-central"},"geometry":{"type":"Polygon","coordinates":[[[-73.9845,40.737],[-73.9803,40.7344],[-73.9781,40.7376],[-73.9827,40.7395],[-73.9845,40.737]]]}},{"type":"Feature","properties":{"geoid":"36061006500","clusterId":"new-york-central"},"geometry":{"type":"Polygon","coordinates":[[[-74.0028,40.7284],[-73.9999,40.7269],[-73.9956,40.7307],[-74.0001,40.7329],[-74.0028,40.7284]]]}},{"type":"Feature","properties":{"geoid":"36061006600","clusterId":"new-york-central"},"geometry":{"type":"Polygon","coordinates":[[[-73.9822,40.7401],[-73.9781,40.7376],[-73.9758,40.7406],[-73.9804,40.7426],[-73.9822,40.7401]]]}},{"type":"Feature","properties":{"geoid":"36061006700","clusterId":"new-york-central"},"geometry":{"type":"Polygon","coordinates":[[[-74.007,40.7295],[-74.0028,40.7284],[-74.001,40.7317],[-74.0021,40.7328],[-74.0066,40.7317],[-74.007,40.7295]]]}},{"type":"Feature","properties":{"geoid":"36061006800","clusterId":"new-york-central"},"geometry":{"type":"Polygon","coordinates":[[[-73.9873,40.7389],[-73.9841,40.7375],[-73.9809,40.742],[-73.9841,40.7433],[-73.9873,40.7389]]]}},{"type":"Feature","properties":{"geoid":"36061006900","clusterId":"new-york-central"},"geometry":{"type":"Polygon","coordinates":[[[-74.0206,40.7304],[-74.021,40.729],[-74.0071,40.7288],[-74.0064,40.7331],[-74.0201,40.7328],[-74.0206,40.7304]]]}},{"type":"Feature","properties":{"geoid":"36061007001","clusterId":"new-york-central"},"geometry":{"type":"Polygon","coordinates":[[[-73.9777,40.7423],[-73.9758,40.7406],[-73.9735,40.7438],[-73.9759,40.7448],[-73.9777,40.7423]]]}},{"type":"Feature","properties":{"geoid":"36061007002","clusterId":"new-york-central"},"geometry":{"type":"Polygon","coordinates":[[[-73.9804,40.7426],[-73.9782,40.7416],[-73.9759,40.7448],[-73.9781,40.7457],[-73.9804,40.7426]]]}},{"type":"Feature","properties":{"geoid":"36061007100","clusterId":"new-york-central"},"geometry":{"type":"Polygon","coordinates":[[[-74.0028,40.7336],[-74.001,40.7317],[-73.9968,40.7374],[-73.9997,40.7386],[-74.0019,40.7364],[-74.0012,40.7338],[-74.0028,40.7336]]]}},{"type":"Feature","properties":{"geoid":"36061007200","clusterId":"new-york-central"},"geometry":{"type":"Polygon","coordinates":[[[-73.9836,40.7439],[-73.9809,40.742],[-73.9776,40.7464],[-73.9809,40.7478],[-73.9836,40.7439]]]}},{"type":"Feature","properties":{"geoid":"36061007300","clusterId":"new-york-central"},"geometry":{"type":"Polygon","coordinates":[[[-74.0066,40.732],[-74.0021,40.7328],[-74.0019,40.7364],[-74.006,40.7358],[-74.0066,40.732]]]}},{"type":"Feature","properties":{"geoid":"36061007400","clusterId":"new-york-central"},"geometry":{"type":"Polygon","coordinates":[[[-73.9868,40.7453],[-73.9841,40.7433],[-73.9809,40.7478],[-73.9841,40.7491],[-73.9868,40.7453]]]}},{"type":"Feature","properties":{"geoid":"36061007500","clusterId":"new-york-central"},"geometry":{"type":"Polygon","coordinates":[[[-74.0201,40.7328],[-74.0064,40.7331],[-74.0058,40.7365],[-74.0192,40.7364],[-74.0201,40.7328]]]}},{"type":"Feature","properties":{"geoid":"36061007600","clusterId":"new-york-central"},"geometry":{"type":"Polygon","coordinates":[[[-73.9901,40.7467],[-73.9873,40.7447],[-73.9841,40.7491],[-73.9873,40.7505],[-73.9901,40.7467]]]}},{"type":"Feature","properties":{"geoid":"36061007700","clusterId":"new-york-central"},"geometry":{"type":"Polygon","coordinates":[[[-74.0058,40.7365],[-74.0011,40.7366],[-73.9997,40.7386],[-74.0052,40.7409],[-74.0058,40.7365]]]}},{"type":"Feature","properties":{"geoid":"36061007800","clusterId":"new-york-central"},"geometry":{"type":"Polygon","coordinates":[[[-73.9776,40.7464],[-73.9735,40.7438],[-73.9712,40.7469],[-73.9758,40.7489],[-73.9776,40.7464]]]}},{"type":"Feature","properties":{"geoid":"36061007900","clusterId":"new-york-central"},"geometry":{"type":"Polygon","coordinates":[[[-74.0184,40.7396],[-74.0192,40.7364],[-74.0099,40.736],[-74.0058,40.7365],[-74.0052,40.7409],[-74.0173,40.7442],[-74.0184,40.7396]]]}},{"type":"Feature","properties":{"geoid":"36061008000","clusterId":"new-york-central"},"geometry":{"type":"Polygon","coordinates":[[[-73.9804,40.7484],[-73.9776,40.7464],[-73.9744,40.7508],[-73.9777,40.7521],[-73.9804,40.7484]]]}},{"type":"Feature","properties":{"geoid":"36061008100","clusterId":"new-york-central"},"geometry":{"type":"Polygon","coordinates":[[[-74.002,40.7404],[-73.9968,40.7374],[-73.995,40.7399],[-74.0007,40.7423],[-74.002,40.7404]]]}},{"type":"Feature","properties":{"geoid":"36061008200","clusterId":"new-york-central"},"geometry":{"type":"Polygon","coordinates":[[[-73.9836,40.7497],[-73.9809,40.7478],[-73.9777,40.7521],[-73.9809,40.7535],[-73.9836,40.7497]]]}},{"type":"Feature","properties":{"geoid":"36061008300","clusterId":"new-york-central"},"geometry":{"type":"Polygon","coordinates":[[[-74.0079,40.7426],[-74.0025,40.7398],[-74.0007,40.7423],[-74.0064,40.7446],[-74.0079,40.7426]]]}},{"type":"Feature","properties":{"geoid":"36061008400","clusterId":"new-york-central"},"geometry":{"type":"Polygon","coordinates":[[[-73.9869,40.7511],[-73.9841,40.7491],[-73.9809,40.7535],[-73.9841,40.7548],[-73.9869,40.7511]]]}},{"type":"Feature","properties":{"geoid":"36061008601","clusterId":"new-york-central"},"geometry":{"type":"Polygon","coordinates":[[[-73.973,40.7444],[-73.9626,40.739],[-73.9602,40.7445],[-73.97,40.7489],[-73.973,40.7444]]]}},{"type":"Feature","properties":{"geoid":"36061008603","clusterId":"new-york-central"},"geometry":{"type":"Polygon","coordinates":[[[-73.9671,40.7528],[-73.9616,40.7494],[-73.9586,40.7538],[-73.9643,40.7564],[-73.9671,40.7528]]]}},{"type":"Feature","properties":{"geoid":"36061008700","clusterId":"new-york-central"},"geometry":{"type":"Polygon","coordinates":[[[-74.0003,40.7428],[-73.995,40.7399],[-73.9933,40.7422],[-73.999,40.7446],[-74.0003,40.7428]]]}},{"type":"Feature","properties":{"geoid":"36061008800","clusterId":"new-york-central"},"geometry":{"type":"Polygon","coordinates":[[[-73.9754,40.7495],[-73.9712,40.7469],[-73.9689,40.7501],[-73.9735,40.7521],[-73.9754,40.7495]]]}},{"type":"Feature","properties":{"geoid":"36061008900","clusterId":"new-york-central"},"geometry":{"type":"Polygon","coordinates":[[[-74.006,40.7452],[-74.0007,40.7423],[-73.999,40.7446],[-74.0047,40.747],[-74.006,40.7452]]]}},{"type":"Feature","properties":{"geoid":"36061009000","clusterId":"new-york-central"},"geometry":{"type":"Polygon","coordinates":[[[-73.973,40.7527],[-73.9689,40.7501],[-73.9666,40.7532],[-73.9712,40.7552],[-73.973,40.7527]]]}},{"type":"Feature","properties":{"geoid":"36061009100","clusterId":"new-york-central"},"geometry":{"type":"Polygon","coordinates":[[[-73.9985,40.7453],[-73.9933,40.7422],[-73.9914,40.7448],[-73.9971,40.7472],[-73.9985,40.7453]]]}},{"type":"Feature","properties":{"geoid":"36061009200","clusterId":"new-york-central"},"geometry":{"type":"Polygon","coordinates":[[[-73.9779,40.7531],[-73.9744,40.7508],[-73.9712,40.7552],[-73.9744,40.7566],[-73.9779,40.7531]]]}},{"type":"Feature","properties":{"geoid":"36061009300","clusterId":"new-york-central"},"geometry":{"type":"Polygon","coordinates":[[[-74.0042,40.7477],[-73.999,40.7446],[-73.9971,40.7472],[-74.0028,40.7496],[-74.0042,40.7477]]]}},{"type":"Feature","properties":{"geoid":"36061009500","clusterId":"new-york-central"},"geometry":{"type":"Polygon","coordinates":[[[-73.9966,40.7478],[-73.9914,40.7448],[-73.9896,40.7473],[-73.9953,40.7497],[-73.9966,40.7478]]]}},{"type":"Feature","properties":{"geoid":"36061009600","clusterId":"new-york-central"},"geometry":{"type":"Polygon","coordinates":[[[-73.9836,40.7555],[-73.9809,40.7535],[-73.9777,40.7579],[-73.9809,40.7593],[-73.9836,40.7555]]]}},{"type":"Feature","properties":{"geoid":"36061009700","clusterId":"new-york-central"},"geometry":{"type":"Polygon","coordinates":[[[-74.0023,40.7502],[-73.9971,40.7472],[-73.9953,40.7497],[-74.001,40.7521],[-74.0023,40.7502]]]}},{"type":"Feature","properties":{"geoid":"36061009800","clusterId":"new-york-central"},"geometry":{"type":"Polygon","coordinates":[[[-73.9712,40.7552],[-73.9666,40.7532],[-73.9643,40.7564],[-73.9689,40.7583],[-73.9712,40.7552]]]}},{"type":"Feature","properties":{"geoid":"36061009901","clusterId":"new-york-central"},"geometry":{"type":"Polygon","coordinates":[[[-74.0166,40.747],[-74.0173,40.7442],[-74.0082,40.7421],[-74.0028,40.7496],[-74.015,40.7535],[-74.0166,40.747]]]}},{"type":"Feature","properties":{"geoid":"36061009902","clusterId":"new-york-central"},"geometry":{"type":"Polygon","coordinates":[[[-74.0142,40.7567],[-74.015,40.7535],[-74.0028,40.7496],[-74.001,40.7521],[-74.0142,40.7567]]]}},{"type":"Feature","properties":{"geoid":"36061009903","clusterId":"new-york-central"},"geometry":{"type":"Polygon","coordinates":[[[-74.014,40.7576],[-74.001,40.7521],[-73.9973,40.7571],[-74.0102,40.7627],[-74.014,40.7576]]]}},{"type":"Feature","properties":{"geoid":"36061010000","clusterId":"new-york-central"},"geometry":{"type":"Polygon","coordinates":[[[-73.974,40.7572],[-73.9712,40.7552],[-73.968,40.7596],[-73.9712,40.7609],[-73.974,40.7572]]]}},{"type":"Feature","properties":{"geoid":"36061010100","clusterId":"new-york-central"},"geometry":{"type":"Polygon","coordinates":[[[-73.9948,40.7503],[-73.9896,40.7473],[-73.9878,40.7498],[-73.9935,40.7522],[-73.9948,40.7503]]]}},{"type":"Feature","properties":{"geoid":"36061010200","clusterId":"new-york-central"},"geometry":{"type":"Polygon","coordinates":[[[-73.9772,40.7585],[-73.9744,40.7566],[-73.9712,40.7609],[-73.9745,40.7623],[-73.9772,40.7585]]]}},{"type":"Feature","properties":{"geoid":"36061010300","clusterId":"new-york-central"},"geometry":{"type":"Polygon","coordinates":[[[-74.0009,40.7522],[-73.9953,40.7497],[-73.9935,40.7522],[-73.9991,40.7546],[-74.0009,40.7522]]]}},{"type":"Feature","properties":{"geoid":"36061010400","clusterId":"new-york-central"},"geometry":{"type":"Polygon","coordinates":[[[-73.9804,40.7599],[-73.9777,40.7579],[-73.9745,40.7623],[-73.9777,40.7636],[-73.9804,40.7599]]]}},{"type":"Feature","properties":{"geoid":"36061010601","clusterId":"new-york-central"},"geometry":{"type":"Polygon","coordinates":[[[-73.9641,40.7567],[-73.9586,40.7538],[-73.9555,40.7572],[-73.962,40.7596],[-73.9641,40.7567]]]}},{"type":"Feature","properties":{"geoid":"36061010602","clusterId":"new-york-central"},"geometry":{"type":"Polygon","coordinates":[[[-73.9618,40.7599],[-73.9555,40.7572],[-73.9538,40.7594],[-73.9597,40.7627],[-73.9618,40.7599]]]}},{"type":"Feature","properties":{"geoid":"36061010801","clusterId":"new-york-central"},"geometry":{"type":"Polygon","coordinates":[[[-73.9685,40.759],[-73.9643,40.7564],[-73.9634,40.7576],[-73.9685,40.759]]]}},{"type":"Feature","properties":{"geoid":"36061010802","clusterId":"new-york-central"},"geometry":{"type":"Polygon","coordinates":[[[-73.9653,40.7593],[-73.9634,40.7576],[-73.962,40.7596],[-73.9643,40.7606],[-73.9653,40.7593]]]}},{"type":"Feature","properties":{"geoid":"36061010803","clusterId":"new-york-central"},"geometry":{"type":"Polygon","coordinates":[[[-73.9675,40.7603],[-73.9658,40.7586],[-73.9643,40.7606],[-73.9666,40.7616],[-73.9675,40.7603]]]}},{"type":"Feature","properties":{"geoid":"36061010900","clusterId":"new-york-central"},"geometry":{"type":"Polygon","coordinates":[[[-73.993,40.7529],[-73.9878,40.7498],[-73.9859,40.7523],[-73.9916,40.7547],[-73.993,40.7529]]]}},{"type":"Feature","properties":{"geoid":"36061011000","clusterId":"new-york-central"},"geometry":{"type":"Polygon","coordinates":[[[-73.9661,40.7622],[-73.962,40.7596],[-73.9597,40.7627],[-73.9643,40.7647],[-73.9661,40.7622]]]}},{"type":"Feature","properties":{"geoid":"36061011100","clusterId":"new-york-central"},"geometry":{"type":"Polygon","coordinates":[[[-73.9987,40.7553],[-73.9935,40.7522],[-73.9916,40.7547],[-73.9973,40.7571],[-73.9987,40.7553]]]}},{"type":"Feature","properties":{"geoid":"36061011201","clusterId":"new-york-central"},"geometry":{"type":"Polygon","coordinates":[[[-73.9772,40.7643],[-73.9745,40.7623],[-73.973,40.7643],[-73.9762,40.7657],[-73.9772,40.7643]]]}},{"type":"Feature","properties":{"geoid":"36061011202","clusterId":"new-york-central"},"geometry":{"type":"Polygon","coordinates":[[[-73.974,40.763],[-73.9712,40.7609],[-73.9698,40.7629],[-73.973,40.7643],[-73.974,40.763]]]}},{"type":"Feature","properties":{"geoid":"36061011203","clusterId":"new-york-central"},"geometry":{"type":"Polygon","coordinates":[[[-73.9708,40.7616],[-73.968,40.7596],[-73.9666,40.7616],[-73.9698,40.7629],[-73.9708,40.7616]]]}},{"type":"Feature","properties":{"geoid":"36061011300","clusterId":"new-york-central"},"geometry":{"type":"Polygon","coordinates":[[[-73.9912,40.7553],[-73.9859,40.7523],[-73.9841,40.7548],[-73.9898,40.7572],[-73.9912,40.7553]]]}},{"type":"Feature","properties":{"geoid":"36061011401","clusterId":"new-york-central"},"geometry":{"type":"Polygon","coordinates":[[[-73.9726,40.7649],[-73.9698,40.7629],[-73.968,40.7654],[-73.9712,40.7668],[-73.9726,40.7649]]]}},{"type":"Feature","properties":{"geoid":"36061011402","clusterId":"new-york-central"},"geometry":{"type":"Polygon","coordinates":[[[-73.9693,40.7635],[-73.9666,40.7616],[-73.9648,40.7641],[-73.968,40.7654],[-73.9693,40.7635]]]}},{"type":"Feature","properties":{"geoid":"36061011500","clusterId":"new-york-central"},"geometry":{"type":"Polygon","coordinates":[[[-73.9972,40.7572],[-73.9916,40.7547],[-73.9898,40.7572],[-73.9955,40.7596],[-73.9972,40.7572]]]}},{"type":"Feature","properties":{"geoid":"36061011600","clusterId":"new-york-central"},"geometry":{"type":"Polygon","coordinates":[[[-73.9592,40.7634],[-73.9538,40.7594],[-73.95,40.7636],[-73.9574,40.7659],[-73.9592,40.7634]]]}},{"type":"Feature","properties":{"geoid":"36061011700","clusterId":"new-york-central"},"geometry":{"type":"Polygon","coordinates":[[[-74.0101,40.7629],[-73.9973,40.7571],[-73.9955,40.7596],[-74.0086,40.765],[-74.0101,40.7629]]]}},{"type":"Feature","properties":{"geoid":"36061011800","clusterId":"new-york-central"},"geometry":{"type":"Polygon","coordinates":[[[-73.9638,40.7653],[-73.9597,40.7627],[-73.9574,40.7659],[-73.962,40.7678],[-73.9638,40.7653]]]}},{"type":"Feature","properties":{"geoid":"36061011900","clusterId":"new-york-central"},"geometry":{"type":"Polygon","coordinates":[[[-73.9893,40.7579],[-73.9841,40.7548],[-73.9823,40.7574],[-73.9879,40.7598],[-73.9893,40.7579]]]}},{"type":"Feature","properties":{"geoid":"36061012000","clusterId":"new-york-central"},"geometry":{"type":"Polygon","coordinates":[[[-73.9675,40.766],[-73.9648,40.7641],[-73.9616,40.7684],[-73.9648,40.7698],[-73.9675,40.766]]]}},{"type":"Feature","properties":{"geoid":"36061012101","clusterId":"new-york-central"},"geometry":{"type":"Polygon","coordinates":[[[-73.9921,40.7591],[-73.9898,40.7572],[-73.9879,40.7598],[-73.9908,40.761],[-73.9921,40.7591]]]}},{"type":"Feature","properties":{"geoid":"36061012102","clusterId":"new-york-central"},"geometry":{"type":"Polygon","coordinates":[[[-73.995,40.7603],[-73.9926,40.7584],[-73.9908,40.761],[-73.9936,40.7622],[-73.995,40.7603]]]}},{"type":"Feature","properties":{"geoid":"36061012200","clusterId":"new-york-central"},"geometry":{"type":"Polygon","coordinates":[[[-73.9707,40.7674],[-73.968,40.7654],[-73.9648,40.7698],[-73.968,40.7711],[-73.9707,40.7674]]]}},{"type":"Feature","properties":{"geoid":"36061012400","clusterId":"new-york-central"},"geometry":{"type":"Polygon","coordinates":[[[-73.957,40.7665],[-73.95,40.7636],[-73.9477,40.7661],[-73.955,40.7691],[-73.957,40.7665]]]}},{"type":"Feature","properties":{"geoid":"36061012500","clusterId":"new-york-central"},"geometry":{"type":"Polygon","coordinates":[[[-73.9875,40.7604],[-73.9823,40.7574],[-73.9804,40.7599],[-73.9861,40.7623],[-73.9875,40.7604]]]}},{"type":"Feature","properties":{"geoid":"36061012601","clusterId":"new-york-central"},"geometry":{"type":"Polygon","coordinates":[[[-73.9598,40.7669],[-73.9574,40.7659],[-73.955,40.7691],[-73.9574,40.7701],[-73.9598,40.7669]]]}},{"type":"Feature","properties":{"geoid":"36061012602","clusterId":"new-york-central"},"geometry":{"type":"Polygon","coordinates":[[[-73.9616,40.7684],[-73.9598,40.7669],[-73.9574,40.7701],[-73.9596,40.7711],[-73.9616,40.7684]]]}},{"type":"Feature","properties":{"geoid":"36061012700","clusterId":"new-york-central"},"geometry":{"type":"Polygon","coordinates":[[[-73.9932,40.7628],[-73.9879,40.7598],[-73.9861,40.7623],[-73.9918,40.7647],[-73.9932,40.7628]]]}},{"type":"Feature","properties":{"geoid":"36061012800","clusterId":"new-york-central"},"geometry":{"type":"Polygon","coordinates":[[[-73.9643,40.7704],[-73.9616,40.7684],[-73.9583,40.773],[-73.9615,40.7743],[-73.9643,40.7704]]]}},{"type":"Feature","properties":{"geoid":"36061012901","clusterId":"new-york-central"},"geometry":{"type":"Polygon","coordinates":[[[-74.0086,40.765],[-73.9955,40.7596],[-73.9936,40.7622],[-74.0066,40.7677],[-74.0086,40.765]]]}},{"type":"Feature","properties":{"geoid":"36061012902","clusterId":"new-york-central"},"geometry":{"type":"Polygon","coordinates":[[[-74.0062,40.7683],[-73.9936,40.7622],[-73.9918,40.7647],[-74.0047,40.7704],[-74.0062,40.7683]]]}},{"type":"Feature","properties":{"geoid":"36061013000","clusterId":"new-york-central"},"geometry":{"type":"Polygon","coordinates":[[[-73.9675,40.7718],[-73.9648,40.7698],[-73.9615,40.7743],[-73.9647,40.7757],[-73.9675,40.7718]]]}},{"type":"Feature","properties":{"geoid":"36061013100","clusterId":"new-york-central"},"geometry":{"type":"Polygon","coordinates":[[[-73.9856,40.7629],[-73.9804,40.7599],[-73.9786,40.7624],[-73.9843,40.7648],[-73.9856,40.7629]]]}},{"type":"Feature","properties":{"geoid":"36061013201","clusterId":"new-york-central"},"geometry":{"type":"Polygon","coordinates":[[[-73.9548,40.7695],[-73.9477,40.7661],[-73.9451,40.7691],[-73.9475,40.7701],[-73.949,40.7683],[-73.9548,40.7695]]]}},{"type":"Feature","properties":{"geoid":"36061013202","clusterId":"new-york-central"},"geometry":{"type":"Polygon","coordinates":[[[-73.9514,40.7701],[-73.949,40.7683],[-73.9475,40.7701],[-73.9504,40.7714],[-73.9514,40.7701]]]}},{"type":"Feature","properties":{"geoid":"36061013203","clusterId":"new-york-central"},"geometry":{"type":"Polygon","coordinates":[[[-73.954,40.7706],[-73.9519,40.7694],[-73.9504,40.7714],[-73.9527,40.7723],[-73.954,40.7706]]]}},{"type":"Feature","properties":{"geoid":"36061013300","clusterId":"new-york-central"},"geometry":{"type":"Polygon","coordinates":[[[-73.9913,40.7653],[-73.9861,40.7623],[-73.9843,40.7648],[-73.99,40.7672],[-73.9913,40.7653]]]}},{"type":"Feature","properties":{"geoid":"36061013400","clusterId":"new-york-central"},"geometry":{"type":"Polygon","coordinates":[[[-73.9592,40.7717],[-73.955,40.7691],[-73.9527,40.7723],[-73.9573,40.7743],[-73.9592,40.7717]]]}},{"type":"Feature","properties":{"geoid":"36061013501","clusterId":"new-york-central"},"geometry":{"type":"Polygon","coordinates":[[[-74.0047,40.7704],[-73.9918,40.7647],[-73.99,40.7672],[-74.003,40.7727],[-74.0047,40.7704]]]}},{"type":"Feature","properties":{"geoid":"36061013502","clusterId":"new-york-central"},"geometry":{"type":"Polygon","coordinates":[[[-74.0023,40.7736],[-74.003,40.7727],[-73.99,40.7672],[-73.9881,40.7698],[-74.0004,40.7762],[-74.0023,40.7736]]]}},{"type":"Feature","properties":{"geoid":"36061013601","clusterId":"new-york-central"},"geometry":{"type":"Polygon","coordinates":[[[-73.9481,40.7704],[-73.9451,40.7691],[-73.9402,40.773],[-73.9457,40.7736],[-73.9481,40.7704]]]}},{"type":"Feature","properties":{"geoid":"36061013602","clusterId":"new-york-central"},"geometry":{"type":"Polygon","coordinates":[[[-73.9504,40.7714],[-73.9481,40.7704],[-73.9467,40.7724],[-73.949,40.7733],[-73.9504,40.7714]]]}},{"type":"Feature","properties":{"geoid":"36061013603","clusterId":"new-york-central"},"geometry":{"type":"Polygon","coordinates":[[[-73.9522,40.773],[-73.9504,40.7714],[-73.949,40.7733],[-73.9513,40.7743],[-73.9522,40.773]]]}},{"type":"Feature","properties":{"geoid":"36061013604","clusterId":"new-york-central"},"geometry":{"type":"Polygon","coordinates":[[[-73.9508,40.7749],[-73.9467,40.7724],[-73.9457,40.7736],[-73.9508,40.7749]]]}},{"type":"Feature","properties":{"geoid":"36061013700","clusterId":"new-york-central"},"geometry":{"type":"Polygon","coordinates":[[[-73.9838,40.7654],[-73.9786,40.7624],[-73.9762,40.7657],[-73.9814,40.7679],[-73.9838,40.7654]]]}},{"type":"Feature","properties":{"geoid":"36061013800","clusterId":"new-york-central"},"geometry":{"type":"Polygon","coordinates":[[[-73.9568,40.775],[-73.9527,40.7723],[-73.9503,40.7756],[-73.9549,40.7775],[-73.9568,40.775]]]}},{"type":"Feature","properties":{"geoid":"36061013900","clusterId":"new-york-central"},"geometry":{"type":"Polygon","coordinates":[[[-73.9895,40.7678],[-73.9843,40.7648],[-73.9824,40.7674],[-73.9881,40.7698],[-73.9895,40.7678]]]}},{"type":"Feature","properties":{"geoid":"36061014000","clusterId":"new-york-central"},"geometry":{"type":"Polygon","coordinates":[[[-73.961,40.775],[-73.9583,40.773],[-73.9549,40.7775],[-73.9582,40.7789],[-73.961,40.775]]]}},{"type":"Feature","properties":{"geoid":"36061014200","clusterId":"new-york-central"},"geometry":{"type":"Polygon","coordinates":[[[-73.9642,40.7763],[-73.9615,40.7743],[-73.9582,40.7789],[-73.9614,40.7802],[-73.9642,40.7763]]]}},{"type":"Feature","properties":{"geoid":"36061014401","clusterId":"new-york-central"},"geometry":{"type":"Polygon","coordinates":[[[-73.9499,40.7762],[-73.9457,40.7736],[-73.9448,40.7749],[-73.9499,40.7762]]]}},{"type":"Feature","properties":{"geoid":"36061014402","clusterId":"new-york-central"},"geometry":{"type":"Polygon","coordinates":[[[-73.9494,40.7769],[-73.9448,40.7749],[-73.9457,40.7736],[-73.9445,40.7731],[-73.9419,40.776],[-73.9422,40.7776],[-73.948,40.7788],[-73.9494,40.7769]]]}},{"type":"Feature","properties":{"geoid":"36061014500","clusterId":"new-york-central"},"geometry":{"type":"Polygon","coordinates":[[[-73.9876,40.7704],[-73.9824,40.7674],[-73.9806,40.7699],[-73.9862,40.7723],[-73.9876,40.7704]]]}},{"type":"Feature","properties":{"geoid":"36061014601","clusterId":"new-york-central"},"geometry":{"type":"Polygon","coordinates":[[[-73.9545,40.7781],[-73.9503,40.7756],[-73.9494,40.7769],[-73.9545,40.7781]]]}},{"type":"Feature","properties":{"geoid":"36061014602","clusterId":"new-york-central"},"geometry":{"type":"Polygon","coordinates":[[[-73.9538,40.7791],[-73.9494,40.7769],[-73.948,40.7788],[-73.9526,40.7808],[-73.9538,40.7791]]]}},{"type":"Feature","properties":{"geoid":"36061014700","clusterId":"new-york-central"},"geometry":{"type":"Polygon","coordinates":[[[-73.9909,40.771],[-73.9881,40.7698],[-73.9867,40.7717],[-73.9895,40.7729],[-73.9909,40.771]]]}},{"type":"Feature","properties":{"geoid":"36061014801","clusterId":"new-york-central"},"geometry":{"type":"Polygon","coordinates":[[[-73.9577,40.7795],[-73.9549,40.7775],[-73.954,40.7788],[-73.9577,40.7795]]]}},{"type":"Feature","properties":{"geoid":"36061014802","clusterId":"new-york-central"},"geometry":{"type":"Polygon","coordinates":[[[-73.9567,40.7809],[-73.954,40.7788],[-73.9517,40.782],[-73.9549,40.7834],[-73.9567,40.7809]]]}},{"type":"Feature","properties":{"geoid":"36061014900","clusterId":"new-york-central"},"geometry":{"type":"Polygon","coordinates":[[[-73.9858,40.7729],[-73.9806,40.7699],[-73.9787,40.7724],[-73.9844,40.7748],[-73.9858,40.7729]]]}},{"type":"Feature","properties":{"geoid":"36061015001","clusterId":"new-york-central"},"geometry":{"type":"Polygon","coordinates":[[[-73.9609,40.7809],[-73.9582,40.7789],[-73.9572,40.7802],[-73.9609,40.7809]]]}},{"type":"Feature","properties":{"geoid":"36061015002","clusterId":"new-york-central"},"geometry":{"type":"Polygon","coordinates":[[[-73.9599,40.7822],[-73.9572,40.7802],[-73.9549,40.7834],[-73.9581,40.7847],[-73.9599,40.7822]]]}},{"type":"Feature","properties":{"geoid":"36061015101","clusterId":"new-york-central"},"geometry":{"type":"Polygon","coordinates":[[[-73.9893,40.7732],[-73.9867,40.7717],[-73.9844,40.7748],[-73.9872,40.776],[-73.9893,40.7732]]]}},{"type":"Feature","properties":{"geoid":"36061015102","clusterId":"new-york-central"},"geometry":{"type":"Polygon","coordinates":[[[-74.0004,40.7762],[-73.9909,40.771],[-73.9872,40.776],[-73.9978,40.7798],[-74.0004,40.7762]]]}},{"type":"Feature","properties":{"geoid":"36061015200","clusterId":"new-york-central"},"geometry":{"type":"Polygon","coordinates":[[[-73.9475,40.7794],[-73.9434,40.7769],[-73.9422,40.7776],[-73.9443,40.7731],[-73.9375,40.7725],[-73.9377,40.7751],[-73.9344,40.7781],[-73.9376,40.7818],[-73.9447,40.7832],[-73.9475,40.7794]]]}},{"type":"Feature","properties":{"geoid":"36061015301","clusterId":"new-york-central"},"geometry":{"type":"Polygon","coordinates":[[[-73.9811,40.7742],[-73.9787,40.7724],[-73.9769,40.7749],[-73.9797,40.7761],[-73.9811,40.7742]]]}},{"type":"Feature","properties":{"geoid":"36061015302","clusterId":"new-york-central"},"geometry":{"type":"Polygon","coordinates":[[[-73.9844,40.7748],[-73.9816,40.7736],[-73.9797,40.7761],[-73.9826,40.7773],[-73.9844,40.7748]]]}},{"type":"Feature","properties":{"geoid":"36061015401","clusterId":"new-york-central"},"geometry":{"type":"Polygon","coordinates":[[[-73.9521,40.7814],[-73.948,40.7788],[-73.947,40.7801],[-73.9521,40.7814]]]}},{"type":"Feature","properties":{"geoid":"36061015402","clusterId":"new-york-central"},"geometry":{"type":"Polygon","coordinates":[[[-73.949,40.7817],[-73.947,40.7801],[-73.9457,40.7819],[-73.948,40.7829],[-73.949,40.7817]]]}},{"type":"Feature","properties":{"geoid":"36061015403","clusterId":"new-york-central"},"geometry":{"type":"Polygon","coordinates":[[[-73.9512,40.7826],[-73.9494,40.7811],[-73.948,40.7829],[-73.9503,40.7839],[-73.9512,40.7826]]]}},{"type":"Feature","properties":{"geoid":"36061015501","clusterId":"new-york-central"},"geometry":{"type":"Polygon","coordinates":[[[-73.9869,40.7764],[-73.9844,40.7748],[-73.9826,40.7773],[-73.9854,40.7785],[-73.9869,40.7764]]]}},{"type":"Feature","properties":{"geoid":"36061015502","clusterId":"new-york-central"},"geometry":{"type":"Polygon","coordinates":[[[-73.9978,40.7798],[-73.9872,40.776],[-73.9854,40.7785],[-73.9958,40.7826],[-73.9978,40.7798]]]}},{"type":"Feature","properties":{"geoid":"36061015601","clusterId":"new-york-central"},"geometry":{"type":"Polygon","coordinates":[[[-73.9498,40.7845],[-73.9457,40.7819],[-73.9447,40.7832],[-73.9498,40.7845]]]}},{"type":"Feature","properties":{"geoid":"36061015602","clusterId":"new-york-central"},"geometry":{"type":"Polygon","coordinates":[[[-73.9491,40.7855],[-73.9447,40.7832],[-73.9433,40.7852],[-73.9479,40.7871],[-73.9491,40.7855]]]}},{"type":"Feature","properties":{"geoid":"36061015700","clusterId":"new-york-central"},"geometry":{"type":"Polygon","coordinates":[[[-73.9821,40.7779],[-73.9769,40.7749],[-73.975,40.7775],[-73.9807,40.7799],[-73.9821,40.7779]]]}},{"type":"Feature","properties":{"geoid":"36061015801","clusterId":"new-york-central"},"geometry":{"type":"Polygon","coordinates":[[[-73.9544,40.784],[-73.9517,40.782],[-73.9493,40.7852],[-73.9526,40.7865],[-73.9544,40.784]]]}},{"type":"Feature","properties":{"geoid":"36061015802","clusterId":"new-york-central"},"geometry":{"type":"Polygon","coordinates":[[[-73.9523,40.7869],[-73.9493,40.7852],[-73.9484,40.7865],[-73.9516,40.7879],[-73.9523,40.7869]]]}},{"type":"Feature","properties":{"geoid":"36061015900","clusterId":"new-york-central"},"geometry":{"type":"Polygon","coordinates":[[[-73.9958,40.7826],[-73.9826,40.7773],[-73.9807,40.7799],[-73.9948,40.7838],[-73.9958,40.7826]]]}},{"type":"Feature","properties":{"geoid":"36061016001","clusterId":"new-york-central"},"geometry":{"type":"Polygon","coordinates":[[[-73.9576,40.7853],[-73.9549,40.7834],[-73.9526,40.7865],[-73.9558,40.7879],[-73.9576,40.7853]]]}},{"type":"Feature","properties":{"geoid":"36061016002","clusterId":"new-york-central"},"geometry":{"type":"Polygon","coordinates":[[[-73.9555,40.7882],[-73.9526,40.7865],[-73.9516,40.7879],[-73.9548,40.7892],[-73.9555,40.7882]]]}},{"type":"Feature","properties":{"geoid":"36061016100","clusterId":"new-york-central"},"geometry":{"type":"Polygon","coordinates":[[[-73.9802,40.7806],[-73.975,40.7775],[-73.9736,40.7795],[-73.9788,40.7825],[-73.9802,40.7806]]]}},{"type":"Feature","properties":{"geoid":"36061016200","clusterId":"new-york-central"},"geometry":{"type":"Polygon","coordinates":[[[-73.9442,40.7839],[-73.9436,40.7826],[-73.9376,40.7818],[-73.9344,40.7781],[-73.9299,40.7762],[-73.9257,40.7784],[-73.9277,40.781],[-73.9359,40.7838],[-73.9362,40.7857],[-73.9318,40.7902],[-73.9377,40.7928],[-73.9442,40.7839]]]}},{"type":"Feature","properties":{"geoid":"36061016300","clusterId":"new-york-central"},"geometry":{"type":"Polygon","coordinates":[[[-73.9948,40.7838],[-73.9857,40.7803],[-73.9851,40.7818],[-73.9807,40.7799],[-73.9788,40.7825],[-73.9914,40.7886],[-73.9948,40.7838]]]}},{"type":"Feature","properties":{"geoid":"36061016400","clusterId":"new-york-central"},"geometry":{"type":"Polygon","coordinates":[[[-73.9475,40.7878],[-73.9433,40.7852],[-73.941,40.7883],[-73.9456,40.7903],[-73.9475,40.7878]]]}},{"type":"Feature","properties":{"geoid":"36061016500","clusterId":"new-york-central"},"geometry":{"type":"Polygon","coordinates":[[[-73.9786,40.7828],[-73.9736,40.7795],[-73.9712,40.7827],[-73.9769,40.7851],[-73.9786,40.7828]]]}},{"type":"Feature","properties":{"geoid":"36061016600","clusterId":"new-york-central"},"geometry":{"type":"Polygon","coordinates":[[[-73.9512,40.7885],[-73.9484,40.7865],[-73.9452,40.7909],[-73.9484,40.7923],[-73.9512,40.7885]]]}},{"type":"Feature","properties":{"geoid":"36061016700","clusterId":"new-york-central"},"geometry":{"type":"Polygon","coordinates":[[[-73.99,40.7904],[-73.9914,40.7886],[-73.9788,40.7825],[-73.9769,40.7851],[-73.99,40.7904]]]}},{"type":"Feature","properties":{"geoid":"36061016800","clusterId":"new-york-central"},"geometry":{"type":"Polygon","coordinates":[[[-73.9546,40.7896],[-73.9516,40.7879],[-73.9479,40.7929],[-73.9511,40.7943],[-73.9546,40.7896]]]}},{"type":"Feature","properties":{"geoid":"36061016900","clusterId":"new-york-central"},"geometry":{"type":"Polygon","coordinates":[[[-73.9764,40.7857],[-73.9712,40.7827],[-73.9693,40.7853],[-73.975,40.7877],[-73.9764,40.7857]]]}},{"type":"Feature","properties":{"geoid":"36061017000","clusterId":"new-york-central"},"geometry":{"type":"Polygon","coordinates":[[[-73.9452,40.7909],[-73.941,40.7883],[-73.9386,40.7916],[-73.9433,40.7935],[-73.9452,40.7909]]]}},{"type":"Feature","properties":{"geoid":"36061017100","clusterId":"new-york-central"},"geometry":{"type":"Polygon","coordinates":[[[-73.99,40.7904],[-73.9769,40.7851],[-73.975,40.7877],[-73.9881,40.793],[-73.99,40.7904]]]}},{"type":"Feature","properties":{"geoid":"36061017200","clusterId":"new-york-central"},"geometry":{"type":"Polygon","coordinates":[[[-73.9479,40.7929],[-73.9452,40.7909],[-73.9419,40.7954],[-73.9451,40.7968],[-73.9479,40.7929]]]}},{"type":"Feature","properties":{"geoid":"36061017300","clusterId":"new-york-central"},"geometry":{"type":"Polygon","coordinates":[[[-73.9745,40.7884],[-73.9693,40.7853],[-73.9675,40.7879],[-73.9731,40.7902],[-73.9745,40.7884]]]}},{"type":"Feature","properties":{"geoid":"36061017401","clusterId":"new-york-central"},"geometry":{"type":"Polygon","coordinates":[[[-73.9506,40.795],[-73.9479,40.7929],[-73.946,40.7955],[-73.9492,40.7969],[-73.9506,40.795]]]}},{"type":"Feature","properties":{"geoid":"36061017402","clusterId":"new-york-central"},"geometry":{"type":"Polygon","coordinates":[[[-73.9491,40.7971],[-73.946,40.7955],[-73.9451,40.7968],[-73.9483,40.7981],[-73.9491,40.7971]]]}},{"type":"Feature","properties":{"geoid":"36061017500","clusterId":"new-york-central"},"geometry":{"type":"Polygon","coordinates":[[[-73.9863,40.7956],[-73.9881,40.793],[-73.975,40.7877],[-73.9731,40.7902],[-73.9863,40.7956]]]}},{"type":"Feature","properties":{"geoid":"36061017700","clusterId":"new-york-central"},"geometry":{"type":"Polygon","coordinates":[[[-73.9727,40.7909],[-73.9675,40.7879],[-73.9656,40.7904],[-73.9713,40.7928],[-73.9727,40.7909]]]}},{"type":"Feature","properties":{"geoid":"36061017800","clusterId":"new-york-central"},"geometry":{"type":"Polygon","coordinates":[[[-73.9373,40.7935],[-73.9318,40.7902],[-73.9261,40.7914],[-73.9283,40.7923],[-73.9273,40.7949],[-73.934,40.7979],[-73.9373,40.7935]]]}},{"type":"Feature","properties":{"geoid":"36061017900","clusterId":"new-york-central"},"geometry":{"type":"Polygon","coordinates":[[[-73.9849,40.7974],[-73.9863,40.7956],[-73.9731,40.7902],[-73.9713,40.7928],[-73.9849,40.7974]]]}},{"type":"Feature","properties":{"geoid":"36061018000","clusterId":"new-york-central"},"geometry":{"type":"Polygon","coordinates":[[[-73.9428,40.7941],[-73.9386,40.7916],[-73.9359,40.7953],[-73.9405,40.7973],[-73.9428,40.7941]]]}},{"type":"Feature","properties":{"geoid":"36061018100","clusterId":"new-york-central"},"geometry":{"type":"Polygon","coordinates":[[[-73.9709,40.7934],[-73.9656,40.7904],[-73.9642,40.7924],[-73.9699,40.7947],[-73.9709,40.7934]]]}},{"type":"Feature","properties":{"geoid":"36061018200","clusterId":"new-york-central"},"geometry":{"type":"Polygon","coordinates":[[[-73.9448,40.7972],[-73.9419,40.7954],[-73.9386,40.7999],[-73.9418,40.8012],[-73.9448,40.7972]]]}},{"type":"Feature","properties":{"geoid":"36061018300","clusterId":"new-york-central"},"geometry":{"type":"Polygon","coordinates":[[[-73.9827,40.8005],[-73.9844,40.7982],[-73.9713,40.7928],[-73.9694,40.7954],[-73.9827,40.8005]]]}},{"type":"Feature","properties":{"geoid":"36061018400","clusterId":"new-york-central"},"geometry":{"type":"Polygon","coordinates":[[[-73.9478,40.7988],[-73.9451,40.7968],[-73.9418,40.8012],[-73.9451,40.8026],[-73.9478,40.7988]]]}},{"type":"Feature","properties":{"geoid":"36061018500","clusterId":"new-york-central"},"geometry":{"type":"Polygon","coordinates":[[[-73.9699,40.7947],[-73.9642,40.7924],[-73.9628,40.7942],[-73.9685,40.7966],[-73.9699,40.7947]]]}},{"type":"Feature","properties":{"geoid":"36061018600","clusterId":"new-york-central"},"geometry":{"type":"Polygon","coordinates":[[[-73.952,40.7988],[-73.9492,40.7969],[-73.947,40.8],[-73.9502,40.8013],[-73.952,40.7988]]]}},{"type":"Feature","properties":{"geoid":"36061018700","clusterId":"new-york-central"},"geometry":{"type":"Polygon","coordinates":[[[-73.9806,40.8033],[-73.9825,40.8007],[-73.9694,40.7954],[-73.9676,40.7979],[-73.9806,40.8033]]]}},{"type":"Feature","properties":{"geoid":"36061018800","clusterId":"new-york-central"},"geometry":{"type":"Polygon","coordinates":[[[-73.94,40.7979],[-73.9359,40.7953],[-73.934,40.7979],[-73.9386,40.7999],[-73.94,40.7979]]]}},{"type":"Feature","properties":{"geoid":"36061018900","clusterId":"new-york-central"},"geometry":{"type":"Polygon","coordinates":[[[-73.968,40.7972],[-73.9628,40.7942],[-73.96,40.798],[-73.9657,40.8004],[-73.968,40.7972]]]}},{"type":"Feature","properties":{"geoid":"36061019000","clusterId":"new-york-central"},"geometry":{"type":"Polygon","coordinates":[[[-73.9497,40.802],[-73.947,40.8],[-73.9451,40.8026],[-73.9483,40.804],[-73.9497,40.802]]]}},{"type":"Feature","properties":{"geoid":"36061019100","clusterId":"new-york-central"},"geometry":{"type":"Polygon","coordinates":[[[-73.9791,40.8054],[-73.9806,40.8033],[-73.9676,40.7979],[-73.9657,40.8004],[-73.9791,40.8054]]]}},{"type":"Feature","properties":{"geoid":"36061019200","clusterId":"new-york-central"},"geometry":{"type":"Polygon","coordinates":[[[-73.9335,40.7986],[-73.9273,40.7949],[-73.9276,40.798],[-73.9251,40.8025],[-73.9282,40.8038],[-73.9335,40.7986]]]}},{"type":"Feature","properties":{"geoid":"36061019300","clusterId":"new-york-central"},"geometry":{"type":"Polygon","coordinates":[[[-73.9652,40.8011],[-73.96,40.798],[-73.9582,40.8006],[-73.9639,40.803],[-73.9652,40.8011]]]}},{"type":"Feature","properties":{"geoid":"36061019400","clusterId":"new-york-central"},"geometry":{"type":"Polygon","coordinates":[[[-73.9381,40.8005],[-73.934,40.7979],[-73.9318,40.801],[-73.9363,40.803],[-73.9381,40.8005]]]}},{"type":"Feature","properties":{"geoid":"36061019500","clusterId":"new-york-central"},"geometry":{"type":"Polygon","coordinates":[[[-73.9772,40.808],[-73.9789,40.8057],[-73.9657,40.8004],[-73.9639,40.803],[-73.9772,40.808]]]}},{"type":"Feature","properties":{"geoid":"36061019600","clusterId":"new-york-central"},"geometry":{"type":"Polygon","coordinates":[[[-73.9414,40.8019],[-73.9386,40.7999],[-73.9353,40.8044],[-73.9385,40.8057],[-73.9414,40.8019]]]}},{"type":"Feature","properties":{"geoid":"36061019701","clusterId":"new-york-central"},"geometry":{"type":"Polygon","coordinates":[[[-73.9637,40.8032],[-73.9596,40.8012],[-73.955,40.8101],[-73.9578,40.8113],[-73.9572,40.8094],[-73.9601,40.8047],[-73.962,40.8055],[-73.9637,40.8032]]]}},{"type":"Feature","properties":{"geoid":"36061019702","clusterId":"new-york-central"},"geometry":{"type":"Polygon","coordinates":[[[-73.9591,40.8018],[-73.9582,40.8006],[-73.9563,40.8031],[-73.9582,40.8039],[-73.9591,40.8018]]]}},{"type":"Feature","properties":{"geoid":"36061019800","clusterId":"new-york-central"},"geometry":{"type":"Polygon","coordinates":[[[-73.9457,40.8045],[-73.9451,40.8026],[-73.9418,40.8012],[-73.9385,40.8057],[-73.9418,40.8071],[-73.9457,40.8045]]]}},{"type":"Feature","properties":{"geoid":"36061019900","clusterId":"new-york-north"},"geometry":{"type":"Polygon","coordinates":[[[-73.9751,40.8109],[-73.9772,40.808],[-73.9639,40.803],[-73.962,40.8055],[-73.9751,40.8109]]]}},{"type":"Feature","properties":{"geoid":"36061020000","clusterId":"new-york-central"},"geometry":{"type":"Polygon","coordinates":[[[-73.9483,40.804],[-73.9451,40.8026],[-73.9461,40.8039],[-73.9448,40.8058],[-73.9418,40.8071],[-73.945,40.8084],[-73.9483,40.804]]]}},{"type":"Feature","properties":{"geoid":"36061020101","clusterId":"new-york-central"},"geometry":{"type":"Polygon","coordinates":[[[-73.9615,40.8061],[-73.9601,40.8047],[-73.9584,40.8074],[-73.9601,40.8081],[-73.9615,40.8061]]]}},{"type":"Feature","properties":{"geoid":"36061020102","clusterId":"new-york-central"},"geometry":{"type":"Polygon","coordinates":[[[-73.9583,40.8047],[-73.9563,40.8031],[-73.9544,40.8057],[-73.9573,40.8069],[-73.9583,40.8047]]]}},{"type":"Feature","properties":{"geoid":"36061020300","clusterId":"new-york-central"},"geometry":{"type":"Polygon","coordinates":[[[-73.9644,40.8073],[-73.962,40.8055],[-73.9583,40.8106],[-73.9611,40.8118],[-73.9644,40.8073]]]}},{"type":"Feature","properties":{"geoid":"36061020500","clusterId":"new-york-north"},"geometry":{"type":"Polygon","coordinates":[[[-73.9735,40.8131],[-73.9751,40.8109],[-73.9648,40.8067],[-73.9611,40.8118],[-73.9712,40.8163],[-73.9735,40.8131]]]}},{"type":"Feature","properties":{"geoid":"36061020600","clusterId":"new-york-central"},"geometry":{"type":"Polygon","coordinates":[[[-73.9413,40.8077],[-73.9385,40.8057],[-73.9358,40.8095],[-73.939,40.8109],[-73.9413,40.8077]]]}},{"type":"Feature","properties":{"geoid":"36061020701","clusterId":"new-york-central"},"geometry":{"type":"Polygon","coordinates":[[[-73.9599,40.8083],[-73.9584,40.8074],[-73.9571,40.8101],[-73.9583,40.8106],[-73.9599,40.8083]]]}},{"type":"Feature","properties":{"geoid":"36061020800","clusterId":"new-york-central"},"geometry":{"type":"Polygon","coordinates":[[[-73.9445,40.8091],[-73.9418,40.8071],[-73.939,40.8109],[-73.9422,40.8122],[-73.9445,40.8091]]]}},{"type":"Feature","properties":{"geoid":"36061020901","clusterId":"new-york-north"},"geometry":{"type":"Polygon","coordinates":[[[-73.9574,40.8118],[-73.9536,40.8095],[-73.9521,40.8114],[-73.9557,40.8141],[-73.9574,40.8118]]]}},{"type":"Feature","properties":{"geoid":"36061021000","clusterId":"new-york-central"},"geometry":{"type":"Polygon","coordinates":[[[-73.9386,40.8114],[-73.9358,40.8095],[-73.9326,40.8115],[-73.9323,40.8195],[-73.9345,40.8197],[-73.934,40.8177],[-73.9386,40.8114]]]}},{"type":"Feature","properties":{"geoid":"36061021100","clusterId":"new-york-north"},"geometry":{"type":"Polygon","coordinates":[[[-73.9711,40.8163],[-73.9583,40.8106],[-73.9563,40.8134],[-73.9595,40.817],[-73.9679,40.8208],[-73.9711,40.8163]]]}},{"type":"Feature","properties":{"geoid":"36061021200","clusterId":"new-york-central"},"geometry":{"type":"Polygon","coordinates":[[[-73.9421,40.8123],[-73.939,40.8109],[-73.9358,40.8153],[-73.939,40.8167],[-73.9421,40.8123]]]}},{"type":"Feature","properties":{"geoid":"36061021303","clusterId":"new-york-north"},"geometry":{"type":"Polygon","coordinates":[[[-73.9555,40.8145],[-73.9521,40.8114],[-73.9509,40.8142],[-73.953,40.8151],[-73.9528,40.8165],[-73.9509,40.8184],[-73.9522,40.819],[-73.9555,40.8145]]]}},{"type":"Feature","properties":{"geoid":"36061021400","clusterId":"new-york-north"},"geometry":{"type":"Polygon","coordinates":[[[-73.9385,40.8173],[-73.9358,40.8153],[-73.934,40.8177],[-73.9345,40.8197],[-73.9362,40.8204],[-73.9385,40.8173]]]}},{"type":"Feature","properties":{"geoid":"36061021500","clusterId":"new-york-north"},"geometry":{"type":"Polygon","coordinates":[[[-73.9515,40.812],[-73.9507,40.8108],[-73.947,40.8158],[-73.9484,40.8164],[-73.9515,40.812]]]}},{"type":"Feature","properties":{"geoid":"36061021600","clusterId":"new-york-central"},"geometry":{"type":"Polygon","coordinates":[[[-73.958,40.8008],[-73.9525,40.7983],[-73.9506,40.8007],[-73.9563,40.8031],[-73.958,40.8008]]]}},{"type":"Feature","properties":{"geoid":"36061021703","clusterId":"new-york-north"},"geometry":{"type":"Polygon","coordinates":[[[-73.9529,40.8158],[-73.9509,40.8126],[-73.9461,40.8213],[-73.9499,40.8221],[-73.9529,40.8158]]]}},{"type":"Feature","properties":{"geoid":"36061021800","clusterId":"new-york-central"},"geometry":{"type":"Polygon","coordinates":[[[-73.9559,40.8037],[-73.9506,40.8007],[-73.9487,40.8033],[-73.9544,40.8057],[-73.9559,40.8037]]]}},{"type":"Feature","properties":{"geoid":"36061021900","clusterId":"new-york-north"},"geometry":{"type":"Polygon","coordinates":[[[-73.9678,40.8209],[-73.9595,40.817],[-73.9563,40.8134],[-73.9527,40.8182],[-73.966,40.8233],[-73.9678,40.8209]]]}},{"type":"Feature","properties":{"geoid":"36061022000","clusterId":"new-york-central"},"geometry":{"type":"Polygon","coordinates":[[[-73.954,40.8064],[-73.9487,40.8033],[-73.9469,40.8058],[-73.9526,40.8082],[-73.954,40.8064]]]}},{"type":"Feature","properties":{"geoid":"36061022102","clusterId":"new-york-north"},"geometry":{"type":"Polygon","coordinates":[[[-73.948,40.8171],[-73.947,40.8158],[-73.9438,40.8203],[-73.9461,40.8213],[-73.948,40.8171]]]}},{"type":"Feature","properties":{"geoid":"36061022200","clusterId":"new-york-central"},"geometry":{"type":"Polygon","coordinates":[[[-73.9521,40.8089],[-73.9469,40.8058],[-73.945,40.8084],[-73.9507,40.8108],[-73.9521,40.8089]]]}},{"type":"Feature","properties":{"geoid":"36061022301","clusterId":"new-york-north"},"geometry":{"type":"Polygon","coordinates":[[[-73.965,40.8247],[-73.9527,40.8182],[-73.9508,40.8208],[-73.9638,40.8264],[-73.965,40.8247]]]}},{"type":"Feature","properties":{"geoid":"36061022302","clusterId":"new-york-north"},"geometry":{"type":"Polygon","coordinates":[[[-73.9659,40.8235],[-73.956,40.8188],[-73.9551,40.8201],[-73.9651,40.8245],[-73.9659,40.8235]]]}},{"type":"Feature","properties":{"geoid":"36061022400","clusterId":"new-york-central"},"geometry":{"type":"Polygon","coordinates":[[[-73.9502,40.8115],[-73.945,40.8084],[-73.9432,40.8109],[-73.9484,40.8139],[-73.9502,40.8115]]]}},{"type":"Feature","properties":{"geoid":"36061022500","clusterId":"new-york-north"},"geometry":{"type":"Polygon","coordinates":[[[-73.9636,40.8266],[-73.9508,40.8208],[-73.949,40.8233],[-73.9626,40.8289],[-73.9636,40.8266]]]}},{"type":"Feature","properties":{"geoid":"36061022600","clusterId":"new-york-central"},"geometry":{"type":"Polygon","coordinates":[[[-73.9479,40.8146],[-73.9432,40.8109],[-73.9413,40.8134],[-73.947,40.8158],[-73.9479,40.8146]]]}},{"type":"Feature","properties":{"geoid":"36061022700","clusterId":"new-york-north"},"geometry":{"type":"Polygon","coordinates":[[[-73.9495,40.8227],[-73.9452,40.8209],[-73.9429,40.8233],[-73.9476,40.8252],[-73.9495,40.8227]]]}},{"type":"Feature","properties":{"geoid":"36061022800","clusterId":"new-york-north"},"geometry":{"type":"Polygon","coordinates":[[[-73.9465,40.8165],[-73.9413,40.8134],[-73.9395,40.816],[-73.9451,40.8184],[-73.9465,40.8165]]]}},{"type":"Feature","properties":{"geoid":"36061022900","clusterId":"new-york-north"},"geometry":{"type":"Polygon","coordinates":[[[-73.9625,40.8292],[-73.949,40.8233],[-73.9471,40.8259],[-73.9617,40.831],[-73.9625,40.8292]]]}},{"type":"Feature","properties":{"geoid":"36061023000","clusterId":"new-york-north"},"geometry":{"type":"Polygon","coordinates":[[[-73.9447,40.819],[-73.9395,40.816],[-73.9376,40.8185],[-73.9433,40.8209],[-73.9447,40.819]]]}},{"type":"Feature","properties":{"geoid":"36061023100","clusterId":"new-york-north"},"geometry":{"type":"Polygon","coordinates":[[[-73.9471,40.8259],[-73.9429,40.8233],[-73.9406,40.8264],[-73.9453,40.8284],[-73.9471,40.8259]]]}},{"type":"Feature","properties":{"geoid":"36061023200","clusterId":"new-york-north"},"geometry":{"type":"Polygon","coordinates":[[[-73.9429,40.8215],[-73.9376,40.8185],[-73.9357,40.8211],[-73.9414,40.8235],[-73.9429,40.8215]]]}},{"type":"Feature","properties":{"geoid":"36061023300","clusterId":"new-york-north"},"geometry":{"type":"Polygon","coordinates":[[[-73.9616,40.831],[-73.9471,40.8259],[-73.9453,40.8284],[-73.9601,40.8345],[-73.9616,40.831]]]}},{"type":"Feature","properties":{"geoid":"36061023400","clusterId":"new-york-north"},"geometry":{"type":"Polygon","coordinates":[[[-73.941,40.8241],[-73.9353,40.8217],[-73.9381,40.8229],[-73.9368,40.8248],[-73.9394,40.8259],[-73.941,40.8241]]]}},{"type":"Feature","properties":{"geoid":"36061023501","clusterId":"new-york-north"},"geometry":{"type":"Polygon","coordinates":[[[-73.9448,40.829],[-73.9406,40.8264],[-73.9386,40.8297],[-73.943,40.8316],[-73.9448,40.829]]]}},{"type":"Feature","properties":{"geoid":"36061023502","clusterId":"new-york-north"},"geometry":{"type":"Polygon","coordinates":[[[-73.9401,40.827],[-73.9396,40.826],[-73.9373,40.8292],[-73.9386,40.8297],[-73.9401,40.827]]]}},{"type":"Feature","properties":{"geoid":"36061023600","clusterId":"new-york-north"},"geometry":{"type":"Polygon","coordinates":[[[-73.9396,40.826],[-73.9368,40.8248],[-73.9381,40.8229],[-73.9353,40.8217],[-73.9362,40.8204],[-73.9323,40.8195],[-73.9331,40.8282],[-73.9373,40.8292],[-73.9396,40.826]]]}},{"type":"Feature","properties":{"geoid":"36061023700","clusterId":"new-york-north"},"geometry":{"type":"Polygon","coordinates":[[[-73.9601,40.8346],[-73.9453,40.8284],[-73.943,40.8316],[-73.9588,40.8375],[-73.9601,40.8346]]]}},{"type":"Feature","properties":{"geoid":"36061023802","clusterId":"new-york-central"},"geometry":{"type":"Polygon","coordinates":[[[-73.95,40.7636],[-73.9447,40.7629],[-73.935,40.7717],[-73.94,40.773],[-73.9421,40.772],[-73.95,40.7636]]]}},{"type":"Feature","properties":{"geoid":"36061023803","clusterId":"new-york-central"},"geometry":{"type":"Polygon","coordinates":[[[-73.9524,40.7606],[-73.9478,40.759],[-73.9447,40.7629],[-73.9491,40.764],[-73.9524,40.7606]]]}},{"type":"Feature","properties":{"geoid":"36061023804","clusterId":"new-york-central"},"geometry":{"type":"Polygon","coordinates":[[[-73.9616,40.7498],[-73.9577,40.7478],[-73.9478,40.759],[-73.9525,40.7605],[-73.9616,40.7498]]]}},{"type":"Feature","properties":{"geoid":"36061023900","clusterId":"new-york-north"},"geometry":{"type":"Polygon","coordinates":[[[-73.9425,40.8322],[-73.9403,40.8305],[-73.9392,40.8333],[-73.9411,40.8341],[-73.9425,40.8322]]]}},{"type":"Feature","properties":{"geoid":"36061024000","clusterId":"new-york-central"},"geometry":{"type":"Polygon","coordinates":[[[-73.9362,40.7857],[-73.9354,40.7832],[-73.9277,40.781],[-73.9257,40.7784],[-73.9103,40.7907],[-73.9107,40.7931],[-73.9125,40.7961],[-73.9251,40.8025],[-73.9284,40.7928],[-73.9261,40.7914],[-73.9309,40.7911],[-73.9362,40.7857]]]}},{"type":"Feature","properties":{"geoid":"36061024100","clusterId":"new-york-north"},"geometry":{"type":"Polygon","coordinates":[[[-73.9587,40.8377],[-73.943,40.8316],[-73.9416,40.8335],[-73.9578,40.8397],[-73.9587,40.8377]]]}},{"type":"Feature","properties":{"geoid":"36061024200","clusterId":"new-york-central"},"geometry":{"type":"Polygon","coordinates":[[[-73.9381,40.8064],[-73.9353,40.8044],[-73.9363,40.803],[-73.9318,40.801],[-73.9282,40.8038],[-73.9323,40.8086],[-73.9326,40.8115],[-73.9381,40.8064]]]}},{"type":"Feature","properties":{"geoid":"36061024301","clusterId":"new-york-north"},"geometry":{"type":"Polygon","coordinates":[[[-73.94,40.8345],[-73.9392,40.8333],[-73.9367,40.8372],[-73.9398,40.8385],[-73.94,40.8345]]]}},{"type":"Feature","properties":{"geoid":"36061024302","clusterId":"new-york-north"},"geometry":{"type":"Polygon","coordinates":[[[-73.9401,40.8305],[-73.9331,40.8282],[-73.933,40.8357],[-73.9351,40.8357],[-73.9401,40.8305]]]}},{"type":"Feature","properties":{"geoid":"36061024500","clusterId":"new-york-north"},"geometry":{"type":"Polygon","coordinates":[[[-73.9447,40.8361],[-73.9444,40.8347],[-73.9404,40.8338],[-73.9398,40.8385],[-73.9431,40.8402],[-73.9447,40.8361]]]}},{"type":"Feature","properties":{"geoid":"36061024700","clusterId":"new-york-north"},"geometry":{"type":"Polygon","coordinates":[[[-73.9578,40.8398],[-73.9444,40.8347],[-73.9431,40.8402],[-73.9557,40.8445],[-73.9578,40.8398]]]}},{"type":"Feature","properties":{"geoid":"36061024900","clusterId":"new-york-north"},"geometry":{"type":"Polygon","coordinates":[[[-73.9379,40.8385],[-73.9367,40.8372],[-73.9352,40.839],[-73.9356,40.8417],[-73.9379,40.8385]]]}},{"type":"Feature","properties":{"geoid":"36061025100","clusterId":"new-york-north"},"geometry":{"type":"Polygon","coordinates":[[[-73.9425,40.8416],[-73.9431,40.8402],[-73.9383,40.8379],[-73.9365,40.8405],[-73.942,40.8428],[-73.9425,40.8416]]]}},{"type":"Feature","properties":{"geoid":"36061025300","clusterId":"new-york-north"},"geometry":{"type":"Polygon","coordinates":[[[-73.9419,40.843],[-73.9365,40.8405],[-73.9347,40.843],[-73.9405,40.8454],[-73.9419,40.843]]]}},{"type":"Feature","properties":{"geoid":"36061025500","clusterId":"new-york-north"},"geometry":{"type":"Polygon","coordinates":[[[-73.9557,40.8447],[-73.9431,40.8402],[-73.9395,40.8478],[-73.9441,40.8478],[-73.9432,40.8498],[-73.9526,40.8515],[-73.9557,40.8447]]]}},{"type":"Feature","properties":{"geoid":"36061025700","clusterId":"new-york-central"},"geometry":{"type":"Polygon","coordinates":[[[-73.9568,40.8075],[-73.9544,40.8057],[-73.9507,40.8108],[-73.955,40.8101],[-73.9568,40.8075]]]}},{"type":"Feature","properties":{"geoid":"36061025900","clusterId":"new-york-north"},"geometry":{"type":"Polygon","coordinates":[[[-73.9446,40.8215],[-73.9438,40.8203],[-73.9396,40.826],[-73.9446,40.8215]]]}},{"type":"Feature","properties":{"geoid":"36061026100","clusterId":"new-york-north"},"geometry":{"type":"Polygon","coordinates":[[[-73.9373,40.8445],[-73.9347,40.843],[-73.9314,40.8474],[-73.9342,40.8486],[-73.9373,40.8445]]]}},{"type":"Feature","properties":{"geoid":"36061026300","clusterId":"new-york-north"},"geometry":{"type":"Polygon","coordinates":[[[-73.9404,40.8457],[-73.9375,40.8441],[-73.9342,40.8486],[-73.9364,40.8495],[-73.9404,40.8457]]]}},{"type":"Feature","properties":{"geoid":"36061026500","clusterId":"new-york-north"},"geometry":{"type":"Polygon","coordinates":[[[-73.9441,40.8478],[-73.938,40.8476],[-73.9358,40.8502],[-73.942,40.8519],[-73.9441,40.8478]]]}},{"type":"Feature","properties":{"geoid":"36061026700","clusterId":"new-york-north"},"geometry":{"type":"Polygon","coordinates":[[[-73.9305,40.8487],[-73.9298,40.8481],[-73.9271,40.8522],[-73.9305,40.8487]]]}},{"type":"Feature","properties":{"geoid":"36061026900","clusterId":"new-york-north"},"geometry":{"type":"Polygon","coordinates":[[[-73.9337,40.8493],[-73.9314,40.8474],[-73.9277,40.8525],[-73.9305,40.8537],[-73.9337,40.8493]]]}},{"type":"Feature","properties":{"geoid":"36061027100","clusterId":"new-york-north"},"geometry":{"type":"Polygon","coordinates":[[[-73.9363,40.8511],[-73.9364,40.8495],[-73.9342,40.8486],[-73.931,40.8531],[-73.936,40.8549],[-73.9363,40.8511]]]}},{"type":"Feature","properties":{"geoid":"36061027300","clusterId":"new-york-north"},"geometry":{"type":"Polygon","coordinates":[[[-73.9401,40.8514],[-73.9367,40.8504],[-73.9357,40.8523],[-73.9369,40.8551],[-73.9341,40.8594],[-73.9401,40.8514]]]}},{"type":"Feature","properties":{"geoid":"36061027500","clusterId":"new-york-north"},"geometry":{"type":"Polygon","coordinates":[[[-73.9525,40.8517],[-73.9432,40.8498],[-73.942,40.8519],[-73.9401,40.8514],[-73.9356,40.8589],[-73.9458,40.8625],[-73.9525,40.8517]]]}},{"type":"Feature","properties":{"geoid":"36061027700","clusterId":"new-york-north"},"geometry":{"type":"Polygon","coordinates":[[[-73.9301,40.8543],[-73.9277,40.8525],[-73.9249,40.8578],[-73.9273,40.8579],[-73.9301,40.8543]]]}},{"type":"Feature","properties":{"geoid":"36061027900","clusterId":"new-york-north"},"geometry":{"type":"Polygon","coordinates":[[[-73.9343,40.8556],[-73.9346,40.8545],[-73.931,40.8531],[-73.9282,40.8572],[-73.9326,40.8567],[-73.9322,40.8595],[-73.9343,40.8556]]]}},{"type":"Feature","properties":{"geoid":"36061028100","clusterId":"new-york-north"},"geometry":{"type":"Polygon","coordinates":[[[-73.9367,40.8556],[-73.9346,40.8545],[-73.9322,40.8595],[-73.9341,40.8594],[-73.9367,40.8556]]]}},{"type":"Feature","properties":{"geoid":"36061028300","clusterId":"new-york-north"},"geometry":{"type":"Polygon","coordinates":[[[-73.9326,40.8567],[-73.928,40.8573],[-73.9249,40.8615],[-73.9313,40.8593],[-73.9326,40.8567]]]}},{"type":"Feature","properties":{"geoid":"36061028500","clusterId":"new-york-north"},"geometry":{"type":"Polygon","coordinates":[[[-73.9312,40.8597],[-73.9247,40.8616],[-73.926,40.8636],[-73.93,40.8621],[-73.9312,40.8597]]]}},{"type":"Feature","properties":{"geoid":"36061028700","clusterId":"new-york-north"},"geometry":{"type":"Polygon","coordinates":[[[-73.9458,40.8626],[-73.9356,40.8589],[-73.9313,40.8593],[-73.93,40.8621],[-73.926,40.8636],[-73.9384,40.8747],[-73.9458,40.8626]]]}},{"type":"Feature","properties":{"geoid":"36061029100","clusterId":"new-york-north"},"geometry":{"type":"Polygon","coordinates":[[[-73.9273,40.8655],[-73.9247,40.8616],[-73.9206,40.8631],[-73.9231,40.867],[-73.9273,40.8655]]]}},{"type":"Feature","properties":{"geoid":"36061029300","clusterId":"new-york-north"},"geometry":{"type":"Polygon","coordinates":[[[-73.9231,40.867],[-73.9203,40.8626],[-73.917,40.867],[-73.9198,40.8681],[-73.9231,40.867]]]}},{"type":"Feature","properties":{"geoid":"36061029500","clusterId":"new-york-north"},"geometry":{"type":"Polygon","coordinates":[[[-73.9287,40.8667],[-73.9273,40.8655],[-73.9212,40.8677],[-73.9223,40.8695],[-73.9287,40.8667]]]}},{"type":"Feature","properties":{"geoid":"36061029900","clusterId":"new-york-north"},"geometry":{"type":"Polygon","coordinates":[[[-73.9244,40.8617],[-73.9229,40.8559],[-73.921,40.8551],[-73.9109,40.8665],[-73.9086,40.8717],[-73.9105,40.874],[-73.9203,40.8626],[-73.9244,40.8617]]]}},{"type":"Feature","properties":{"geoid":"36061030300","clusterId":"new-york-north"},"geometry":{"type":"Polygon","coordinates":[[[-73.922,40.8692],[-73.9212,40.8677],[-73.917,40.867],[-73.9152,40.8696],[-73.9195,40.8722],[-73.922,40.8692]]]}},{"type":"Feature","properties":{"geoid":"36061030700","clusterId":"new-york-north"},"geometry":{"type":"Polygon","coordinates":[[[-73.9195,40.8722],[-73.9163,40.8696],[-73.914,40.8712],[-73.9195,40.8722]]]}},{"type":"Feature","properties":{"geoid":"36061030900","clusterId":"new-york-north"},"geometry":{"type":"Polygon","coordinates":[[[-73.9152,40.8757],[-73.9105,40.8741],[-73.9086,40.8717],[-73.9071,40.873],[-73.9071,40.8763],[-73.9095,40.8789],[-73.9114,40.8793],[-73.9152,40.8757]]]}},{"type":"Feature","properties":{"geoid":"36061031703","clusterId":"new-york-west"},"geometry":{"type":"Polygon","coordinates":[[[-74.0243,40.7139],[-74.0144,40.711],[-74.0123,40.719],[-74.0231,40.7204],[-74.0243,40.7139]]]}},{"type":"Feature","properties":{"geoid":"36061031704","clusterId":"new-york-west"},"geometry":{"type":"Polygon","coordinates":[[[-74.0253,40.7073],[-74.0257,40.7048],[-74.0175,40.7043],[-74.0144,40.711],[-74.0244,40.7131],[-74.0253,40.7073]]]}},{"type":"Feature","properties":{"geoid":"36081000101","clusterId":"new-york-central"},"geometry":{"type":"Polygon","coordinates":[[[-73.9626,40.739],[-73.9625,40.7368],[-73.9551,40.7394],[-73.9546,40.7413],[-73.9569,40.7418],[-73.956,40.7445],[-73.9597,40.7453],[-73.9626,40.739]]]}},{"type":"Feature","properties":{"geoid":"36081000102","clusterId":"new-york-central"},"geometry":{"type":"Polygon","coordinates":[[[-73.9597,40.7453],[-73.956,40.7445],[-73.9548,40.748],[-73.9568,40.7488],[-73.9597,40.7453]]]}},{"type":"Feature","properties":{"geoid":"36081000104","clusterId":"new-york-central"},"geometry":{"type":"Polygon","coordinates":[[[-73.955,40.7398],[-73.9471,40.7375],[-73.9415,40.7392],[-73.9387,40.7382],[-73.9373,40.7452],[-73.9464,40.742],[-73.9492,40.7425],[-73.9499,40.7404],[-73.9546,40.7413],[-73.955,40.7398]]]}},{"type":"Feature","properties":{"geoid":"36081000200","clusterId":"new-york-central"},"geometry":{"type":"Polygon","coordinates":[[[-73.8687,40.6946],[-73.8681,40.6912],[-73.8633,40.692],[-73.8646,40.6955],[-73.8687,40.6946]]]}},{"type":"Feature","properties":{"geoid":"36081000400","clusterId":"new-york-central"},"geometry":{"type":"Polygon","coordinates":[[[-73.8681,40.6912],[-73.867,40.6868],[-73.8613,40.6887],[-73.8621,40.6921],[-73.8681,40.6912]]]}},{"type":"Feature","properties":{"geoid":"36081000600","clusterId":"new-york-central"},"geometry":{"type":"Polygon","coordinates":[[[-73.867,40.6868],[-73.8663,40.6832],[-73.8605,40.6848],[-73.8613,40.6887],[-73.867,40.6868]]]}},{"type":"Feature","properties":{"geoid":"36081000701","clusterId":"new-york-central"},"geometry":{"type":"Polygon","coordinates":[[[-73.9569,40.7419],[-73.9499,40.7404],[-73.9488,40.7439],[-73.9557,40.7453],[-73.9569,40.7419]]]}},{"type":"Feature","properties":{"geoid":"36081000702","clusterId":"new-york-central"},"geometry":{"type":"Polygon","coordinates":[[[-73.9555,40.7459],[-73.9488,40.7439],[-73.9451,40.7477],[-73.9522,40.7491],[-73.9527,40.7469],[-73.9551,40.7473],[-73.9555,40.7459]]]}},{"type":"Feature","properties":{"geoid":"36081000800","clusterId":"new-york-central"},"geometry":{"type":"Polygon","coordinates":[[[-73.8613,40.6887],[-73.8605,40.6848],[-73.8548,40.6864],[-73.8562,40.6898],[-73.8613,40.6887]]]}},{"type":"Feature","properties":{"geoid":"36081001000","clusterId":"new-york-central"},"geometry":{"type":"Polygon","coordinates":[[[-73.8621,40.6921],[-73.8613,40.6887],[-73.8562,40.6898],[-73.8573,40.6926],[-73.8621,40.6921]]]}},{"type":"Feature","properties":{"geoid":"36081001200","clusterId":"new-york-central"},"geometry":{"type":"Polygon","coordinates":[[[-73.8646,40.6955],[-73.8633,40.692],[-73.8573,40.6926],[-73.8583,40.6967],[-73.8646,40.6955]]]}},{"type":"Feature","properties":{"geoid":"36081001400","clusterId":"new-york-central"},"geometry":{"type":"Polygon","coordinates":[[[-73.8583,40.6967],[-73.8573,40.6926],[-73.8522,40.6937],[-73.8527,40.6976],[-73.8583,40.6967]]]}},{"type":"Feature","properties":{"geoid":"36081001600","clusterId":"new-york-central"},"geometry":{"type":"Polygon","coordinates":[[[-73.8573,40.6926],[-73.8548,40.6864],[-73.8523,40.6872],[-73.8547,40.6928],[-73.8573,40.6926]]]}},{"type":"Feature","properties":{"geoid":"36081001800","clusterId":"new-york-central"},"geometry":{"type":"Polygon","coordinates":[[[-73.8547,40.6928],[-73.8523,40.6872],[-73.849,40.688],[-73.8522,40.6937],[-73.8547,40.6928]]]}},{"type":"Feature","properties":{"geoid":"36081001901","clusterId":"new-york-central"},"geometry":{"type":"Polygon","coordinates":[[[-73.9488,40.7437],[-73.9492,40.7425],[-73.9464,40.742],[-73.94,40.7457],[-73.9451,40.7477],[-73.9488,40.7437]]]}},{"type":"Feature","properties":{"geoid":"36081001902","clusterId":"new-york-central"},"geometry":{"type":"Polygon","coordinates":[[[-73.9432,40.7477],[-73.94,40.7457],[-73.9368,40.7484],[-73.9405,40.7509],[-73.9432,40.7477]]]}},{"type":"Feature","properties":{"geoid":"36081001903","clusterId":"new-york-central"},"geometry":{"type":"Polygon","coordinates":[[[-73.9523,40.7508],[-73.9522,40.7491],[-73.9438,40.7474],[-73.9405,40.7509],[-73.9491,40.7545],[-73.9523,40.7508]]]}},{"type":"Feature","properties":{"geoid":"36081002000","clusterId":"new-york-central"},"geometry":{"type":"Polygon","coordinates":[[[-73.8522,40.6937],[-73.849,40.688],[-73.8471,40.6886],[-73.8496,40.6944],[-73.8522,40.6937]]]}},{"type":"Feature","properties":{"geoid":"36081002200","clusterId":"new-york-central"},"geometry":{"type":"Polygon","coordinates":[[[-73.8528,40.6968],[-73.8522,40.6937],[-73.8477,40.6948],[-73.8495,40.6982],[-73.8528,40.6968]]]}},{"type":"Feature","properties":{"geoid":"36081002400","clusterId":"new-york-central"},"geometry":{"type":"Polygon","coordinates":[[[-73.8491,40.6984],[-73.8477,40.6948],[-73.8437,40.6967],[-73.845,40.6994],[-73.8491,40.6984]]]}},{"type":"Feature","properties":{"geoid":"36081002500","clusterId":"new-york-central"},"geometry":{"type":"Polygon","coordinates":[[[-73.9491,40.7546],[-73.9441,40.7523],[-73.9412,40.7552],[-73.9458,40.7578],[-73.9491,40.7546]]]}},{"type":"Feature","properties":{"geoid":"36081002600","clusterId":"new-york-central"},"geometry":{"type":"Polygon","coordinates":[[[-73.8459,40.6962],[-73.8404,40.6954],[-73.8429,40.7006],[-73.845,40.6994],[-73.8437,40.6967],[-73.8459,40.6962]]]}},{"type":"Feature","properties":{"geoid":"36081002800","clusterId":"new-york-central"},"geometry":{"type":"Polygon","coordinates":[[[-73.8468,40.695],[-73.845,40.6892],[-73.841,40.6903],[-73.8434,40.6952],[-73.8468,40.695]]]}},{"type":"Feature","properties":{"geoid":"36081003000","clusterId":"new-york-central"},"geometry":{"type":"Polygon","coordinates":[[[-73.8491,40.6945],[-73.8471,40.6886],[-73.845,40.6892],[-73.8477,40.6948],[-73.8491,40.6945]]]}},{"type":"Feature","properties":{"geoid":"36081003100","clusterId":"new-york-central"},"geometry":{"type":"Polygon","coordinates":[[[-73.9372,40.7531],[-73.9347,40.751],[-73.9287,40.752],[-73.9358,40.7558],[-73.9372,40.7531]]]}},{"type":"Feature","properties":{"geoid":"36081003200","clusterId":"new-york-east"},"geometry":{"type":"Polygon","coordinates":[[[-73.8506,40.6877],[-73.8494,40.6852],[-73.843,40.687],[-73.8442,40.6894],[-73.8506,40.6877]]]}},{"type":"Feature","properties":{"geoid":"36081003301","clusterId":"new-york-central"},"geometry":{"type":"Polygon","coordinates":[[[-73.9438,40.7525],[-73.9368,40.7484],[-73.9347,40.751],[-73.9372,40.7531],[-73.9383,40.7518],[-73.9424,40.754],[-73.9438,40.7525]]]}},{"type":"Feature","properties":{"geoid":"36081003302","clusterId":"new-york-central"},"geometry":{"type":"Polygon","coordinates":[[[-73.9424,40.754],[-73.9383,40.7518],[-73.9346,40.7569],[-73.9333,40.7562],[-73.9322,40.7577],[-73.9368,40.7599],[-73.9424,40.754]]]}},{"type":"Feature","properties":{"geoid":"36081003400","clusterId":"new-york-central"},"geometry":{"type":"Polygon","coordinates":[[[-73.8663,40.6832],[-73.866,40.6819],[-73.8499,40.6864],[-73.8506,40.6877],[-73.8663,40.6832]]]}},{"type":"Feature","properties":{"geoid":"36081003600","clusterId":"new-york-central"},"geometry":{"type":"Polygon","coordinates":[[[-73.8641,40.6824],[-73.8638,40.6811],[-73.8494,40.6852],[-73.8499,40.6864],[-73.8641,40.6824]]]}},{"type":"Feature","properties":{"geoid":"36081003800","clusterId":"new-york-south"},"geometry":{"type":"Polygon","coordinates":[[[-73.8528,40.6843],[-73.852,40.6826],[-73.8422,40.6854],[-73.843,40.687],[-73.8528,40.6843]]]}},{"type":"Feature","properties":{"geoid":"36081003900","clusterId":"new-york-central"},"geometry":{"type":"Polygon","coordinates":[[[-73.9433,40.7607],[-73.9442,40.7593],[-73.9425,40.7587],[-73.9376,40.7665],[-73.9397,40.7664],[-73.9433,40.7607]]]}},{"type":"Feature","properties":{"geoid":"36081004001","clusterId":"new-york-south"},"geometry":{"type":"Polygon","coordinates":[[[-73.8511,40.6828],[-73.8479,40.6815],[-73.8412,40.6834],[-73.8422,40.6854],[-73.8511,40.6828]]]}},{"type":"Feature","properties":{"geoid":"36081004002","clusterId":"new-york-south"},"geometry":{"type":"Polygon","coordinates":[[[-73.8476,40.6816],[-73.8395,40.68],[-73.8412,40.6834],[-73.8476,40.6816]]]}},{"type":"Feature","properties":{"geoid":"36081004200","clusterId":"new-york-central"},"geometry":{"type":"Polygon","coordinates":[[[-73.8638,40.6811],[-73.8633,40.6794],[-73.852,40.6826],[-73.8528,40.6843],[-73.8638,40.6811]]]}},{"type":"Feature","properties":{"geoid":"36081004300","clusterId":"new-york-central"},"geometry":{"type":"Polygon","coordinates":[[[-73.9409,40.7581],[-73.9391,40.7575],[-73.934,40.7628],[-73.937,40.7642],[-73.9409,40.7581]]]}},{"type":"Feature","properties":{"geoid":"36081004401","clusterId":"new-york-south"},"geometry":{"type":"Polygon","coordinates":[[[-73.8633,40.6794],[-73.8613,40.675],[-73.8565,40.6734],[-73.8568,40.6795],[-73.8588,40.6806],[-73.8633,40.6794]]]}},{"type":"Feature","properties":{"geoid":"36081004500","clusterId":"new-york-central"},"geometry":{"type":"Polygon","coordinates":[[[-73.9386,40.7668],[-73.936,40.7659],[-73.937,40.7642],[-73.9305,40.7612],[-73.9295,40.7624],[-73.9314,40.7633],[-73.9304,40.7645],[-73.9359,40.7676],[-73.9386,40.7668]]]}},{"type":"Feature","properties":{"geoid":"36081004700","clusterId":"new-york-central"},"geometry":{"type":"Polygon","coordinates":[[[-73.9368,40.7599],[-73.9322,40.7577],[-73.9297,40.7608],[-73.934,40.7628],[-73.9368,40.7599]]]}},{"type":"Feature","properties":{"geoid":"36081005100","clusterId":"new-york-central"},"geometry":{"type":"Polygon","coordinates":[[[-73.9358,40.7558],[-73.9313,40.7534],[-73.929,40.7562],[-73.9322,40.7577],[-73.9358,40.7558]]]}},{"type":"Feature","properties":{"geoid":"36081005200","clusterId":"new-york-south"},"geometry":{"type":"Polygon","coordinates":[[[-73.8588,40.6806],[-73.8582,40.6794],[-73.851,40.6806],[-73.852,40.6826],[-73.8588,40.6806]]]}},{"type":"Feature","properties":{"geoid":"36081005300","clusterId":"new-york-central"},"geometry":{"type":"Polygon","coordinates":[[[-73.9322,40.7577],[-73.929,40.7562],[-73.9277,40.7578],[-73.9293,40.7585],[-73.9262,40.7624],[-73.9304,40.7645],[-73.9314,40.7633],[-73.9295,40.7624],[-73.9297,40.7608],[-73.9322,40.7577]]]}},{"type":"Feature","properties":{"geoid":"36081005400","clusterId":"new-york-south"},"geometry":{"type":"Polygon","coordinates":[[[-73.8539,40.6797],[-73.8525,40.6756],[-73.8436,40.6767],[-73.8447,40.6807],[-73.852,40.6826],[-73.851,40.6806],[-73.8539,40.6797]]]}},{"type":"Feature","properties":{"geoid":"36081005500","clusterId":"new-york-central"},"geometry":{"type":"Polygon","coordinates":[[[-73.9313,40.7534],[-73.926,40.7521],[-73.9242,40.754],[-73.929,40.7562],[-73.9313,40.7534]]]}},{"type":"Feature","properties":{"geoid":"36081005700","clusterId":"new-york-central"},"geometry":{"type":"Polygon","coordinates":[[[-73.9293,40.7585],[-73.9277,40.7578],[-73.929,40.7562],[-73.9242,40.754],[-73.9217,40.7571],[-73.9281,40.76],[-73.9293,40.7585]]]}},{"type":"Feature","properties":{"geoid":"36081005800","clusterId":"new-york-south"},"geometry":{"type":"Polygon","coordinates":[[[-73.8569,40.6765],[-73.8565,40.6734],[-73.8426,40.6693],[-73.8438,40.6767],[-73.8525,40.6753],[-73.8569,40.6765]]]}},{"type":"Feature","properties":{"geoid":"36081005900","clusterId":"new-york-central"},"geometry":{"type":"Polygon","coordinates":[[[-73.9281,40.76],[-73.9217,40.7571],[-73.9198,40.7593],[-73.9262,40.7624],[-73.9281,40.76]]]}},{"type":"Feature","properties":{"geoid":"36081006100","clusterId":"new-york-central"},"geometry":{"type":"Polygon","coordinates":[[[-73.9262,40.7624],[-73.9198,40.7593],[-73.9179,40.7617],[-73.9243,40.7647],[-73.9262,40.7624]]]}},{"type":"Feature","properties":{"geoid":"36081006201","clusterId":"new-york-south"},"geometry":{"type":"Polygon","coordinates":[[[-73.8511,40.6694],[-73.8488,40.6628],[-73.8417,40.666],[-73.8423,40.6683],[-73.8479,40.67],[-73.8511,40.6694]]]}},{"type":"Feature","properties":{"geoid":"36081006202","clusterId":"new-york-south"},"geometry":{"type":"Polygon","coordinates":[[[-73.8632,40.6583],[-73.8605,40.6547],[-73.8488,40.6628],[-73.8511,40.6694],[-73.8479,40.67],[-73.8423,40.6683],[-73.8426,40.6693],[-73.8613,40.675],[-73.8604,40.6713],[-73.8576,40.6717],[-73.8557,40.6639],[-73.8584,40.6635],[-73.8576,40.6601],[-73.8632,40.6583]]]}},{"type":"Feature","properties":{"geoid":"36081006300","clusterId":"new-york-central"},"geometry":{"type":"Polygon","coordinates":[[[-73.9241,40.7649],[-73.9179,40.7617],[-73.9158,40.7643],[-73.9222,40.7673],[-73.9241,40.7649]]]}},{"type":"Feature","properties":{"geoid":"36081006501","clusterId":"new-york-central"},"geometry":{"type":"Polygon","coordinates":[[[-73.92,40.7684],[-73.9182,40.7654],[-73.9149,40.7695],[-73.9181,40.77],[-73.92,40.7684]]]}},{"type":"Feature","properties":{"geoid":"36081006502","clusterId":"new-york-central"},"geometry":{"type":"Polygon","coordinates":[[[-73.9182,40.7654],[-73.915,40.7639],[-73.9119,40.769],[-73.9149,40.7695],[-73.9182,40.7654]]]}},{"type":"Feature","properties":{"geoid":"36081006900","clusterId":"new-york-central"},"geometry":{"type":"Polygon","coordinates":[[[-73.9259,40.7723],[-73.9212,40.7684],[-73.9177,40.7704],[-73.924,40.7746],[-73.9259,40.7723]]]}},{"type":"Feature","properties":{"geoid":"36081007100","clusterId":"new-york-central"},"geometry":{"type":"Polygon","coordinates":[[[-73.9273,40.7705],[-73.9198,40.7662],[-73.9185,40.7677],[-73.92,40.7684],[-73.919,40.7703],[-73.9212,40.7684],[-73.9259,40.7723],[-73.9273,40.7705]]]}},{"type":"Feature","properties":{"geoid":"36081007300","clusterId":"new-york-central"},"geometry":{"type":"Polygon","coordinates":[[[-73.9284,40.7669],[-73.9243,40.7647],[-73.9222,40.7673],[-73.9265,40.7693],[-73.9284,40.7669]]]}},{"type":"Feature","properties":{"geoid":"36081007500","clusterId":"new-york-central"},"geometry":{"type":"Polygon","coordinates":[[[-73.9296,40.7654],[-73.9304,40.7645],[-73.9262,40.7624],[-73.9243,40.7647],[-73.9286,40.7667],[-73.9296,40.7654]]]}},{"type":"Feature","properties":{"geoid":"36081007700","clusterId":"new-york-central"},"geometry":{"type":"Polygon","coordinates":[[[-73.9342,40.7679],[-73.9349,40.767],[-73.9304,40.7645],[-73.9286,40.7667],[-73.9334,40.7688],[-73.9342,40.7679]]]}},{"type":"Feature","properties":{"geoid":"36081007900","clusterId":"new-york-central"},"geometry":{"type":"Polygon","coordinates":[[[-73.9334,40.7689],[-73.9286,40.7667],[-73.9265,40.7693],[-73.9313,40.7715],[-73.9334,40.7689]]]}},{"type":"Feature","properties":{"geoid":"36081008100","clusterId":"new-york-central"},"geometry":{"type":"Polygon","coordinates":[[[-73.9362,40.7677],[-73.9349,40.767],[-73.9301,40.7721],[-73.9338,40.7719],[-73.9362,40.7677]]]}},{"type":"Feature","properties":{"geoid":"36081008300","clusterId":"new-york-central"},"geometry":{"type":"Polygon","coordinates":[[[-73.9324,40.7731],[-73.9278,40.7699],[-73.9249,40.7735],[-73.929,40.7752],[-73.9324,40.7731]]]}},{"type":"Feature","properties":{"geoid":"36081008500","clusterId":"new-york-central"},"geometry":{"type":"Polygon","coordinates":[[[-73.9458,40.7578],[-73.9412,40.7552],[-73.936,40.7659],[-73.9376,40.7665],[-73.9425,40.7587],[-73.9442,40.7593],[-73.9458,40.7578]]]}},{"type":"Feature","properties":{"geoid":"36081008600","clusterId":"new-york-south"},"geometry":{"type":"Polygon","coordinates":[[[-73.8447,40.6803],[-73.8433,40.6737],[-73.837,40.6747],[-73.8395,40.68],[-73.8447,40.6803]]]}},{"type":"Feature","properties":{"geoid":"36081008700","clusterId":"new-york-central"},"geometry":{"type":"Polygon","coordinates":[[[-73.9379,40.7741],[-73.9342,40.771],[-73.9303,40.7755],[-73.9361,40.7772],[-73.9379,40.7741]]]}},{"type":"Feature","properties":{"geoid":"36081008800","clusterId":"new-york-south"},"geometry":{"type":"Polygon","coordinates":[[[-73.8434,40.6731],[-73.8424,40.6688],[-73.8333,40.6668],[-73.837,40.6747],[-73.8434,40.6731]]]}},{"type":"Feature","properties":{"geoid":"36081009100","clusterId":"new-york-central"},"geometry":{"type":"Polygon","coordinates":[[[-73.9355,40.7775],[-73.9303,40.7755],[-73.931,40.774],[-73.9299,40.7736],[-73.929,40.7752],[-73.9249,40.7735],[-73.924,40.7746],[-73.9318,40.7779],[-73.9355,40.7775]]]}},{"type":"Feature","properties":{"geoid":"36081009400","clusterId":"new-york-east"},"geometry":{"type":"Polygon","coordinates":[[[-73.8395,40.6813],[-73.8395,40.68],[-73.8333,40.6787],[-73.836,40.6848],[-73.8381,40.6842],[-73.837,40.682],[-73.8395,40.6813]]]}},{"type":"Feature","properties":{"geoid":"36081009500","clusterId":"new-york-central"},"geometry":{"type":"Polygon","coordinates":[[[-73.9234,40.7751],[-73.9201,40.7721],[-73.9171,40.7735],[-73.9226,40.7774],[-73.9234,40.7751]]]}},{"type":"Feature","properties":{"geoid":"36081009600","clusterId":"new-york-east"},"geometry":{"type":"Polygon","coordinates":[[[-73.8351,40.683],[-73.8333,40.6787],[-73.8288,40.6777],[-73.8321,40.6844],[-73.8351,40.683]]]}},{"type":"Feature","properties":{"geoid":"36081009700","clusterId":"new-york-central"},"geometry":{"type":"Polygon","coordinates":[[[-73.922,40.778],[-73.9171,40.7735],[-73.9145,40.7755],[-73.9201,40.7795],[-73.922,40.778]]]}},{"type":"Feature","properties":{"geoid":"36081009800","clusterId":"new-york-east"},"geometry":{"type":"Polygon","coordinates":[[[-73.8351,40.6851],[-73.8351,40.683],[-73.8259,40.6859],[-73.8267,40.6875],[-73.8351,40.6851]]]}},{"type":"Feature","properties":{"geoid":"36081010000","clusterId":"new-york-east"},"geometry":{"type":"Polygon","coordinates":[[[-73.8319,40.6844],[-73.8288,40.6777],[-73.8254,40.6771],[-73.8295,40.6854],[-73.8319,40.6844]]]}},{"type":"Feature","properties":{"geoid":"36081010100","clusterId":"new-york-central"},"geometry":{"type":"Polygon","coordinates":[[[-73.9194,40.7801],[-73.9145,40.7755],[-73.9124,40.7773],[-73.918,40.7813],[-73.9194,40.7801]]]}},{"type":"Feature","properties":{"geoid":"36081010200","clusterId":"new-york-east"},"geometry":{"type":"Polygon","coordinates":[[[-73.8255,40.6793],[-73.8254,40.6771],[-73.8192,40.6761],[-73.8231,40.682],[-73.8256,40.6813],[-73.8255,40.6793]]]}},{"type":"Feature","properties":{"geoid":"36081010300","clusterId":"new-york-central"},"geometry":{"type":"Polygon","coordinates":[[[-73.92,40.7826],[-73.9124,40.7773],[-73.9101,40.7792],[-73.9171,40.7841],[-73.9153,40.7861],[-73.92,40.7826]]]}},{"type":"Feature","properties":{"geoid":"36081010400","clusterId":"new-york-east"},"geometry":{"type":"Polygon","coordinates":[[[-73.8286,40.6857],[-73.8263,40.6791],[-73.8247,40.6795],[-73.8256,40.6813],[-73.8239,40.6818],[-73.8259,40.6859],[-73.8286,40.6857]]]}},{"type":"Feature","properties":{"geoid":"36081010500","clusterId":"new-york-central"},"geometry":{"type":"Polygon","coordinates":[[[-73.917,40.7841],[-73.9108,40.7796],[-73.9087,40.7814],[-73.9152,40.786],[-73.917,40.7841]]]}},{"type":"Feature","properties":{"geoid":"36081010600","clusterId":"new-york-east"},"geometry":{"type":"Polygon","coordinates":[[[-73.8277,40.6895],[-73.8239,40.6818],[-73.8214,40.6805],[-73.826,40.6899],[-73.8277,40.6895]]]}},{"type":"Feature","properties":{"geoid":"36081010800","clusterId":"new-york-east"},"geometry":{"type":"Polygon","coordinates":[[[-73.8322,40.6911],[-73.8317,40.6861],[-73.8275,40.6872],[-73.8305,40.6914],[-73.8322,40.6911]]]}},{"type":"Feature","properties":{"geoid":"36081011000","clusterId":"new-york-east"},"geometry":{"type":"Polygon","coordinates":[[[-73.8381,40.6884],[-73.836,40.6848],[-73.8317,40.6861],[-73.8352,40.6906],[-73.8381,40.6884]]]}},{"type":"Feature","properties":{"geoid":"36081011100","clusterId":"new-york-central"},"geometry":{"type":"Polygon","coordinates":[[[-73.9108,40.7796],[-73.906,40.7762],[-73.9038,40.778],[-73.9087,40.7814],[-73.9108,40.7796]]]}},{"type":"Feature","properties":{"geoid":"36081011200","clusterId":"new-york-east"},"geometry":{"type":"Polygon","coordinates":[[[-73.8416,40.6855],[-73.8402,40.6811],[-73.837,40.682],[-73.8381,40.6842],[-73.836,40.6848],[-73.8369,40.6868],[-73.8416,40.6855]]]}},{"type":"Feature","properties":{"geoid":"36081011300","clusterId":"new-york-central"},"geometry":{"type":"Polygon","coordinates":[[[-73.9124,40.7773],[-73.9068,40.7734],[-73.9046,40.7752],[-73.9101,40.7792],[-73.9124,40.7773]]]}},{"type":"Feature","properties":{"geoid":"36081011400","clusterId":"new-york-east"},"geometry":{"type":"Polygon","coordinates":[[[-73.8442,40.6894],[-73.8422,40.6854],[-73.8399,40.686],[-73.841,40.6903],[-73.8442,40.6894]]]}},{"type":"Feature","properties":{"geoid":"36081011500","clusterId":"new-york-central"},"geometry":{"type":"Polygon","coordinates":[[[-73.9171,40.7735],[-73.9143,40.7715],[-73.9096,40.7754],[-73.9124,40.7773],[-73.9171,40.7735]]]}},{"type":"Feature","properties":{"geoid":"36081011600","clusterId":"new-york-east"},"geometry":{"type":"Polygon","coordinates":[[[-73.841,40.6903],[-73.8399,40.686],[-73.8373,40.6867],[-73.8381,40.6884],[-73.8363,40.6889],[-73.8375,40.6913],[-73.841,40.6903]]]}},{"type":"Feature","properties":{"geoid":"36081011700","clusterId":"new-york-central"},"geometry":{"type":"Polygon","coordinates":[[[-73.9143,40.7715],[-73.9102,40.7694],[-73.9068,40.7734],[-73.9096,40.7754],[-73.9143,40.7715]]]}},{"type":"Feature","properties":{"geoid":"36081011800","clusterId":"new-york-east"},"geometry":{"type":"Polygon","coordinates":[[[-73.8375,40.6913],[-73.8363,40.6889],[-73.8352,40.6906],[-73.8337,40.6878],[-73.8319,40.6883],[-73.8331,40.6908],[-73.8305,40.6914],[-73.8313,40.6931],[-73.8375,40.6913]]]}},{"type":"Feature","properties":{"geoid":"36081011900","clusterId":"new-york-central"},"geometry":{"type":"Polygon","coordinates":[[[-73.9089,40.7716],[-73.9053,40.769],[-73.9032,40.7708],[-73.9068,40.7734],[-73.9089,40.7716]]]}},{"type":"Feature","properties":{"geoid":"36081012000","clusterId":"new-york-east"},"geometry":{"type":"Polygon","coordinates":[[[-73.8313,40.6931],[-73.8293,40.689],[-73.826,40.6899],[-73.828,40.694],[-73.8313,40.6931]]]}},{"type":"Feature","properties":{"geoid":"36081012100","clusterId":"new-york-central"},"geometry":{"type":"Polygon","coordinates":[[[-73.9068,40.7734],[-73.9025,40.7703],[-73.9002,40.7722],[-73.9046,40.7752],[-73.9068,40.7734]]]}},{"type":"Feature","properties":{"geoid":"36081012200","clusterId":"new-york-east"},"geometry":{"type":"Polygon","coordinates":[[[-73.8333,40.6991],[-73.8313,40.6931],[-73.828,40.694],[-73.8309,40.7],[-73.8333,40.6991]]]}},{"type":"Feature","properties":{"geoid":"36081012301","clusterId":"new-york-central"},"geometry":{"type":"Polygon","coordinates":[[[-73.906,40.7762],[-73.8988,40.7711],[-73.8929,40.7738],[-73.8966,40.7762],[-73.8942,40.7782],[-73.8978,40.7807],[-73.906,40.7762]]]}},{"type":"Feature","properties":{"geoid":"36081012400","clusterId":"new-york-east"},"geometry":{"type":"Polygon","coordinates":[[[-73.8364,40.6974],[-73.8348,40.6921],[-73.8313,40.6931],[-73.8341,40.6987],[-73.8364,40.6974]]]}},{"type":"Feature","properties":{"geoid":"36081012500","clusterId":"new-york-central"},"geometry":{"type":"Polygon","coordinates":[[[-73.9199,40.7722],[-73.9181,40.77],[-73.9102,40.7694],[-73.9171,40.7735],[-73.9199,40.7722]]]}},{"type":"Feature","properties":{"geoid":"36081012601","clusterId":"new-york-east"},"geometry":{"type":"Polygon","coordinates":[[[-73.8395,40.6956],[-73.8387,40.691],[-73.8348,40.6921],[-73.8372,40.6969],[-73.8395,40.6956]]]}},{"type":"Feature","properties":{"geoid":"36081012602","clusterId":"new-york-central"},"geometry":{"type":"Polygon","coordinates":[[[-73.8434,40.6952],[-73.841,40.6903],[-73.8387,40.691],[-73.8396,40.6955],[-73.8434,40.6952]]]}},{"type":"Feature","properties":{"geoid":"36081012800","clusterId":"new-york-central"},"geometry":{"type":"Polygon","coordinates":[[[-73.8429,40.7006],[-73.8404,40.6954],[-73.8372,40.6969],[-73.8403,40.7009],[-73.8429,40.7006]]]}},{"type":"Feature","properties":{"geoid":"36081013000","clusterId":"new-york-central"},"geometry":{"type":"Polygon","coordinates":[[[-73.8416,40.7011],[-73.8372,40.6969],[-73.8348,40.6983],[-73.8381,40.7027],[-73.837,40.7042],[-73.8416,40.7011]]]}},{"type":"Feature","properties":{"geoid":"36081013200","clusterId":"new-york-central"},"geometry":{"type":"Polygon","coordinates":[[[-73.8378,40.7029],[-73.8348,40.6983],[-73.8309,40.7],[-73.8321,40.7028],[-73.8339,40.7023],[-73.8346,40.7039],[-73.8378,40.7029]]]}},{"type":"Feature","properties":{"geoid":"36081013400","clusterId":"new-york-central"},"geometry":{"type":"Polygon","coordinates":[[[-73.8381,40.7063],[-73.8366,40.7034],[-73.8321,40.7028],[-73.8318,40.7061],[-73.8371,40.708],[-73.8381,40.7063]]]}},{"type":"Feature","properties":{"geoid":"36081013500","clusterId":"new-york-central"},"geometry":{"type":"Polygon","coordinates":[[[-73.9025,40.7703],[-73.8996,40.7683],[-73.8952,40.7719],[-73.9002,40.7722],[-73.9025,40.7703]]]}},{"type":"Feature","properties":{"geoid":"36081013600","clusterId":"new-york-east"},"geometry":{"type":"Polygon","coordinates":[[[-73.8318,40.7066],[-73.8244,40.7041],[-73.8297,40.7093],[-73.8318,40.7066]]]}},{"type":"Feature","properties":{"geoid":"36081013700","clusterId":"new-york-central"},"geometry":{"type":"Polygon","coordinates":[[[-73.9108,40.769],[-73.9007,40.7672],[-73.8996,40.7683],[-73.9032,40.7708],[-73.9053,40.769],[-73.9082,40.7711],[-73.9108,40.769]]]}},{"type":"Feature","properties":{"geoid":"36081013800","clusterId":"new-york-east"},"geometry":{"type":"Polygon","coordinates":[[[-73.829,40.7098],[-73.8244,40.7041],[-73.8194,40.7039],[-73.8261,40.7077],[-73.8277,40.7106],[-73.829,40.7098]]]}},{"type":"Feature","properties":{"geoid":"36081014000","clusterId":"new-york-east"},"geometry":{"type":"Polygon","coordinates":[[[-73.8328,40.7047],[-73.8315,40.7014],[-73.8225,40.7037],[-73.8318,40.7061],[-73.8328,40.7047]]]}},{"type":"Feature","properties":{"geoid":"36081014100","clusterId":"new-york-central"},"geometry":{"type":"Polygon","coordinates":[[[-73.9109,40.7689],[-73.9117,40.768],[-73.9045,40.7646],[-73.902,40.7674],[-73.9109,40.7689]]]}},{"type":"Feature","properties":{"geoid":"36081014201","clusterId":"new-york-east"},"geometry":{"type":"Polygon","coordinates":[[[-73.828,40.7023],[-73.8263,40.6983],[-73.8212,40.6997],[-73.8225,40.7037],[-73.828,40.7023]]]}},{"type":"Feature","properties":{"geoid":"36081014202","clusterId":"new-york-east"},"geometry":{"type":"Polygon","coordinates":[[[-73.8268,40.6981],[-73.8258,40.6944],[-73.8137,40.6972],[-73.8165,40.7025],[-73.8225,40.7037],[-73.8212,40.6997],[-73.8268,40.6981]]]}},{"type":"Feature","properties":{"geoid":"36081014300","clusterId":"new-york-central"},"geometry":{"type":"Polygon","coordinates":[[[-73.9145,40.7659],[-73.9105,40.764],[-73.9085,40.7665],[-73.9119,40.769],[-73.9145,40.7659]]]}},{"type":"Feature","properties":{"geoid":"36081014400","clusterId":"new-york-east"},"geometry":{"type":"Polygon","coordinates":[[[-73.8315,40.7014],[-73.828,40.694],[-73.8258,40.6944],[-73.828,40.7023],[-73.8315,40.7014]]]}},{"type":"Feature","properties":{"geoid":"36081014500","clusterId":"new-york-central"},"geometry":{"type":"Polygon","coordinates":[[[-73.9105,40.764],[-73.9065,40.7621],[-73.9045,40.7646],[-73.9085,40.7665],[-73.9105,40.764]]]}},{"type":"Feature","properties":{"geoid":"36081014700","clusterId":"new-york-central"},"geometry":{"type":"Polygon","coordinates":[[[-73.915,40.7639],[-73.9078,40.7605],[-73.9065,40.7621],[-73.9137,40.7655],[-73.915,40.7639]]]}},{"type":"Feature","properties":{"geoid":"36081014800","clusterId":"new-york-east"},"geometry":{"type":"Polygon","coordinates":[[[-73.828,40.694],[-73.8272,40.6924],[-73.8157,40.6956],[-73.828,40.694]]]}},{"type":"Feature","properties":{"geoid":"36081014900","clusterId":"new-york-central"},"geometry":{"type":"Polygon","coordinates":[[[-73.9171,40.7613],[-73.9139,40.7598],[-73.9118,40.7624],[-73.915,40.7639],[-73.9171,40.7613]]]}},{"type":"Feature","properties":{"geoid":"36081015000","clusterId":"new-york-east"},"geometry":{"type":"Polygon","coordinates":[[[-73.8272,40.6924],[-73.8266,40.6912],[-73.8151,40.6944],[-73.8157,40.6956],[-73.8272,40.6924]]]}},{"type":"Feature","properties":{"geoid":"36081015100","clusterId":"new-york-central"},"geometry":{"type":"Polygon","coordinates":[[[-73.9139,40.7598],[-73.9099,40.7579],[-73.9078,40.7605],[-73.9118,40.7624],[-73.9139,40.7598]]]}},{"type":"Feature","properties":{"geoid":"36081015200","clusterId":"new-york-east"},"geometry":{"type":"Polygon","coordinates":[[[-73.8154,40.693],[-73.8152,40.6907],[-73.8107,40.6919],[-73.8137,40.6972],[-73.8162,40.6966],[-73.8154,40.693]]]}},{"type":"Feature","properties":{"geoid":"36081015300","clusterId":"new-york-central"},"geometry":{"type":"Polygon","coordinates":[[[-73.9166,40.7578],[-73.9126,40.756],[-73.9107,40.7583],[-73.9147,40.7602],[-73.9166,40.7578]]]}},{"type":"Feature","properties":{"geoid":"36081015400","clusterId":"new-york-east"},"geometry":{"type":"Polygon","coordinates":[[[-73.8266,40.6912],[-73.826,40.6899],[-73.8145,40.6932],[-73.8151,40.6944],[-73.8266,40.6912]]]}},{"type":"Feature","properties":{"geoid":"36081015500","clusterId":"new-york-central"},"geometry":{"type":"Polygon","coordinates":[[[-73.9217,40.7571],[-73.919,40.759],[-73.9166,40.7578],[-73.9147,40.7602],[-73.9171,40.7613],[-73.915,40.7639],[-73.9217,40.7571]]]}},{"type":"Feature","properties":{"geoid":"36081015600","clusterId":"new-york-east"},"geometry":{"type":"Polygon","coordinates":[[[-73.826,40.6899],[-73.825,40.688],[-73.8152,40.6907],[-73.8162,40.6927],[-73.826,40.6899]]]}},{"type":"Feature","properties":{"geoid":"36081015700","clusterId":"new-york-central"},"geometry":{"type":"Polygon","coordinates":[[[-73.9256,40.7521],[-73.9216,40.753],[-73.9182,40.7586],[-73.9217,40.7571],[-73.9256,40.7521]]]}},{"type":"Feature","properties":{"geoid":"36081015801","clusterId":"new-york-east"},"geometry":{"type":"Polygon","coordinates":[[[-73.8169,40.6903],[-73.815,40.6867],[-73.8125,40.6874],[-73.8116,40.6857],[-73.808,40.6871],[-73.8107,40.6919],[-73.8169,40.6903]]]}},{"type":"Feature","properties":{"geoid":"36081015802","clusterId":"new-york-east"},"geometry":{"type":"Polygon","coordinates":[[[-73.825,40.688],[-73.8215,40.6849],[-73.815,40.6867],[-73.8169,40.6903],[-73.825,40.688]]]}},{"type":"Feature","properties":{"geoid":"36081015900","clusterId":"new-york-central"},"geometry":{"type":"Polygon","coordinates":[[[-73.9205,40.7544],[-73.9216,40.753],[-73.9176,40.7539],[-73.915,40.7571],[-73.9182,40.7586],[-73.9205,40.7544]]]}},{"type":"Feature","properties":{"geoid":"36081016100","clusterId":"new-york-central"},"geometry":{"type":"Polygon","coordinates":[[[-73.9169,40.7548],[-73.9176,40.7539],[-73.9135,40.7535],[-73.9118,40.7556],[-73.915,40.7571],[-73.9169,40.7548]]]}},{"type":"Feature","properties":{"geoid":"36081016300","clusterId":"new-york-central"},"geometry":{"type":"Polygon","coordinates":[[[-73.9135,40.7535],[-73.91,40.7532],[-73.9063,40.7598],[-73.9078,40.7605],[-73.9107,40.7583],[-73.9135,40.7535]]]}},{"type":"Feature","properties":{"geoid":"36081016400","clusterId":"new-york-east"},"geometry":{"type":"Polygon","coordinates":[[[-73.8215,40.6849],[-73.8204,40.6828],[-73.8116,40.6857],[-73.8125,40.6874],[-73.8215,40.6849]]]}},{"type":"Feature","properties":{"geoid":"36081016600","clusterId":"new-york-east"},"geometry":{"type":"Polygon","coordinates":[[[-73.8233,40.6866],[-73.8192,40.6761],[-73.8171,40.6758],[-73.8233,40.6866]]]}},{"type":"Feature","properties":{"geoid":"36081016800","clusterId":"new-york-east"},"geometry":{"type":"Polygon","coordinates":[[[-73.8204,40.6828],[-73.8171,40.6758],[-73.8139,40.6755],[-73.8178,40.6835],[-73.8204,40.6828]]]}},{"type":"Feature","properties":{"geoid":"36081016900","clusterId":"new-york-central"},"geometry":{"type":"Polygon","coordinates":[[[-73.9187,40.7495],[-73.9175,40.7494],[-73.918,40.7466],[-73.9124,40.7459],[-73.9097,40.7498],[-73.9187,40.7495]]]}},{"type":"Feature","properties":{"geoid":"36081017000","clusterId":"new-york-east"},"geometry":{"type":"Polygon","coordinates":[[[-73.8178,40.6835],[-73.8169,40.6818],[-73.8067,40.6847],[-73.808,40.6871],[-73.8178,40.6835]]]}},{"type":"Feature","properties":{"geoid":"36081017102","clusterId":"new-york-central"},"geometry":{"type":"Polygon","coordinates":[[[-73.9361,40.7497],[-73.9316,40.7514],[-73.9223,40.7515],[-73.9206,40.7497],[-73.9098,40.7516],[-73.9105,40.753],[-73.9176,40.7539],[-73.9323,40.752],[-73.9361,40.7497]]]}},{"type":"Feature","properties":{"geoid":"36081017200","clusterId":"new-york-east"},"geometry":{"type":"Polygon","coordinates":[[[-73.8169,40.6818],[-73.8161,40.68],[-73.8059,40.6829],[-73.8067,40.6847],[-73.8169,40.6818]]]}},{"type":"Feature","properties":{"geoid":"36081017400","clusterId":"new-york-east"},"geometry":{"type":"Polygon","coordinates":[[[-73.8161,40.68],[-73.8152,40.6783],[-73.805,40.6811],[-73.8059,40.6829],[-73.8161,40.68]]]}},{"type":"Feature","properties":{"geoid":"36081017600","clusterId":"new-york-east"},"geometry":{"type":"Polygon","coordinates":[[[-73.8152,40.6783],[-73.8144,40.6765],[-73.8042,40.6794],[-73.805,40.6811],[-73.8152,40.6783]]]}},{"type":"Feature","properties":{"geoid":"36081017800","clusterId":"new-york-east"},"geometry":{"type":"Polygon","coordinates":[[[-73.8144,40.6765],[-73.8098,40.6751],[-73.8034,40.6776],[-73.8042,40.6794],[-73.8144,40.6765]]]}},{"type":"Feature","properties":{"geoid":"36081017901","clusterId":"new-york-central"},"geometry":{"type":"Polygon","coordinates":[[[-73.9271,40.744],[-73.9274,40.7421],[-73.9256,40.7419],[-73.9245,40.7473],[-73.9264,40.7476],[-73.9271,40.744]]]}},{"type":"Feature","properties":{"geoid":"36081018000","clusterId":"new-york-east"},"geometry":{"type":"Polygon","coordinates":[[[-73.81,40.6758],[-73.8018,40.6744],[-73.8034,40.6776],[-73.81,40.6758]]]}},{"type":"Feature","properties":{"geoid":"36081018101","clusterId":"new-york-central"},"geometry":{"type":"Polygon","coordinates":[[[-73.9252,40.7438],[-73.9256,40.7419],[-73.9237,40.7417],[-73.9227,40.7471],[-73.9245,40.7473],[-73.9252,40.7438]]]}},{"type":"Feature","properties":{"geoid":"36081018102","clusterId":"new-york-central"},"geometry":{"type":"Polygon","coordinates":[[[-73.9234,40.7435],[-73.9237,40.7417],[-73.9219,40.7415],[-73.9208,40.7469],[-73.9227,40.7471],[-73.9234,40.7435]]]}},{"type":"Feature","properties":{"geoid":"36081018200","clusterId":"new-york-east"},"geometry":{"type":"Polygon","coordinates":[[[-73.8031,40.6777],[-73.8018,40.6744],[-73.7947,40.6738],[-73.7982,40.6791],[-73.8031,40.6777]]]}},{"type":"Feature","properties":{"geoid":"36081018300","clusterId":"new-york-central"},"geometry":{"type":"Polygon","coordinates":[[[-73.9215,40.7433],[-73.9219,40.7415],[-73.9191,40.7412],[-73.9175,40.7494],[-73.9203,40.7492],[-73.9215,40.7433]]]}},{"type":"Feature","properties":{"geoid":"36081018401","clusterId":"new-york-east"},"geometry":{"type":"Polygon","coordinates":[[[-73.7959,40.6766],[-73.7947,40.6738],[-73.7869,40.6728],[-73.7911,40.6778],[-73.7959,40.6766]]]}},{"type":"Feature","properties":{"geoid":"36081018402","clusterId":"new-york-east"},"geometry":{"type":"Polygon","coordinates":[[[-73.7982,40.6791],[-73.7969,40.6765],[-73.7911,40.6778],[-73.7929,40.6826],[-73.7946,40.6821],[-73.7937,40.6802],[-73.7982,40.6791]]]}},{"type":"Feature","properties":{"geoid":"36081018501","clusterId":"new-york-central"},"geometry":{"type":"Polygon","coordinates":[[[-73.9251,40.7395],[-73.9254,40.7381],[-73.9198,40.7375],[-73.9195,40.7393],[-73.9251,40.7395]]]}},{"type":"Feature","properties":{"geoid":"36081018502","clusterId":"new-york-central"},"geometry":{"type":"Polygon","coordinates":[[[-73.9247,40.7418],[-73.925,40.74],[-73.9195,40.7393],[-73.9191,40.7412],[-73.9247,40.7418]]]}},{"type":"Feature","properties":{"geoid":"36081018600","clusterId":"new-york-east"},"geometry":{"type":"Polygon","coordinates":[[[-73.804,40.6795],[-73.8034,40.6776],[-73.7937,40.6802],[-73.7946,40.6821],[-73.804,40.6795]]]}},{"type":"Feature","properties":{"geoid":"36081018700","clusterId":"new-york-central"},"geometry":{"type":"Polygon","coordinates":[[[-73.9314,40.7369],[-73.9226,40.7343],[-73.9203,40.735],[-73.9198,40.7375],[-73.9276,40.7384],[-73.9314,40.7369]]]}},{"type":"Feature","properties":{"geoid":"36081018800","clusterId":"new-york-east"},"geometry":{"type":"Polygon","coordinates":[[[-73.8049,40.6812],[-73.8042,40.6794],[-73.7946,40.6821],[-73.7955,40.6839],[-73.8049,40.6812]]]}},{"type":"Feature","properties":{"geoid":"36081018900","clusterId":"new-york-central"},"geometry":{"type":"Polygon","coordinates":[[[-73.9311,40.7381],[-73.9254,40.7381],[-73.9247,40.7418],[-73.9302,40.7424],[-73.9311,40.7381]]]}},{"type":"Feature","properties":{"geoid":"36081019000","clusterId":"new-york-east"},"geometry":{"type":"Polygon","coordinates":[[[-73.7975,40.6879],[-73.7964,40.6836],[-73.7927,40.6826],[-73.7956,40.6887],[-73.7975,40.6879]]]}},{"type":"Feature","properties":{"geoid":"36081019200","clusterId":"new-york-east"},"geometry":{"type":"Polygon","coordinates":[[[-73.8057,40.683],[-73.805,40.6811],[-73.7964,40.6836],[-73.7983,40.6875],[-73.8,40.6868],[-73.799,40.6849],[-73.8057,40.683]]]}},{"type":"Feature","properties":{"geoid":"36081019400","clusterId":"new-york-east"},"geometry":{"type":"Polygon","coordinates":[[[-73.8078,40.6871],[-73.8059,40.6829],[-73.799,40.6849],[-73.7991,40.6872],[-73.8013,40.6887],[-73.8078,40.6871]]]}},{"type":"Feature","properties":{"geoid":"36081019600","clusterId":"new-york-east"},"geometry":{"type":"Polygon","coordinates":[[[-73.805,40.689],[-73.7991,40.6872],[-73.7956,40.6887],[-73.7988,40.6925],[-73.805,40.689]]]}},{"type":"Feature","properties":{"geoid":"36081019800","clusterId":"new-york-east"},"geometry":{"type":"Polygon","coordinates":[[[-73.8064,40.6909],[-73.805,40.689],[-73.7988,40.6925],[-73.8012,40.6953],[-73.8064,40.6909]]]}},{"type":"Feature","properties":{"geoid":"36081019901","clusterId":"new-york-central"},"geometry":{"type":"Polygon","coordinates":[[[-73.9388,40.7353],[-73.9374,40.7338],[-73.9299,40.7375],[-73.9311,40.7381],[-73.9302,40.7424],[-73.9349,40.743],[-73.9351,40.7375],[-73.9388,40.7353]]]}},{"type":"Feature","properties":{"geoid":"36081019902","clusterId":"new-york-central"},"geometry":{"type":"Polygon","coordinates":[[[-73.9471,40.7375],[-73.9422,40.7357],[-73.9375,40.7298],[-73.9291,40.7277],[-73.9275,40.7291],[-73.9316,40.7292],[-73.9388,40.7353],[-73.9351,40.7375],[-73.9349,40.743],[-73.9377,40.7433],[-73.9387,40.7382],[-73.9415,40.7392],[-73.9471,40.7375]]]}},{"type":"Feature","properties":{"geoid":"36081020200","clusterId":"new-york-east"},"geometry":{"type":"Polygon","coordinates":[[[-73.8105,40.692],[-73.808,40.6871],[-73.8041,40.6884],[-73.8089,40.6926],[-73.8105,40.692]]]}},{"type":"Feature","properties":{"geoid":"36081020400","clusterId":"new-york-east"},"geometry":{"type":"Polygon","coordinates":[[[-73.8089,40.6926],[-73.8064,40.6909],[-73.7975,40.6982],[-73.7993,40.6993],[-73.8024,40.6979],[-73.8089,40.6926]]]}},{"type":"Feature","properties":{"geoid":"36081020500","clusterId":"new-york-central"},"geometry":{"type":"Polygon","coordinates":[[[-73.9283,40.7283],[-73.9184,40.7259],[-73.9173,40.7314],[-73.919,40.732],[-73.9176,40.7353],[-73.924,40.7335],[-73.9283,40.7283]]]}},{"type":"Feature","properties":{"geoid":"36081020600","clusterId":"new-york-east"},"geometry":{"type":"Polygon","coordinates":[[[-73.8116,40.6954],[-73.8107,40.6919],[-73.8049,40.6959],[-73.8116,40.6954]]]}},{"type":"Feature","properties":{"geoid":"36081020800","clusterId":"new-york-east"},"geometry":{"type":"Polygon","coordinates":[[[-73.8142,40.6983],[-73.8119,40.694],[-73.8121,40.6953],[-73.8049,40.6959],[-73.7987,40.6997],[-73.8024,40.7019],[-73.8142,40.6983]]]}},{"type":"Feature","properties":{"geoid":"36081021200","clusterId":"new-york-east"},"geometry":{"type":"Polygon","coordinates":[[[-73.8163,40.7025],[-73.8144,40.6983],[-73.8041,40.7015],[-73.8163,40.7025]]]}},{"type":"Feature","properties":{"geoid":"36081021400","clusterId":"new-york-east"},"geometry":{"type":"Polygon","coordinates":[[[-73.8192,40.7084],[-73.8165,40.7025],[-73.8115,40.7023],[-73.8134,40.7097],[-73.8192,40.7084]]]}},{"type":"Feature","properties":{"geoid":"36081021601","clusterId":"new-york-east"},"geometry":{"type":"Polygon","coordinates":[[[-73.8309,40.7143],[-73.8278,40.7107],[-73.8249,40.7118],[-73.8207,40.7099],[-73.8257,40.7161],[-73.8309,40.7143]]]}},{"type":"Feature","properties":{"geoid":"36081021602","clusterId":"new-york-east"},"geometry":{"type":"Polygon","coordinates":[[[-73.8215,40.7037],[-73.8165,40.7025],[-73.8191,40.7067],[-73.8223,40.7055],[-73.8194,40.7039],[-73.8215,40.7037]]]}},{"type":"Feature","properties":{"geoid":"36081022001","clusterId":"new-york-east"},"geometry":{"type":"Polygon","coordinates":[[[-73.8257,40.7161],[-73.8192,40.7084],[-73.8164,40.7158],[-73.8257,40.7161]]]}},{"type":"Feature","properties":{"geoid":"36081022002","clusterId":"new-york-east"},"geometry":{"type":"Polygon","coordinates":[[[-73.8192,40.709],[-73.8142,40.711],[-73.8143,40.7127],[-73.8098,40.7128],[-73.8102,40.7157],[-73.8078,40.7159],[-73.8164,40.7159],[-73.8192,40.709]]]}},{"type":"Feature","properties":{"geoid":"36081023000","clusterId":"new-york-east"},"geometry":{"type":"Polygon","coordinates":[[[-73.8102,40.7157],[-73.808,40.7094],[-73.8055,40.7101],[-73.8078,40.7157],[-73.8102,40.7157]]]}},{"type":"Feature","properties":{"geoid":"36081023200","clusterId":"new-york-east"},"geometry":{"type":"Polygon","coordinates":[[[-73.8164,40.7099],[-73.8134,40.7097],[-73.812,40.7059],[-73.8069,40.7074],[-73.8098,40.7128],[-73.8143,40.7127],[-73.8142,40.711],[-73.8164,40.7099]]]}},{"type":"Feature","properties":{"geoid":"36081023501","clusterId":"new-york-central"},"geometry":{"type":"Polygon","coordinates":[[[-73.9203,40.7353],[-73.9169,40.7354],[-73.9157,40.7408],[-73.9195,40.7393],[-73.9203,40.7353]]]}},{"type":"Feature","properties":{"geoid":"36081023502","clusterId":"new-york-central"},"geometry":{"type":"Polygon","coordinates":[[[-73.9191,40.7412],[-73.9195,40.7393],[-73.9176,40.7391],[-73.9172,40.7409],[-73.9144,40.7406],[-73.9138,40.7424],[-73.9187,40.743],[-73.9191,40.7412]]]}},{"type":"Feature","properties":{"geoid":"36081023600","clusterId":"new-york-east"},"geometry":{"type":"Polygon","coordinates":[[[-73.808,40.7094],[-73.8056,40.7047],[-73.8017,40.7058],[-73.8055,40.7101],[-73.808,40.7094]]]}},{"type":"Feature","properties":{"geoid":"36081023800","clusterId":"new-york-east"},"geometry":{"type":"Polygon","coordinates":[[[-73.812,40.7059],[-73.8116,40.7031],[-73.8056,40.7047],[-73.8069,40.7074],[-73.812,40.7059]]]}},{"type":"Feature","properties":{"geoid":"36081024000","clusterId":"new-york-east"},"geometry":{"type":"Polygon","coordinates":[[[-73.8116,40.7031],[-73.8041,40.7015],[-73.7999,40.7025],[-73.8017,40.7058],[-73.8116,40.7031]]]}},{"type":"Feature","properties":{"geoid":"36081024300","clusterId":"new-york-central"},"geometry":{"type":"Polygon","coordinates":[[[-73.9102,40.7343],[-73.9066,40.7328],[-73.9052,40.7359],[-73.9011,40.7339],[-73.896,40.735],[-73.8958,40.7405],[-73.8991,40.7407],[-73.9093,40.7363],[-73.9102,40.7343]]]}},{"type":"Feature","properties":{"geoid":"36081024500","clusterId":"new-york-central"},"geometry":{"type":"Polygon","coordinates":[[[-73.9093,40.7364],[-73.8991,40.7407],[-73.9076,40.7417],[-73.9093,40.7364]]]}},{"type":"Feature","properties":{"geoid":"36081024700","clusterId":"new-york-central"},"geometry":{"type":"Polygon","coordinates":[[[-73.9015,40.7413],[-73.899,40.7406],[-73.8965,40.7429],[-73.9014,40.7443],[-73.9015,40.7413]]]}},{"type":"Feature","properties":{"geoid":"36081024900","clusterId":"new-york-central"},"geometry":{"type":"Polygon","coordinates":[[[-73.9075,40.742],[-73.9017,40.741],[-73.9009,40.7434],[-73.9064,40.7456],[-73.9075,40.742]]]}},{"type":"Feature","properties":{"geoid":"36081025100","clusterId":"new-york-central"},"geometry":{"type":"Polygon","coordinates":[[[-73.9124,40.7463],[-73.9112,40.7458],[-73.912,40.7422],[-73.9076,40.7417],[-73.9064,40.7456],[-73.9116,40.7487],[-73.9124,40.7463]]]}},{"type":"Feature","properties":{"geoid":"36081025301","clusterId":"new-york-central"},"geometry":{"type":"Polygon","coordinates":[[[-73.9187,40.7433],[-73.915,40.7426],[-73.9143,40.7461],[-73.918,40.7466],[-73.9187,40.7433]]]}},{"type":"Feature","properties":{"geoid":"36081025302","clusterId":"new-york-central"},"geometry":{"type":"Polygon","coordinates":[[[-73.9149,40.7429],[-73.912,40.7422],[-73.9112,40.7458],[-73.9143,40.7461],[-73.9149,40.7429]]]}},{"type":"Feature","properties":{"geoid":"36081025401","clusterId":"new-york-east"},"geometry":{"type":"Polygon","coordinates":[[[-73.8011,40.6954],[-73.798,40.6916],[-73.7936,40.6935],[-73.7975,40.6982],[-73.8011,40.6954]]]}},{"type":"Feature","properties":{"geoid":"36081025402","clusterId":"new-york-east"},"geometry":{"type":"Polygon","coordinates":[[[-73.7972,40.6984],[-73.7936,40.6935],[-73.791,40.6946],[-73.7922,40.6962],[-73.7869,40.6984],[-73.7912,40.7023],[-73.7972,40.6984]]]}},{"type":"Feature","properties":{"geoid":"36081025500","clusterId":"new-york-central"},"geometry":{"type":"Polygon","coordinates":[[[-73.9102,40.753],[-73.9102,40.7482],[-73.9081,40.7462],[-73.9049,40.7535],[-73.9102,40.753]]]}},{"type":"Feature","properties":{"geoid":"36081025700","clusterId":"new-york-central"},"geometry":{"type":"Polygon","coordinates":[[[-73.9081,40.7462],[-73.9064,40.7456],[-73.9036,40.7518],[-73.9022,40.7519],[-73.9025,40.7538],[-73.9049,40.7535],[-73.9081,40.7462]]]}},{"type":"Feature","properties":{"geoid":"36081025800","clusterId":"new-york-east"},"geometry":{"type":"Polygon","coordinates":[[[-73.7904,40.6969],[-73.7889,40.6934],[-73.7828,40.696],[-73.7869,40.6984],[-73.7904,40.6969]]]}},{"type":"Feature","properties":{"geoid":"36081025900","clusterId":"new-york-central"},"geometry":{"type":"Polygon","coordinates":[[[-73.9064,40.7456],[-73.9037,40.7449],[-73.9009,40.7521],[-73.9036,40.7518],[-73.9064,40.7456]]]}},{"type":"Feature","properties":{"geoid":"36081026000","clusterId":"new-york-east"},"geometry":{"type":"Polygon","coordinates":[[[-73.7978,40.6917],[-73.7966,40.6899],[-73.7889,40.6934],[-73.7912,40.6966],[-73.791,40.6946],[-73.7978,40.6917]]]}},{"type":"Feature","properties":{"geoid":"36081026100","clusterId":"new-york-central"},"geometry":{"type":"Polygon","coordinates":[[[-73.9034,40.7456],[-73.9,40.7438],[-73.8976,40.7493],[-73.9011,40.7508],[-73.9034,40.7456]]]}},{"type":"Feature","properties":{"geoid":"36081026200","clusterId":"new-york-east"},"geometry":{"type":"Polygon","coordinates":[[[-73.7966,40.6899],[-73.7956,40.6887],[-73.7878,40.6918],[-73.7889,40.6934],[-73.7966,40.6899]]]}},{"type":"Feature","properties":{"geoid":"36081026300","clusterId":"new-york-central"},"geometry":{"type":"Polygon","coordinates":[[[-73.9,40.7438],[-73.8953,40.7439],[-73.8944,40.7465],[-73.8957,40.7485],[-73.8976,40.7493],[-73.9,40.7438]]]}},{"type":"Feature","properties":{"geoid":"36081026400","clusterId":"new-york-east"},"geometry":{"type":"Polygon","coordinates":[[[-73.7898,40.691],[-73.7864,40.6888],[-73.7833,40.69],[-73.7853,40.6929],[-73.7815,40.6945],[-73.7828,40.696],[-73.7889,40.6934],[-73.7878,40.6918],[-73.7898,40.691]]]}},{"type":"Feature","properties":{"geoid":"36081026501","clusterId":"new-york-central"},"geometry":{"type":"Polygon","coordinates":[[[-73.8953,40.7483],[-73.8922,40.7429],[-73.8907,40.7431],[-73.8914,40.7468],[-73.8953,40.7483]]]}},{"type":"Feature","properties":{"geoid":"36081026502","clusterId":"new-york-central"},"geometry":{"type":"Polygon","coordinates":[[[-73.8965,40.7429],[-73.8922,40.7429],[-73.8944,40.7465],[-73.8965,40.7429]]]}},{"type":"Feature","properties":{"geoid":"36081026600","clusterId":"new-york-east"},"geometry":{"type":"Polygon","coordinates":[[[-73.7853,40.6929],[-73.7833,40.69],[-73.7808,40.691],[-73.7798,40.6893],[-73.7779,40.6899],[-73.7815,40.6945],[-73.7853,40.6929]]]}},{"type":"Feature","properties":{"geoid":"36081026700","clusterId":"new-york-central"},"geometry":{"type":"Polygon","coordinates":[[[-73.8914,40.7468],[-73.8907,40.7431],[-73.8854,40.7438],[-73.8838,40.7459],[-73.8855,40.7458],[-73.8858,40.7474],[-73.8914,40.7468]]]}},{"type":"Feature","properties":{"geoid":"36081026901","clusterId":"new-york-central"},"geometry":{"type":"Polygon","coordinates":[[[-73.8858,40.7474],[-73.8855,40.7458],[-73.8807,40.7452],[-73.8784,40.7482],[-73.8858,40.7474]]]}},{"type":"Feature","properties":{"geoid":"36081026902","clusterId":"new-york-central"},"geometry":{"type":"Polygon","coordinates":[[[-73.8851,40.744],[-73.8826,40.7428],[-73.8807,40.7452],[-73.8834,40.7464],[-73.8851,40.744]]]}},{"type":"Feature","properties":{"geoid":"36081027000","clusterId":"new-york-east"},"geometry":{"type":"Polygon","coordinates":[[[-73.7956,40.6887],[-73.7939,40.6863],[-73.7864,40.6888],[-73.7898,40.691],[-73.7956,40.6887]]]}},{"type":"Feature","properties":{"geoid":"36081027101","clusterId":"new-york-central"},"geometry":{"type":"Polygon","coordinates":[[[-73.8821,40.7435],[-73.881,40.7418],[-73.8779,40.7456],[-73.8798,40.7464],[-73.8821,40.7435]]]}},{"type":"Feature","properties":{"geoid":"36081027102","clusterId":"new-york-central"},"geometry":{"type":"Polygon","coordinates":[[[-73.8794,40.747],[-73.8779,40.7456],[-73.8763,40.7484],[-73.8794,40.747]]]}},{"type":"Feature","properties":{"geoid":"36081027200","clusterId":"new-york-east"},"geometry":{"type":"Polygon","coordinates":[[[-73.7939,40.6863],[-73.7921,40.6805],[-73.7884,40.682],[-73.7921,40.687],[-73.7939,40.6863]]]}},{"type":"Feature","properties":{"geoid":"36081027301","clusterId":"new-york-central"},"geometry":{"type":"Polygon","coordinates":[[[-73.8745,40.7529],[-73.8737,40.7487],[-73.8694,40.7492],[-73.8708,40.7515],[-73.8731,40.7507],[-73.8745,40.7529]]]}},{"type":"Feature","properties":{"geoid":"36081027302","clusterId":"new-york-central"},"geometry":{"type":"Polygon","coordinates":[[[-73.8751,40.7566],[-73.8731,40.7507],[-73.8708,40.7515],[-73.8737,40.7568],[-73.8751,40.7566]]]}},{"type":"Feature","properties":{"geoid":"36081027400","clusterId":"new-york-east"},"geometry":{"type":"Polygon","coordinates":[[[-73.7921,40.687],[-73.7884,40.682],[-73.7861,40.683],[-73.7865,40.6851],[-73.7904,40.6878],[-73.7921,40.687]]]}},{"type":"Feature","properties":{"geoid":"36081027500","clusterId":"new-york-central"},"geometry":{"type":"Polygon","coordinates":[[[-73.8772,40.7526],[-73.8765,40.7484],[-73.8737,40.7487],[-73.8751,40.7566],[-73.877,40.7564],[-73.8772,40.7526]]]}},{"type":"Feature","properties":{"geoid":"36081027600","clusterId":"new-york-east"},"geometry":{"type":"Polygon","coordinates":[[[-73.7904,40.6878],[-73.7865,40.6851],[-73.7823,40.6884],[-73.7833,40.69],[-73.7904,40.6878]]]}},{"type":"Feature","properties":{"geoid":"36081027701","clusterId":"new-york-central"},"geometry":{"type":"Polygon","coordinates":[[[-73.8791,40.7524],[-73.8784,40.7482],[-73.8765,40.7484],[-73.8772,40.7526],[-73.8791,40.7524]]]}},{"type":"Feature","properties":{"geoid":"36081027702","clusterId":"new-york-central"},"geometry":{"type":"Polygon","coordinates":[[[-73.8798,40.7561],[-73.8791,40.7524],[-73.8763,40.7527],[-73.877,40.7564],[-73.8798,40.7561]]]}},{"type":"Feature","properties":{"geoid":"36081027800","clusterId":"new-york-east"},"geometry":{"type":"Polygon","coordinates":[[[-73.7865,40.6851],[-73.7847,40.6837],[-73.7797,40.6854],[-73.7815,40.6887],[-73.7849,40.6875],[-73.7865,40.6851]]]}},{"type":"Feature","properties":{"geoid":"36081027900","clusterId":"new-york-central"},"geometry":{"type":"Polygon","coordinates":[[[-73.8819,40.7521],[-73.8811,40.7479],[-73.8784,40.7482],[-73.8798,40.7561],[-73.8816,40.756],[-73.8819,40.7521]]]}},{"type":"Feature","properties":{"geoid":"36081028000","clusterId":"new-york-east"},"geometry":{"type":"Polygon","coordinates":[[[-73.7824,40.6903],[-73.7797,40.6854],[-73.777,40.6863],[-73.7779,40.6899],[-73.7824,40.6903]]]}},{"type":"Feature","properties":{"geoid":"36081028100","clusterId":"new-york-central"},"geometry":{"type":"Polygon","coordinates":[[[-73.8843,40.7557],[-73.883,40.7477],[-73.8811,40.7479],[-73.8816,40.756],[-73.8843,40.7557]]]}},{"type":"Feature","properties":{"geoid":"36081028200","clusterId":"new-york-east"},"geometry":{"type":"Polygon","coordinates":[[[-73.7771,40.6882],[-73.7763,40.6852],[-73.7722,40.6816],[-73.7701,40.6831],[-73.7771,40.6882]]]}},{"type":"Feature","properties":{"geoid":"36081028300","clusterId":"new-york-central"},"geometry":{"type":"Polygon","coordinates":[[[-73.8865,40.7516],[-73.8858,40.7474],[-73.883,40.7477],[-73.8844,40.7557],[-73.8863,40.7555],[-73.8865,40.7516]]]}},{"type":"Feature","properties":{"geoid":"36081028400","clusterId":"new-york-east"},"geometry":{"type":"Polygon","coordinates":[[[-73.783,40.6843],[-73.7795,40.6784],[-73.7722,40.6816],[-73.777,40.6863],[-73.783,40.6843]]]}},{"type":"Feature","properties":{"geoid":"36081028500","clusterId":"new-york-central"},"geometry":{"type":"Polygon","coordinates":[[[-73.8888,40.7533],[-73.8876,40.7472],[-73.8858,40.7474],[-73.8863,40.7555],[-73.8882,40.7553],[-73.8888,40.7533]]]}},{"type":"Feature","properties":{"geoid":"36081028700","clusterId":"new-york-central"},"geometry":{"type":"Polygon","coordinates":[[[-73.8912,40.7511],[-73.8905,40.7469],[-73.8876,40.7472],[-73.8882,40.7553],[-73.8909,40.755],[-73.8912,40.7511]]]}},{"type":"Feature","properties":{"geoid":"36081028801","clusterId":"new-york-east"},"geometry":{"type":"Polygon","coordinates":[[[-73.7921,40.6805],[-73.7899,40.6752],[-73.787,40.6751],[-73.7884,40.682],[-73.7921,40.6805]]]}},{"type":"Feature","properties":{"geoid":"36081028802","clusterId":"new-york-east"},"geometry":{"type":"Polygon","coordinates":[[[-73.7849,40.6829],[-73.7841,40.678],[-73.7824,40.6785],[-73.7816,40.6769],[-73.7795,40.6784],[-73.783,40.6843],[-73.7849,40.6829]]]}},{"type":"Feature","properties":{"geoid":"36081028900","clusterId":"new-york-central"},"geometry":{"type":"Polygon","coordinates":[[[-73.8937,40.7547],[-73.8924,40.7471],[-73.8905,40.7469],[-73.8909,40.755],[-73.8937,40.7547]]]}},{"type":"Feature","properties":{"geoid":"36081029100","clusterId":"new-york-central"},"geometry":{"type":"Polygon","coordinates":[[[-73.8985,40.7542],[-73.8964,40.7488],[-73.8924,40.7471],[-73.8937,40.7547],[-73.8985,40.7542]]]}},{"type":"Feature","properties":{"geoid":"36081029300","clusterId":"new-york-central"},"geometry":{"type":"Polygon","coordinates":[[[-73.9025,40.7538],[-73.9011,40.7508],[-73.8964,40.7488],[-73.8987,40.7542],[-73.9025,40.7538]]]}},{"type":"Feature","properties":{"geoid":"36081029400","clusterId":"new-york-east"},"geometry":{"type":"Polygon","coordinates":[[[-73.7892,40.6683],[-73.7894,40.6668],[-73.7715,40.668],[-73.7795,40.6784],[-73.7858,40.6724],[-73.7881,40.673],[-73.7892,40.6683]]]}},{"type":"Feature","properties":{"geoid":"36081029500","clusterId":"new-york-central"},"geometry":{"type":"Polygon","coordinates":[[[-73.91,40.7532],[-73.9049,40.7535],[-73.9046,40.7595],[-73.9063,40.7598],[-73.91,40.7532]]]}},{"type":"Feature","properties":{"geoid":"36081029700","clusterId":"new-york-central"},"geometry":{"type":"Polygon","coordinates":[[[-73.9078,40.7605],[-73.9046,40.7595],[-73.9049,40.7535],[-73.8986,40.7543],[-73.8997,40.7574],[-73.8986,40.7599],[-73.9016,40.7596],[-73.9035,40.7658],[-73.9078,40.7605]]]}},{"type":"Feature","properties":{"geoid":"36081030600","clusterId":"new-york-east"},"geometry":{"type":"Polygon","coordinates":[[[-73.802,40.6659],[-73.7851,40.6634],[-73.7738,40.6597],[-73.7714,40.6606],[-73.7668,40.6674],[-73.802,40.6659]]]}},{"type":"Feature","properties":{"geoid":"36081030903","clusterId":"new-york-central"},"geometry":{"type":"Polygon","coordinates":[[[-73.8938,40.7604],[-73.8928,40.7548],[-73.8863,40.7555],[-73.8873,40.7611],[-73.8938,40.7604]]]}},{"type":"Feature","properties":{"geoid":"36081030904","clusterId":"new-york-central"},"geometry":{"type":"Polygon","coordinates":[[[-73.8973,40.762],[-73.8932,40.7624],[-73.8929,40.7605],[-73.8864,40.7612],[-73.8877,40.7669],[-73.894,40.7664],[-73.8973,40.762]]]}},{"type":"Feature","properties":{"geoid":"36081030905","clusterId":"new-york-central"},"geometry":{"type":"Polygon","coordinates":[[[-73.8997,40.758],[-73.8935,40.7585],[-73.8932,40.7624],[-73.8973,40.762],[-73.8997,40.758]]]}},{"type":"Feature","properties":{"geoid":"36081030906","clusterId":"new-york-central"},"geometry":{"type":"Polygon","coordinates":[[[-73.8997,40.7574],[-73.8987,40.7542],[-73.8928,40.7548],[-73.8935,40.7585],[-73.8997,40.7574]]]}},{"type":"Feature","properties":{"geoid":"36081031700","clusterId":"new-york-central"},"geometry":{"type":"Polygon","coordinates":[[[-73.9005,40.7673],[-73.8909,40.7659],[-73.8877,40.7669],[-73.8901,40.7778],[-73.8914,40.7763],[-73.8942,40.7782],[-73.8966,40.7762],[-73.8929,40.7738],[-73.9005,40.7673]]]}},{"type":"Feature","properties":{"geoid":"36081032000","clusterId":"new-york-east"},"geometry":{"type":"Polygon","coordinates":[[[-73.7738,40.6597],[-73.7644,40.6546],[-73.7601,40.6578],[-73.7609,40.6615],[-73.7576,40.6665],[-73.7668,40.6674],[-73.7714,40.6606],[-73.7738,40.6597]]]}},{"type":"Feature","properties":{"geoid":"36081032700","clusterId":"new-york-central"},"geometry":{"type":"Polygon","coordinates":[[[-73.8873,40.7611],[-73.8863,40.7555],[-73.8835,40.7558],[-73.8845,40.7614],[-73.8873,40.7611]]]}},{"type":"Feature","properties":{"geoid":"36081032800","clusterId":"new-york-east"},"geometry":{"type":"Polygon","coordinates":[[[-73.7595,40.6754],[-73.7586,40.6726],[-73.7564,40.6724],[-73.7576,40.6665],[-73.7553,40.6664],[-73.7528,40.6704],[-73.7509,40.6697],[-73.7557,40.6762],[-73.7595,40.6754]]]}},{"type":"Feature","properties":{"geoid":"36081032900","clusterId":"new-york-central"},"geometry":{"type":"Polygon","coordinates":[[[-73.8876,40.7663],[-73.8864,40.7612],[-73.878,40.7618],[-73.8791,40.7678],[-73.8876,40.7663]]]}},{"type":"Feature","properties":{"geoid":"36081033000","clusterId":"new-york-east"},"geometry":{"type":"Polygon","coordinates":[[[-73.7737,40.6721],[-73.7715,40.668],[-73.7576,40.6665],[-73.7564,40.6697],[-73.7564,40.6724],[-73.7586,40.6726],[-73.7603,40.6751],[-73.7637,40.6747],[-73.7647,40.6713],[-73.7737,40.6721]]]}},{"type":"Feature","properties":{"geoid":"36081033401","clusterId":"new-york-east"},"geometry":{"type":"Polygon","coordinates":[[[-73.7741,40.6808],[-73.7638,40.6738],[-73.7616,40.6797],[-73.7697,40.6838],[-73.7741,40.6808]]]}},{"type":"Feature","properties":{"geoid":"36081033403","clusterId":"new-york-east"},"geometry":{"type":"Polygon","coordinates":[[[-73.7795,40.6784],[-73.7757,40.6734],[-73.772,40.6788],[-73.7747,40.6805],[-73.7795,40.6784]]]}},{"type":"Feature","properties":{"geoid":"36081033404","clusterId":"new-york-east"},"geometry":{"type":"Polygon","coordinates":[[[-73.7755,40.6737],[-73.7745,40.6718],[-73.7695,40.6728],[-73.7706,40.6754],[-73.7692,40.6771],[-73.772,40.6788],[-73.7755,40.6737]]]}},{"type":"Feature","properties":{"geoid":"36081033405","clusterId":"new-york-east"},"geometry":{"type":"Polygon","coordinates":[[[-73.7712,40.6725],[-73.771,40.6709],[-73.7647,40.6713],[-73.7638,40.6738],[-73.7692,40.6771],[-73.7706,40.6754],[-73.7695,40.6728],[-73.7712,40.6725]]]}},{"type":"Feature","properties":{"geoid":"36081033700","clusterId":"new-york-central"},"geometry":{"type":"Polygon","coordinates":[[[-73.8845,40.7614],[-73.8835,40.7558],[-73.8807,40.756],[-73.8817,40.7617],[-73.8845,40.7614]]]}},{"type":"Feature","properties":{"geoid":"36081033900","clusterId":"new-york-central"},"geometry":{"type":"Polygon","coordinates":[[[-73.8817,40.7617],[-73.8807,40.756],[-73.8779,40.7563],[-73.879,40.762],[-73.8817,40.7617]]]}},{"type":"Feature","properties":{"geoid":"36081034700","clusterId":"new-york-central"},"geometry":{"type":"Polygon","coordinates":[[[-73.8877,40.7669],[-73.8791,40.7678],[-73.878,40.7618],[-73.875,40.7613],[-73.8761,40.7716],[-73.8877,40.7669]]]}},{"type":"Feature","properties":{"geoid":"36081035100","clusterId":"new-york-central"},"geometry":{"type":"Polygon","coordinates":[[[-73.879,40.762],[-73.8779,40.7563],[-73.8751,40.7566],[-73.876,40.7614],[-73.879,40.762]]]}},{"type":"Feature","properties":{"geoid":"36081035200","clusterId":"new-york-east"},"geometry":{"type":"Polygon","coordinates":[[[-73.7636,40.6754],[-73.7625,40.6742],[-73.7558,40.6759],[-73.751,40.6842],[-73.7533,40.685],[-73.7586,40.681],[-73.7605,40.6833],[-73.7636,40.6754]]]}},{"type":"Feature","properties":{"geoid":"36081035300","clusterId":"new-york-central"},"geometry":{"type":"Polygon","coordinates":[[[-73.876,40.7614],[-73.8751,40.7566],[-73.8722,40.7569],[-73.8733,40.7627],[-73.8753,40.763],[-73.875,40.7613],[-73.876,40.7614]]]}},{"type":"Feature","properties":{"geoid":"36081035700","clusterId":"new-york-central"},"geometry":{"type":"Polygon","coordinates":[[[-73.8764,40.769],[-73.8755,40.7642],[-73.8631,40.7663],[-73.8713,40.7716],[-73.8761,40.7716],[-73.8764,40.769]]]}},{"type":"Feature","properties":{"geoid":"36081035800","clusterId":"new-york-east"},"geometry":{"type":"Polygon","coordinates":[[[-73.7555,40.6766],[-73.7508,40.6698],[-73.7456,40.6779],[-73.7532,40.6801],[-73.7555,40.6766]]]}},{"type":"Feature","properties":{"geoid":"36081036100","clusterId":"new-york-central"},"geometry":{"type":"Polygon","coordinates":[[[-73.8755,40.7642],[-73.8733,40.7627],[-73.8722,40.7569],[-73.8704,40.7571],[-73.8718,40.7646],[-73.8755,40.7642]]]}},{"type":"Feature","properties":{"geoid":"36081036300","clusterId":"new-york-central"},"geometry":{"type":"Polygon","coordinates":[[[-73.8714,40.7623],[-73.8704,40.7571],[-73.8675,40.7574],[-73.8683,40.7618],[-73.8714,40.7623]]]}},{"type":"Feature","properties":{"geoid":"36081036500","clusterId":"new-york-central"},"geometry":{"type":"Polygon","coordinates":[[[-73.8683,40.7618],[-73.8675,40.7574],[-73.8628,40.7578],[-73.8634,40.761],[-73.8683,40.7618]]]}},{"type":"Feature","properties":{"geoid":"36081036600","clusterId":"new-york-east"},"geometry":{"type":"Polygon","coordinates":[[[-73.7659,40.6826],[-73.7616,40.6797],[-73.7604,40.6834],[-73.7624,40.6917],[-73.7662,40.6922],[-73.7634,40.6857],[-73.7659,40.6826]]]}},{"type":"Feature","properties":{"geoid":"36081036700","clusterId":"new-york-central"},"geometry":{"type":"Polygon","coordinates":[[[-73.8718,40.7646],[-73.8714,40.7623],[-73.8635,40.7616],[-73.8675,40.7657],[-73.8718,40.7646]]]}},{"type":"Feature","properties":{"geoid":"36081036800","clusterId":"new-york-east"},"geometry":{"type":"Polygon","coordinates":[[[-73.7697,40.6843],[-73.7663,40.682],[-73.7634,40.6857],[-73.7648,40.6888],[-73.7697,40.6843]]]}},{"type":"Feature","properties":{"geoid":"36081037100","clusterId":"new-york-central"},"geometry":{"type":"Polygon","coordinates":[[[-73.8668,40.7661],[-73.8635,40.7616],[-73.8598,40.7618],[-73.8631,40.7663],[-73.8668,40.7661]]]}},{"type":"Feature","properties":{"geoid":"36081037300","clusterId":"new-york-central"},"geometry":{"type":"Polygon","coordinates":[[[-73.8642,40.7612],[-73.8628,40.7578],[-73.8546,40.7585],[-73.8616,40.7626],[-73.8642,40.7612]]]}},{"type":"Feature","properties":{"geoid":"36081037501","clusterId":"new-york-central"},"geometry":{"type":"Polygon","coordinates":[[[-73.8694,40.7492],[-73.8679,40.7449],[-73.8661,40.7455],[-73.8694,40.7492]]]}},{"type":"Feature","properties":{"geoid":"36081037502","clusterId":"new-york-central"},"geometry":{"type":"Polygon","coordinates":[[[-73.8731,40.7569],[-73.8685,40.7493],[-73.8713,40.757],[-73.8731,40.7569]]]}},{"type":"Feature","properties":{"geoid":"36081037600","clusterId":"new-york-east"},"geometry":{"type":"Polygon","coordinates":[[[-73.7607,40.6851],[-73.7586,40.681],[-73.7533,40.685],[-73.751,40.6842],[-73.7472,40.6897],[-73.7487,40.6893],[-73.7517,40.6946],[-73.7551,40.6937],[-73.7538,40.691],[-73.7588,40.6912],[-73.7561,40.6868],[-73.7607,40.6851]]]}},{"type":"Feature","properties":{"geoid":"36081037700","clusterId":"new-york-central"},"geometry":{"type":"Polygon","coordinates":[[[-73.8713,40.757],[-73.8707,40.7536],[-73.866,40.7545],[-73.8666,40.7575],[-73.8713,40.757]]]}},{"type":"Feature","properties":{"geoid":"36081037900","clusterId":"new-york-central"},"geometry":{"type":"Polygon","coordinates":[[[-73.8669,40.7544],[-73.8663,40.7528],[-73.8612,40.7539],[-73.8619,40.7578],[-73.8666,40.7575],[-73.8669,40.7544]]]}},{"type":"Feature","properties":{"geoid":"36081038100","clusterId":"new-york-central"},"geometry":{"type":"Polygon","coordinates":[[[-73.8619,40.7578],[-73.8612,40.7539],[-73.8531,40.7551],[-73.8546,40.7585],[-73.8619,40.7578]]]}},{"type":"Feature","properties":{"geoid":"36081038400","clusterId":"new-york-east"},"geometry":{"type":"Polygon","coordinates":[[[-73.7513,40.6947],[-73.7487,40.6893],[-73.7436,40.6962],[-73.7513,40.6947]]]}},{"type":"Feature","properties":{"geoid":"36081039400","clusterId":"new-york-east"},"geometry":{"type":"Polygon","coordinates":[[[-73.7624,40.6917],[-73.7607,40.6851],[-73.7561,40.6868],[-73.7588,40.6912],[-73.7538,40.691],[-73.7551,40.6937],[-73.7624,40.6917]]]}},{"type":"Feature","properties":{"geoid":"36081039800","clusterId":"new-york-east"},"geometry":{"type":"Polygon","coordinates":[[[-73.7688,40.6969],[-73.7654,40.6921],[-73.7624,40.6917],[-73.7616,40.6959],[-73.7688,40.6969]]]}},{"type":"Feature","properties":{"geoid":"36081039901","clusterId":"new-york-central"},"geometry":{"type":"Polygon","coordinates":[[[-73.8558,40.7516],[-73.8544,40.7488],[-73.8509,40.75],[-73.8522,40.7527],[-73.8558,40.7516]]]}},{"type":"Feature","properties":{"geoid":"36081039902","clusterId":"new-york-central"},"geometry":{"type":"Polygon","coordinates":[[[-73.8558,40.7544],[-73.8546,40.752],[-73.8522,40.7527],[-73.8531,40.7551],[-73.8558,40.7544]]]}},{"type":"Feature","properties":{"geoid":"36081040000","clusterId":"new-york-east"},"geometry":{"type":"Polygon","coordinates":[[[-73.7686,40.697],[-73.7616,40.6959],[-73.7651,40.7014],[-73.7686,40.697]]]}},{"type":"Feature","properties":{"geoid":"36081040101","clusterId":"new-york-central"},"geometry":{"type":"Polygon","coordinates":[[[-73.8588,40.7507],[-73.8573,40.7479],[-73.8544,40.7488],[-73.8558,40.7516],[-73.8588,40.7507]]]}},{"type":"Feature","properties":{"geoid":"36081040102","clusterId":"new-york-central"},"geometry":{"type":"Polygon","coordinates":[[[-73.8603,40.7539],[-73.8588,40.7507],[-73.8546,40.752],[-73.8558,40.7544],[-73.8603,40.7539]]]}},{"type":"Feature","properties":{"geoid":"36081040200","clusterId":"new-york-east"},"geometry":{"type":"Polygon","coordinates":[[[-73.7723,40.7006],[-73.7693,40.6967],[-73.7651,40.7014],[-73.767,40.7031],[-73.7723,40.7006]]]}},{"type":"Feature","properties":{"geoid":"36081040301","clusterId":"new-york-central"},"geometry":{"type":"Polygon","coordinates":[[[-73.8618,40.75],[-73.8603,40.7471],[-73.8573,40.7479],[-73.8588,40.7507],[-73.8618,40.75]]]}},{"type":"Feature","properties":{"geoid":"36081040302","clusterId":"new-york-central"},"geometry":{"type":"Polygon","coordinates":[[[-73.8636,40.7535],[-73.8618,40.75],[-73.8588,40.7507],[-73.8604,40.7539],[-73.8636,40.7535]]]}},{"type":"Feature","properties":{"geoid":"36081040400","clusterId":"new-york-east"},"geometry":{"type":"Polygon","coordinates":[[[-73.7755,40.7064],[-73.7723,40.7006],[-73.7666,40.7028],[-73.7684,40.7096],[-73.7755,40.7064]]]}},{"type":"Feature","properties":{"geoid":"36081040501","clusterId":"new-york-central"},"geometry":{"type":"Polygon","coordinates":[[[-73.8642,40.7497],[-73.8625,40.7465],[-73.8603,40.7472],[-73.8618,40.75],[-73.8642,40.7497]]]}},{"type":"Feature","properties":{"geoid":"36081040502","clusterId":"new-york-central"},"geometry":{"type":"Polygon","coordinates":[[[-73.8644,40.7533],[-73.864,40.7504],[-73.8618,40.75],[-73.8644,40.7533]]]}},{"type":"Feature","properties":{"geoid":"36081040701","clusterId":"new-york-central"},"geometry":{"type":"Polygon","coordinates":[[[-73.8666,40.7495],[-73.8649,40.7465],[-73.8625,40.7465],[-73.8642,40.7497],[-73.8666,40.7495]]]}},{"type":"Feature","properties":{"geoid":"36081040702","clusterId":"new-york-central"},"geometry":{"type":"Polygon","coordinates":[[[-73.8689,40.7539],[-73.8666,40.7495],[-73.8627,40.7499],[-73.8669,40.7544],[-73.8689,40.7539]]]}},{"type":"Feature","properties":{"geoid":"36081040901","clusterId":"new-york-central"},"geometry":{"type":"Polygon","coordinates":[[[-73.8685,40.7493],[-73.8661,40.7455],[-73.8641,40.7461],[-73.8666,40.7495],[-73.8685,40.7493]]]}},{"type":"Feature","properties":{"geoid":"36081040902","clusterId":"new-york-central"},"geometry":{"type":"Polygon","coordinates":[[[-73.8707,40.7536],[-73.8685,40.7493],[-73.8666,40.7495],[-73.8689,40.7539],[-73.8707,40.7536]]]}},{"type":"Feature","properties":{"geoid":"36081041100","clusterId":"new-york-central"},"geometry":{"type":"Polygon","coordinates":[[[-73.8679,40.7449],[-73.8676,40.7417],[-73.8624,40.7429],[-73.8641,40.7461],[-73.8679,40.7449]]]}},{"type":"Feature","properties":{"geoid":"36081041300","clusterId":"new-york-central"},"geometry":{"type":"Polygon","coordinates":[[[-73.8644,40.7452],[-73.8612,40.742],[-73.8588,40.7433],[-73.8603,40.7472],[-73.8644,40.7452]]]}},{"type":"Feature","properties":{"geoid":"36081041400","clusterId":"new-york-east"},"geometry":{"type":"Polygon","coordinates":[[[-73.7884,40.6997],[-73.7828,40.696],[-73.774,40.6998],[-73.7778,40.7032],[-73.7884,40.6997]]]}},{"type":"Feature","properties":{"geoid":"36081041500","clusterId":"new-york-central"},"geometry":{"type":"Polygon","coordinates":[[[-73.8603,40.7471],[-73.8589,40.7444],[-73.8529,40.7462],[-73.8544,40.7488],[-73.8603,40.7471]]]}},{"type":"Feature","properties":{"geoid":"36081042400","clusterId":"new-york-east"},"geometry":{"type":"Polygon","coordinates":[[[-73.7778,40.6943],[-73.7773,40.6921],[-73.7652,40.6928],[-73.7723,40.7006],[-73.7778,40.6943]]]}},{"type":"Feature","properties":{"geoid":"36081042600","clusterId":"new-york-east"},"geometry":{"type":"Polygon","coordinates":[[[-73.7756,40.6877],[-73.7697,40.6838],[-73.7647,40.6893],[-73.7662,40.6922],[-73.7696,40.6927],[-73.7746,40.691],[-73.7737,40.6894],[-73.7756,40.6877]]]}},{"type":"Feature","properties":{"geoid":"36081042700","clusterId":"new-york-central"},"geometry":{"type":"Polygon","coordinates":[[[-73.8589,40.7444],[-73.8501,40.7407],[-73.8529,40.7462],[-73.8589,40.7444]]]}},{"type":"Feature","properties":{"geoid":"36081043200","clusterId":"new-york-east"},"geometry":{"type":"Polygon","coordinates":[[[-73.7794,40.6936],[-73.7802,40.693],[-73.7758,40.6877],[-73.7737,40.6894],[-73.7746,40.691],[-73.7696,40.6927],[-73.7773,40.6921],[-73.7778,40.6943],[-73.7794,40.6936]]]}},{"type":"Feature","properties":{"geoid":"36081043400","clusterId":"new-york-east"},"geometry":{"type":"Polygon","coordinates":[[[-73.7823,40.6962],[-73.7802,40.693],[-73.774,40.6998],[-73.7823,40.6962]]]}},{"type":"Feature","properties":{"geoid":"36081043701","clusterId":"new-york-central"},"geometry":{"type":"Polygon","coordinates":[[[-73.8541,40.7374],[-73.8476,40.7391],[-73.8524,40.7414],[-73.8541,40.7374]]]}},{"type":"Feature","properties":{"geoid":"36081043702","clusterId":"new-york-central"},"geometry":{"type":"Polygon","coordinates":[[[-73.8601,40.7384],[-73.8588,40.7358],[-73.8542,40.737],[-73.8531,40.7394],[-73.8564,40.7404],[-73.8601,40.7384]]]}},{"type":"Feature","properties":{"geoid":"36081043900","clusterId":"new-york-central"},"geometry":{"type":"Polygon","coordinates":[[[-73.8599,40.7434],[-73.8531,40.7394],[-73.8524,40.7414],[-73.855,40.7433],[-73.8599,40.7434]]]}},{"type":"Feature","properties":{"geoid":"36081044000","clusterId":"new-york-east"},"geometry":{"type":"Polygon","coordinates":[[[-73.7912,40.7023],[-73.7884,40.6997],[-73.7778,40.7032],[-73.7826,40.7054],[-73.7912,40.7023]]]}},{"type":"Feature","properties":{"geoid":"36081044301","clusterId":"new-york-central"},"geometry":{"type":"Polygon","coordinates":[[[-73.8627,40.7434],[-73.8601,40.7384],[-73.8565,40.7404],[-73.8594,40.743],[-73.8612,40.742],[-73.8627,40.7434]]]}},{"type":"Feature","properties":{"geoid":"36081044302","clusterId":"new-york-central"},"geometry":{"type":"Polygon","coordinates":[[[-73.8676,40.7417],[-73.8658,40.7366],[-73.8601,40.7384],[-73.8624,40.7429],[-73.8676,40.7417]]]}},{"type":"Feature","properties":{"geoid":"36081044400","clusterId":"new-york-east"},"geometry":{"type":"Polygon","coordinates":[[[-73.7949,40.7055],[-73.7924,40.7021],[-73.7803,40.7054],[-73.774,40.6998],[-73.7723,40.7006],[-73.7755,40.7064],[-73.7684,40.7096],[-73.7717,40.7103],[-73.7949,40.7055]]]}},{"type":"Feature","properties":{"geoid":"36081044601","clusterId":"new-york-east"},"geometry":{"type":"Polygon","coordinates":[[[-73.8017,40.7058],[-73.7999,40.7025],[-73.7938,40.704],[-73.7963,40.7077],[-73.8017,40.7058]]]}},{"type":"Feature","properties":{"geoid":"36081044602","clusterId":"new-york-east"},"geometry":{"type":"Polygon","coordinates":[[[-73.803,40.7081],[-73.8017,40.7058],[-73.7963,40.7077],[-73.7987,40.7107],[-73.803,40.7081]]]}},{"type":"Feature","properties":{"geoid":"36081044800","clusterId":"new-york-east"},"geometry":{"type":"Polygon","coordinates":[[[-73.8065,40.7121],[-73.803,40.7081],[-73.7987,40.7107],[-73.8012,40.7142],[-73.8014,40.7127],[-73.8065,40.7121]]]}},{"type":"Feature","properties":{"geoid":"36081045000","clusterId":"new-york-east"},"geometry":{"type":"Polygon","coordinates":[[[-73.8078,40.716],[-73.8065,40.7121],[-73.8014,40.7127],[-73.8032,40.7164],[-73.8078,40.716]]]}},{"type":"Feature","properties":{"geoid":"36081045200","clusterId":"new-york-east"},"geometry":{"type":"Polygon","coordinates":[[[-73.8032,40.7164],[-73.7978,40.711],[-73.7983,40.7129],[-73.7965,40.7136],[-73.7981,40.7175],[-73.8032,40.7164]]]}},{"type":"Feature","properties":{"geoid":"36081045400","clusterId":"new-york-east"},"geometry":{"type":"Polygon","coordinates":[[[-73.7987,40.7107],[-73.7978,40.7091],[-73.793,40.7107],[-73.7965,40.7176],[-73.798,40.7172],[-73.7965,40.7136],[-73.7983,40.7129],[-73.7987,40.7107]]]}},{"type":"Feature","properties":{"geoid":"36081045500","clusterId":"new-york-central"},"geometry":{"type":"Polygon","coordinates":[[[-73.8658,40.7366],[-73.8646,40.7343],[-73.8589,40.7359],[-73.8601,40.7384],[-73.8658,40.7366]]]}},{"type":"Feature","properties":{"geoid":"36081045600","clusterId":"new-york-east"},"geometry":{"type":"Polygon","coordinates":[[[-73.7981,40.7174],[-73.7965,40.7176],[-73.7939,40.7124],[-73.7907,40.7193],[-73.7981,40.7174]]]}},{"type":"Feature","properties":{"geoid":"36081045700","clusterId":"new-york-central"},"geometry":{"type":"Polygon","coordinates":[[[-73.8736,40.7381],[-73.8727,40.7357],[-73.8661,40.7373],[-73.867,40.7396],[-73.8736,40.7381]]]}},{"type":"Feature","properties":{"geoid":"36081045800","clusterId":"new-york-east"},"geometry":{"type":"Polygon","coordinates":[[[-73.7936,40.7138],[-73.793,40.7107],[-73.7886,40.7123],[-73.7919,40.7138],[-73.7893,40.7147],[-73.7879,40.7181],[-73.7915,40.7185],[-73.7936,40.7138]]]}},{"type":"Feature","properties":{"geoid":"36081045900","clusterId":"new-york-central"},"geometry":{"type":"Polygon","coordinates":[[[-73.8744,40.7402],[-73.8736,40.7381],[-73.867,40.7396],[-73.8676,40.7417],[-73.8744,40.7402]]]}},{"type":"Feature","properties":{"geoid":"36081046000","clusterId":"new-york-east"},"geometry":{"type":"Polygon","coordinates":[[[-73.7973,40.7093],[-73.7949,40.7055],[-73.7898,40.7072],[-73.792,40.7111],[-73.7973,40.7093]]]}},{"type":"Feature","properties":{"geoid":"36081046100","clusterId":"new-york-central"},"geometry":{"type":"Polygon","coordinates":[[[-73.875,40.7415],[-73.8744,40.7402],[-73.8676,40.7417],[-73.8675,40.7433],[-73.875,40.7415]]]}},{"type":"Feature","properties":{"geoid":"36081046200","clusterId":"new-york-east"},"geometry":{"type":"Polygon","coordinates":[[[-73.792,40.7111],[-73.7898,40.7072],[-73.7843,40.7079],[-73.7854,40.7123],[-73.792,40.7111]]]}},{"type":"Feature","properties":{"geoid":"36081046300","clusterId":"new-york-central"},"geometry":{"type":"Polygon","coordinates":[[[-73.8747,40.7433],[-73.8675,40.7433],[-73.8681,40.7456],[-73.8714,40.7443],[-73.8719,40.7469],[-73.8747,40.7433]]]}},{"type":"Feature","properties":{"geoid":"36081046400","clusterId":"new-york-east"},"geometry":{"type":"Polygon","coordinates":[[[-73.7919,40.7138],[-73.7874,40.7137],[-73.7831,40.7164],[-73.7843,40.7197],[-73.7907,40.7193],[-73.7878,40.7178],[-73.7893,40.7147],[-73.7919,40.7138]]]}},{"type":"Feature","properties":{"geoid":"36081046500","clusterId":"new-york-central"},"geometry":{"type":"Polygon","coordinates":[[[-73.8724,40.7489],[-73.8714,40.7443],[-73.8681,40.7456],[-73.8694,40.7492],[-73.8724,40.7489]]]}},{"type":"Feature","properties":{"geoid":"36081046600","clusterId":"new-york-east"},"geometry":{"type":"Polygon","coordinates":[[[-73.7914,40.713],[-73.7878,40.7118],[-73.7806,40.7134],[-73.7815,40.7162],[-73.7834,40.7164],[-73.7914,40.713]]]}},{"type":"Feature","properties":{"geoid":"36081046700","clusterId":"new-york-central"},"geometry":{"type":"Polygon","coordinates":[[[-73.8782,40.7424],[-73.8747,40.7433],[-73.8719,40.7469],[-73.8724,40.7489],[-73.8782,40.7424]]]}},{"type":"Feature","properties":{"geoid":"36081046800","clusterId":"new-york-east"},"geometry":{"type":"Polygon","coordinates":[[[-73.7854,40.7123],[-73.7843,40.7079],[-73.779,40.7087],[-73.7806,40.7134],[-73.7854,40.7123]]]}},{"type":"Feature","properties":{"geoid":"36081046901","clusterId":"new-york-central"},"geometry":{"type":"Polygon","coordinates":[[[-73.8803,40.7425],[-73.8803,40.7413],[-73.8789,40.7417],[-73.8763,40.7449],[-73.8779,40.7456],[-73.8803,40.7425]]]}},{"type":"Feature","properties":{"geoid":"36081046902","clusterId":"new-york-central"},"geometry":{"type":"Polygon","coordinates":[[[-73.8775,40.7462],[-73.8763,40.7449],[-73.8733,40.7488],[-73.8763,40.7484],[-73.8775,40.7462]]]}},{"type":"Feature","properties":{"geoid":"36081047000","clusterId":"new-york-east"},"geometry":{"type":"Polygon","coordinates":[[[-73.7806,40.7134],[-73.779,40.7087],[-73.7731,40.7099],[-73.7771,40.7143],[-73.7806,40.7134]]]}},{"type":"Feature","properties":{"geoid":"36081047100","clusterId":"new-york-central"},"geometry":{"type":"Polygon","coordinates":[[[-73.8803,40.7413],[-73.8774,40.7386],[-73.8741,40.7395],[-73.875,40.7415],[-73.8735,40.7425],[-73.8803,40.7413]]]}},{"type":"Feature","properties":{"geoid":"36081047200","clusterId":"new-york-east"},"geometry":{"type":"Polygon","coordinates":[[[-73.785,40.7198],[-73.7806,40.7134],[-73.7736,40.7151],[-73.7774,40.7224],[-73.785,40.7198]]]}},{"type":"Feature","properties":{"geoid":"36081047300","clusterId":"new-york-central"},"geometry":{"type":"Polygon","coordinates":[[[-73.8829,40.7376],[-73.8748,40.7346],[-73.8727,40.7357],[-73.8741,40.7395],[-73.8829,40.7376]]]}},{"type":"Feature","properties":{"geoid":"36081047500","clusterId":"new-york-central"},"geometry":{"type":"Polygon","coordinates":[[[-73.8805,40.7358],[-73.8771,40.7329],[-73.8783,40.732],[-73.8752,40.7307],[-73.869,40.7328],[-73.8784,40.7368],[-73.8804,40.7371],[-73.8805,40.7358]]]}},{"type":"Feature","properties":{"geoid":"36081047600","clusterId":"new-york-east"},"geometry":{"type":"Polygon","coordinates":[[[-73.7774,40.7224],[-73.7752,40.7185],[-73.7722,40.7177],[-73.7703,40.7215],[-73.7649,40.7224],[-73.7648,40.7247],[-73.7662,40.7264],[-73.7692,40.7259],[-73.7774,40.7224]]]}},{"type":"Feature","properties":{"geoid":"36081047801","clusterId":"new-york-east"},"geometry":{"type":"Polygon","coordinates":[[[-73.7752,40.7185],[-73.7736,40.7151],[-73.7594,40.7211],[-73.7648,40.7247],[-73.7649,40.7224],[-73.7717,40.7203],[-73.771,40.718],[-73.7752,40.7185]]]}},{"type":"Feature","properties":{"geoid":"36081047802","clusterId":"new-york-east"},"geometry":{"type":"Polygon","coordinates":[[[-73.7666,40.7176],[-73.7657,40.7164],[-73.7583,40.7196],[-73.7594,40.7211],[-73.7666,40.7176]]]}},{"type":"Feature","properties":{"geoid":"36081047900","clusterId":"new-york-central"},"geometry":{"type":"Polygon","coordinates":[[[-73.8914,40.7361],[-73.8774,40.7317],[-73.8804,40.7371],[-73.8829,40.7376],[-73.8818,40.7378],[-73.8873,40.7388],[-73.8875,40.7368],[-73.8914,40.7361]]]}},{"type":"Feature","properties":{"geoid":"36081048000","clusterId":"new-york-east"},"geometry":{"type":"Polygon","coordinates":[[[-73.7771,40.7143],[-73.7731,40.7099],[-73.7694,40.712],[-73.7719,40.7157],[-73.7771,40.7143]]]}},{"type":"Feature","properties":{"geoid":"36081048100","clusterId":"new-york-central"},"geometry":{"type":"Polygon","coordinates":[[[-73.888,40.7435],[-73.8875,40.7411],[-73.8855,40.7402],[-73.881,40.7418],[-73.8851,40.744],[-73.888,40.7435]]]}},{"type":"Feature","properties":{"geoid":"36081048200","clusterId":"new-york-east"},"geometry":{"type":"Polygon","coordinates":[[[-73.7719,40.7157],[-73.7694,40.712],[-73.764,40.7133],[-73.7666,40.7176],[-73.7719,40.7157]]]}},{"type":"Feature","properties":{"geoid":"36081048301","clusterId":"new-york-central"},"geometry":{"type":"Polygon","coordinates":[[[-73.8922,40.7429],[-73.8909,40.7407],[-73.8875,40.7411],[-73.888,40.7435],[-73.8922,40.7429]]]}},{"type":"Feature","properties":{"geoid":"36081048302","clusterId":"new-york-central"},"geometry":{"type":"Polygon","coordinates":[[[-73.8989,40.7407],[-73.8909,40.7407],[-73.8922,40.7429],[-73.8965,40.7429],[-73.8989,40.7407]]]}},{"type":"Feature","properties":{"geoid":"36081048400","clusterId":"new-york-east"},"geometry":{"type":"Polygon","coordinates":[[[-73.7657,40.7164],[-73.764,40.7133],[-73.754,40.7139],[-73.7583,40.7196],[-73.7657,40.7164]]]}},{"type":"Feature","properties":{"geoid":"36081048500","clusterId":"new-york-central"},"geometry":{"type":"Polygon","coordinates":[[[-73.8947,40.7402],[-73.8818,40.7378],[-73.8774,40.7386],[-73.881,40.7418],[-73.8855,40.7402],[-73.8857,40.7413],[-73.8947,40.7402]]]}},{"type":"Feature","properties":{"geoid":"36081048900","clusterId":"new-york-central"},"geometry":{"type":"Polygon","coordinates":[[[-73.896,40.7352],[-73.8886,40.7346],[-73.8914,40.7361],[-73.8875,40.7368],[-73.8873,40.7388],[-73.8958,40.7405],[-73.896,40.7352]]]}},{"type":"Feature","properties":{"geoid":"36081049201","clusterId":"new-york-east"},"geometry":{"type":"Polygon","coordinates":[[[-73.7662,40.7264],[-73.7594,40.7211],[-73.755,40.7242],[-73.7569,40.7263],[-73.7662,40.7264]]]}},{"type":"Feature","properties":{"geoid":"36081049202","clusterId":"new-york-east"},"geometry":{"type":"Polygon","coordinates":[[[-73.7594,40.7211],[-73.7573,40.7181],[-73.7523,40.7203],[-73.7558,40.7236],[-73.7594,40.7211]]]}},{"type":"Feature","properties":{"geoid":"36081049301","clusterId":"new-york-central"},"geometry":{"type":"Polygon","coordinates":[[[-73.896,40.735],[-73.8956,40.729],[-73.8937,40.7292],[-73.8917,40.7345],[-73.896,40.735]]]}},{"type":"Feature","properties":{"geoid":"36081049302","clusterId":"new-york-central"},"geometry":{"type":"Polygon","coordinates":[[[-73.8956,40.729],[-73.895,40.7254],[-73.8872,40.7279],[-73.8876,40.7302],[-73.8915,40.7282],[-73.8923,40.7312],[-73.8956,40.729]]]}},{"type":"Feature","properties":{"geoid":"36081049500","clusterId":"new-york-central"},"geometry":{"type":"Polygon","coordinates":[[[-73.895,40.7254],[-73.8941,40.7232],[-73.8871,40.7246],[-73.8872,40.7279],[-73.895,40.7254]]]}},{"type":"Feature","properties":{"geoid":"36081049600","clusterId":"new-york-east"},"geometry":{"type":"Polygon","coordinates":[[[-73.7564,40.7185],[-73.754,40.7139],[-73.7493,40.7151],[-73.7523,40.7203],[-73.7564,40.7185]]]}},{"type":"Feature","properties":{"geoid":"36081049700","clusterId":"new-york-central"},"geometry":{"type":"Polygon","coordinates":[[[-73.8924,40.7304],[-73.8915,40.7282],[-73.8881,40.7301],[-73.8886,40.7346],[-73.8917,40.7345],[-73.8924,40.7304]]]}},{"type":"Feature","properties":{"geoid":"36081049900","clusterId":"new-york-central"},"geometry":{"type":"Polygon","coordinates":[[[-73.8886,40.7346],[-73.8872,40.7279],[-73.8752,40.7307],[-73.8886,40.7346]]]}},{"type":"Feature","properties":{"geoid":"36081050000","clusterId":"new-york-east"},"geometry":{"type":"Polygon","coordinates":[[[-73.7717,40.7103],[-73.7683,40.7095],[-73.7536,40.7131],[-73.767,40.7132],[-73.7717,40.7103]]]}},{"type":"Feature","properties":{"geoid":"36081050201","clusterId":"new-york-east"},"geometry":{"type":"Polygon","coordinates":[[[-73.7683,40.7095],[-73.7673,40.7066],[-73.7614,40.7082],[-73.7625,40.7109],[-73.7683,40.7095]]]}},{"type":"Feature","properties":{"geoid":"36081050202","clusterId":"new-york-east"},"geometry":{"type":"Polygon","coordinates":[[[-73.7625,40.7109],[-73.7614,40.7082],[-73.756,40.7095],[-73.7572,40.7122],[-73.7625,40.7109]]]}},{"type":"Feature","properties":{"geoid":"36081050400","clusterId":"new-york-east"},"geometry":{"type":"Polygon","coordinates":[[[-73.7673,40.7066],[-73.7661,40.7023],[-73.7613,40.7036],[-73.7623,40.708],[-73.7673,40.7066]]]}},{"type":"Feature","properties":{"geoid":"36081050500","clusterId":"new-york-central"},"geometry":{"type":"Polygon","coordinates":[[[-73.878,40.7298],[-73.8747,40.7271],[-73.8714,40.7292],[-73.8752,40.7307],[-73.878,40.7298]]]}},{"type":"Feature","properties":{"geoid":"36081050600","clusterId":"new-york-east"},"geometry":{"type":"Polygon","coordinates":[[[-73.7623,40.708],[-73.761,40.7029],[-73.7565,40.7041],[-73.7587,40.7088],[-73.7623,40.708]]]}},{"type":"Feature","properties":{"geoid":"36081050700","clusterId":"new-york-central"},"geometry":{"type":"Polygon","coordinates":[[[-73.8872,40.7275],[-73.8867,40.7246],[-73.8747,40.7271],[-73.878,40.7298],[-73.8872,40.7275]]]}},{"type":"Feature","properties":{"geoid":"36081050800","clusterId":"new-york-east"},"geometry":{"type":"Polygon","coordinates":[[[-73.7587,40.7088],[-73.7565,40.7041],[-73.7521,40.7052],[-73.7542,40.7099],[-73.7587,40.7088]]]}},{"type":"Feature","properties":{"geoid":"36081051000","clusterId":"new-york-east"},"geometry":{"type":"Polygon","coordinates":[[[-73.7572,40.7122],[-73.7521,40.7052],[-73.7505,40.7056],[-73.7536,40.7131],[-73.7572,40.7122]]]}},{"type":"Feature","properties":{"geoid":"36081051100","clusterId":"new-york-central"},"geometry":{"type":"Polygon","coordinates":[[[-73.9069,40.7276],[-73.895,40.7254],[-73.896,40.7291],[-73.9026,40.7293],[-73.9031,40.7274],[-73.9056,40.7285],[-73.9069,40.7276]]]}},{"type":"Feature","properties":{"geoid":"36081051200","clusterId":"new-york-east"},"geometry":{"type":"Polygon","coordinates":[[[-73.754,40.7139],[-73.7505,40.7056],[-73.7466,40.7051],[-73.7495,40.7079],[-73.7468,40.7091],[-73.7493,40.7151],[-73.754,40.7139]]]}},{"type":"Feature","properties":{"geoid":"36081051300","clusterId":"new-york-central"},"geometry":{"type":"Polygon","coordinates":[[[-73.8992,40.7295],[-73.8987,40.7284],[-73.8956,40.729],[-73.896,40.735],[-73.899,40.7351],[-73.8992,40.7295]]]}},{"type":"Feature","properties":{"geoid":"36081051500","clusterId":"new-york-central"},"geometry":{"type":"Polygon","coordinates":[[[-73.9056,40.7286],[-73.9031,40.7274],[-73.9026,40.7293],[-73.8992,40.7291],[-73.899,40.7351],[-73.9056,40.7286]]]}},{"type":"Feature","properties":{"geoid":"36081051600","clusterId":"new-york-east"},"geometry":{"type":"Polygon","coordinates":[[[-73.7505,40.7056],[-73.7477,40.6996],[-73.745,40.7003],[-73.7459,40.7023],[-73.7444,40.7032],[-73.7505,40.7056]]]}},{"type":"Feature","properties":{"geoid":"36081051700","clusterId":"new-york-central"},"geometry":{"type":"Polygon","coordinates":[[[-73.9073,40.7273],[-73.9042,40.7258],[-73.9046,40.723],[-73.8941,40.7232],[-73.895,40.7254],[-73.9073,40.7273]]]}},{"type":"Feature","properties":{"geoid":"36081051800","clusterId":"new-york-east"},"geometry":{"type":"Polygon","coordinates":[[[-73.7547,40.7045],[-73.752,40.6984],[-73.7493,40.6991],[-73.7521,40.7052],[-73.7547,40.7045]]]}},{"type":"Feature","properties":{"geoid":"36081052000","clusterId":"new-york-east"},"geometry":{"type":"Polygon","coordinates":[[[-73.7574,40.7038],[-73.7547,40.6977],[-73.752,40.6984],[-73.7547,40.7045],[-73.7574,40.7038]]]}},{"type":"Feature","properties":{"geoid":"36081052100","clusterId":"new-york-central"},"geometry":{"type":"Polygon","coordinates":[[[-73.9046,40.723],[-73.9021,40.718],[-73.8974,40.7205],[-73.8974,40.7216],[-73.8998,40.7212],[-73.9001,40.7233],[-73.9046,40.723]]]}},{"type":"Feature","properties":{"geoid":"36081052200","clusterId":"new-york-east"},"geometry":{"type":"Polygon","coordinates":[[[-73.7601,40.7031],[-73.7573,40.6971],[-73.7547,40.6977],[-73.7574,40.7038],[-73.7601,40.7031]]]}},{"type":"Feature","properties":{"geoid":"36081052400","clusterId":"new-york-east"},"geometry":{"type":"Polygon","coordinates":[[[-73.7661,40.7023],[-73.7626,40.6987],[-73.7585,40.6998],[-73.7613,40.7036],[-73.7661,40.7023]]]}},{"type":"Feature","properties":{"geoid":"36081052500","clusterId":"new-york-central"},"geometry":{"type":"Polygon","coordinates":[[[-73.9113,40.7196],[-73.9094,40.7176],[-73.9021,40.718],[-73.9041,40.721],[-73.9113,40.7196]]]}},{"type":"Feature","properties":{"geoid":"36081052600","clusterId":"new-york-east"},"geometry":{"type":"Polygon","coordinates":[[[-73.7626,40.6987],[-73.762,40.6946],[-73.7567,40.6957],[-73.7585,40.6998],[-73.7626,40.6987]]]}},{"type":"Feature","properties":{"geoid":"36081052800","clusterId":"new-york-east"},"geometry":{"type":"Polygon","coordinates":[[[-73.7624,40.6931],[-73.7624,40.6917],[-73.7548,40.6937],[-73.7564,40.6973],[-73.7567,40.6957],[-73.762,40.6946],[-73.7624,40.6931]]]}},{"type":"Feature","properties":{"geoid":"36081053000","clusterId":"new-york-east"},"geometry":{"type":"Polygon","coordinates":[[[-73.7556,40.6975],[-73.7548,40.6937],[-73.7486,40.6954],[-73.7502,40.6989],[-73.7556,40.6975]]]}},{"type":"Feature","properties":{"geoid":"36081053100","clusterId":"new-york-central"},"geometry":{"type":"Polygon","coordinates":[[[-73.9138,40.7229],[-73.9113,40.7196],[-73.9049,40.7205],[-73.9042,40.7258],[-73.9074,40.7272],[-73.9138,40.7229]]]}},{"type":"Feature","properties":{"geoid":"36081053200","clusterId":"new-york-east"},"geometry":{"type":"Polygon","coordinates":[[[-73.7521,40.7052],[-73.7486,40.6954],[-73.7462,40.6961],[-73.7505,40.7056],[-73.7521,40.7052]]]}},{"type":"Feature","properties":{"geoid":"36081053401","clusterId":"new-york-east"},"geometry":{"type":"Polygon","coordinates":[[[-73.7477,40.6996],[-73.7462,40.6961],[-73.7436,40.6962],[-73.7405,40.7034],[-73.7459,40.7023],[-73.745,40.7003],[-73.7477,40.6996]]]}},{"type":"Feature","properties":{"geoid":"36081053501","clusterId":"new-york-central"},"geometry":{"type":"Polygon","coordinates":[[[-73.915,40.7139],[-73.9102,40.7138],[-73.9129,40.7154],[-73.9097,40.7178],[-73.9113,40.7196],[-73.9152,40.7186],[-73.9133,40.7151],[-73.915,40.7139]]]}},{"type":"Feature","properties":{"geoid":"36081053601","clusterId":"new-york-east"},"geometry":{"type":"Polygon","coordinates":[[[-73.7495,40.7079],[-73.7433,40.703],[-73.7449,40.7097],[-73.7495,40.7079]]]}},{"type":"Feature","properties":{"geoid":"36081053800","clusterId":"new-york-east"},"geometry":{"type":"Polygon","coordinates":[[[-73.7443,40.7098],[-73.7433,40.703],[-73.7405,40.7034],[-73.7398,40.7053],[-73.7418,40.7058],[-73.7421,40.7102],[-73.7443,40.7098]]]}},{"type":"Feature","properties":{"geoid":"36081053901","clusterId":"new-york-central"},"geometry":{"type":"Polygon","coordinates":[[[-73.924,40.714],[-73.9207,40.7105],[-73.9219,40.7094],[-73.9155,40.7056],[-73.9123,40.7088],[-73.9167,40.7114],[-73.9147,40.7134],[-73.924,40.714]]]}},{"type":"Feature","properties":{"geoid":"36081054000","clusterId":"new-york-east"},"geometry":{"type":"Polygon","coordinates":[[[-73.7493,40.7151],[-73.7468,40.7091],[-73.7349,40.713],[-73.7456,40.716],[-73.7493,40.7151]]]}},{"type":"Feature","properties":{"geoid":"36081054200","clusterId":"new-york-east"},"geometry":{"type":"Polygon","coordinates":[[[-73.7518,40.7205],[-73.7493,40.7151],[-73.7398,40.7173],[-73.7467,40.7236],[-73.7518,40.7205]]]}},{"type":"Feature","properties":{"geoid":"36081054500","clusterId":"new-york-central"},"geometry":{"type":"Polygon","coordinates":[[[-73.9155,40.7056],[-73.9118,40.7034],[-73.9097,40.7055],[-73.9134,40.7077],[-73.9155,40.7056]]]}},{"type":"Feature","properties":{"geoid":"36081054700","clusterId":"new-york-central"},"geometry":{"type":"Polygon","coordinates":[[[-73.9129,40.7024],[-73.9107,40.701],[-73.9064,40.7053],[-73.9097,40.7055],[-73.9129,40.7024]]]}},{"type":"Feature","properties":{"geoid":"36081054800","clusterId":"new-york-east"},"geometry":{"type":"Polygon","coordinates":[[[-73.755,40.7241],[-73.7523,40.7203],[-73.7467,40.7236],[-73.7489,40.7258],[-73.755,40.7241]]]}},{"type":"Feature","properties":{"geoid":"36081054900","clusterId":"new-york-central"},"geometry":{"type":"Polygon","coordinates":[[[-73.9118,40.6999],[-73.9083,40.6999],[-73.9041,40.704],[-73.9064,40.7053],[-73.9118,40.6999]]]}},{"type":"Feature","properties":{"geoid":"36081055100","clusterId":"new-york-central"},"geometry":{"type":"Polygon","coordinates":[[[-73.9074,40.7008],[-73.9083,40.6999],[-73.9002,40.7005],[-73.9041,40.704],[-73.9074,40.7008]]]}},{"type":"Feature","properties":{"geoid":"36081055200","clusterId":"new-york-east"},"geometry":{"type":"Polygon","coordinates":[[[-73.7569,40.7263],[-73.755,40.7242],[-73.7534,40.7251],[-73.7519,40.7239],[-73.7424,40.7299],[-73.7456,40.7306],[-73.7467,40.7326],[-73.7569,40.7263]]]}},{"type":"Feature","properties":{"geoid":"36081055300","clusterId":"new-york-central"},"geometry":{"type":"Polygon","coordinates":[[[-73.911,40.6995],[-73.9061,40.6968],[-73.9025,40.7005],[-73.911,40.6995]]]}},{"type":"Feature","properties":{"geoid":"36081055400","clusterId":"new-york-east"},"geometry":{"type":"Polygon","coordinates":[[[-73.7439,40.729],[-73.741,40.7253],[-73.7352,40.7273],[-73.7424,40.7299],[-73.7439,40.729]]]}},{"type":"Feature","properties":{"geoid":"36081055500","clusterId":"new-york-central"},"geometry":{"type":"Polygon","coordinates":[[[-73.9061,40.6968],[-73.9043,40.6957],[-73.905,40.6937],[-73.9001,40.6983],[-73.903,40.7],[-73.9061,40.6968]]]}},{"type":"Feature","properties":{"geoid":"36081055600","clusterId":"new-york-east"},"geometry":{"type":"Polygon","coordinates":[[[-73.7482,40.7262],[-73.7455,40.7225],[-73.741,40.7253],[-73.7446,40.7286],[-73.7482,40.7262]]]}},{"type":"Feature","properties":{"geoid":"36081055700","clusterId":"new-york-central"},"geometry":{"type":"Polygon","coordinates":[[[-73.9025,40.7005],[-73.8989,40.6954],[-73.8956,40.6971],[-73.8938,40.7009],[-73.9025,40.7005]]]}},{"type":"Feature","properties":{"geoid":"36081055800","clusterId":"new-york-east"},"geometry":{"type":"Polygon","coordinates":[[[-73.7447,40.723],[-73.7428,40.72],[-73.7378,40.7222],[-73.741,40.7253],[-73.7447,40.723]]]}},{"type":"Feature","properties":{"geoid":"36081055900","clusterId":"new-york-central"},"geometry":{"type":"Polygon","coordinates":[[[-73.905,40.6937],[-73.9012,40.6914],[-73.8989,40.6954],[-73.9012,40.6972],[-73.905,40.6937]]]}},{"type":"Feature","properties":{"geoid":"36081056000","clusterId":"new-york-east"},"geometry":{"type":"Polygon","coordinates":[[[-73.7403,40.7257],[-73.7378,40.7222],[-73.7358,40.7228],[-73.7365,40.7255],[-73.7312,40.7267],[-73.7355,40.7283],[-73.7352,40.7273],[-73.7403,40.7257]]]}},{"type":"Feature","properties":{"geoid":"36081056200","clusterId":"new-york-east"},"geometry":{"type":"Polygon","coordinates":[[[-73.7365,40.7255],[-73.7358,40.7227],[-73.7299,40.7233],[-73.7312,40.7267],[-73.7365,40.7255]]]}},{"type":"Feature","properties":{"geoid":"36081056400","clusterId":"new-york-east"},"geometry":{"type":"Polygon","coordinates":[[[-73.7369,40.7225],[-73.7353,40.7185],[-73.7282,40.7231],[-73.7369,40.7225]]]}},{"type":"Feature","properties":{"geoid":"36081056500","clusterId":"new-york-central"},"geometry":{"type":"Polygon","coordinates":[[[-73.8995,40.6943],[-73.8969,40.6938],[-73.897,40.6919],[-73.8933,40.6922],[-73.8965,40.6945],[-73.8968,40.6968],[-73.8995,40.6943]]]}},{"type":"Feature","properties":{"geoid":"36081056600","clusterId":"new-york-east"},"geometry":{"type":"Polygon","coordinates":[[[-73.7411,40.7207],[-73.7398,40.7173],[-73.7353,40.7185],[-73.7369,40.7225],[-73.7411,40.7207]]]}},{"type":"Feature","properties":{"geoid":"36081056700","clusterId":"new-york-central"},"geometry":{"type":"Polygon","coordinates":[[[-73.8968,40.6968],[-73.8965,40.6945],[-73.894,40.6931],[-73.8951,40.6946],[-73.8865,40.6964],[-73.8882,40.6989],[-73.8929,40.6977],[-73.8933,40.7009],[-73.8968,40.6968]]]}},{"type":"Feature","properties":{"geoid":"36081056800","clusterId":"new-york-east"},"geometry":{"type":"Polygon","coordinates":[[[-73.7456,40.716],[-73.7349,40.713],[-73.7355,40.7119],[-73.7336,40.7113],[-73.727,40.7107],[-73.7303,40.7222],[-73.7353,40.7185],[-73.7456,40.716]]]}},{"type":"Feature","properties":{"geoid":"36081057700","clusterId":"new-york-central"},"geometry":{"type":"Polygon","coordinates":[[[-73.8938,40.7009],[-73.8929,40.6977],[-73.8882,40.6989],[-73.8889,40.7013],[-73.8874,40.7014],[-73.888,40.703],[-73.8938,40.7009]]]}},{"type":"Feature","properties":{"geoid":"36081057900","clusterId":"new-york-central"},"geometry":{"type":"Polygon","coordinates":[[[-73.8919,40.7029],[-73.8927,40.7019],[-73.888,40.703],[-73.8891,40.7056],[-73.8919,40.7029]]]}},{"type":"Feature","properties":{"geoid":"36081058000","clusterId":"new-york-east"},"geometry":{"type":"Polygon","coordinates":[[[-73.7366,40.7098],[-73.7326,40.7089],[-73.7343,40.7032],[-73.7268,40.7028],[-73.727,40.7107],[-73.7355,40.7119],[-73.7366,40.7098]]]}},{"type":"Feature","properties":{"geoid":"36081058100","clusterId":"new-york-central"},"geometry":{"type":"Polygon","coordinates":[[[-73.8963,40.7053],[-73.8938,40.7009],[-73.8918,40.7064],[-73.8963,40.7053]]]}},{"type":"Feature","properties":{"geoid":"36081058200","clusterId":"new-york-east"},"geometry":{"type":"Polygon","coordinates":[[[-73.7421,40.7102],[-73.7418,40.7058],[-73.7398,40.7053],[-73.7408,40.7027],[-73.7343,40.7025],[-73.7326,40.7089],[-73.7366,40.7098],[-73.7355,40.7119],[-73.7421,40.7102]]]}},{"type":"Feature","properties":{"geoid":"36081058300","clusterId":"new-york-central"},"geometry":{"type":"Polygon","coordinates":[[[-73.901,40.7024],[-73.9002,40.7005],[-73.8944,40.7008],[-73.8957,40.704],[-73.901,40.7024]]]}},{"type":"Feature","properties":{"geoid":"36081058500","clusterId":"new-york-central"},"geometry":{"type":"Polygon","coordinates":[[[-73.9034,40.7035],[-73.9014,40.7023],[-73.8957,40.704],[-73.8969,40.7065],[-73.9034,40.7035]]]}},{"type":"Feature","properties":{"geoid":"36081058700","clusterId":"new-york-central"},"geometry":{"type":"Polygon","coordinates":[[[-73.9037,40.7079],[-73.9021,40.7051],[-73.8969,40.7065],[-73.8985,40.709],[-73.9037,40.7079]]]}},{"type":"Feature","properties":{"geoid":"36081058900","clusterId":"new-york-central"},"geometry":{"type":"Polygon","coordinates":[[[-73.908,40.7072],[-73.9034,40.7035],[-73.902,40.7049],[-73.9037,40.7079],[-73.9063,40.7089],[-73.908,40.7072]]]}},{"type":"Feature","properties":{"geoid":"36081059000","clusterId":"new-york-east"},"geometry":{"type":"Polygon","coordinates":[[[-73.7411,40.7018],[-73.734,40.6992],[-73.7335,40.7001],[-73.7343,40.7025],[-73.7411,40.7018]]]}},{"type":"Feature","properties":{"geoid":"36081059100","clusterId":"new-york-central"},"geometry":{"type":"Polygon","coordinates":[[[-73.9134,40.7077],[-73.909,40.705],[-73.9063,40.7089],[-73.91,40.7111],[-73.9134,40.7077]]]}},{"type":"Feature","properties":{"geoid":"36081059200","clusterId":"new-york-east"},"geometry":{"type":"Polygon","coordinates":[[[-73.7343,40.7018],[-73.7276,40.6994],[-73.7265,40.6969],[-73.7271,40.703],[-73.7343,40.7032],[-73.7343,40.7018]]]}},{"type":"Feature","properties":{"geoid":"36081059300","clusterId":"new-york-central"},"geometry":{"type":"Polygon","coordinates":[[[-73.907,40.7093],[-73.904,40.7076],[-73.8985,40.709],[-73.9006,40.7127],[-73.9048,40.7129],[-73.9041,40.711],[-73.907,40.7093]]]}},{"type":"Feature","properties":{"geoid":"36081059400","clusterId":"new-york-east"},"geometry":{"type":"Polygon","coordinates":[[[-73.7349,40.6974],[-73.7296,40.6958],[-73.7275,40.6972],[-73.7276,40.6994],[-73.7334,40.701],[-73.7349,40.6974]]]}},{"type":"Feature","properties":{"geoid":"36081059501","clusterId":"new-york-central"},"geometry":{"type":"Polygon","coordinates":[[[-73.9125,40.7133],[-73.907,40.7093],[-73.9041,40.711],[-73.9049,40.7129],[-73.9125,40.7133]]]}},{"type":"Feature","properties":{"geoid":"36081059502","clusterId":"new-york-central"},"geometry":{"type":"Polygon","coordinates":[[[-73.9129,40.7154],[-73.9108,40.7132],[-73.9054,40.7129],[-73.9064,40.7174],[-73.9101,40.7177],[-73.9129,40.7154]]]}},{"type":"Feature","properties":{"geoid":"36081059600","clusterId":"new-york-east"},"geometry":{"type":"Polygon","coordinates":[[[-73.7393,40.6968],[-73.7401,40.6951],[-73.7366,40.694],[-73.734,40.6992],[-73.7375,40.7002],[-73.7393,40.6968]]]}},{"type":"Feature","properties":{"geoid":"36081059800","clusterId":"new-york-east"},"geometry":{"type":"Polygon","coordinates":[[[-73.7433,40.6971],[-73.7401,40.6951],[-73.7375,40.7002],[-73.7414,40.7013],[-73.7433,40.6971]]]}},{"type":"Feature","properties":{"geoid":"36081059900","clusterId":"new-york-central"},"geometry":{"type":"Polygon","coordinates":[[[-73.9064,40.7174],[-73.906,40.7157],[-73.8973,40.7181],[-73.8983,40.7192],[-73.9064,40.7174]]]}},{"type":"Feature","properties":{"geoid":"36081060000","clusterId":"new-york-east"},"geometry":{"type":"Polygon","coordinates":[[[-73.7366,40.694],[-73.7323,40.6927],[-73.7296,40.6958],[-73.7349,40.6974],[-73.7366,40.694]]]}},{"type":"Feature","properties":{"geoid":"36081060100","clusterId":"new-york-central"},"geometry":{"type":"Polygon","coordinates":[[[-73.906,40.7157],[-73.9048,40.7129],[-73.8975,40.7164],[-73.899,40.7174],[-73.906,40.7157]]]}},{"type":"Feature","properties":{"geoid":"36081060300","clusterId":"new-york-central"},"geometry":{"type":"Polygon","coordinates":[[[-73.9038,40.7133],[-73.9048,40.7129],[-73.895,40.7125],[-73.8975,40.7164],[-73.9038,40.7133]]]}},{"type":"Feature","properties":{"geoid":"36081060600","clusterId":"new-york-east"},"geometry":{"type":"Polygon","coordinates":[[[-73.7392,40.691],[-73.7331,40.6892],[-73.7314,40.6924],[-73.7375,40.6943],[-73.7392,40.691]]]}},{"type":"Feature","properties":{"geoid":"36081060800","clusterId":"new-york-east"},"geometry":{"type":"Polygon","coordinates":[[[-73.7448,40.6932],[-73.7392,40.691],[-73.7375,40.6943],[-73.7436,40.6962],[-73.7448,40.6932]]]}},{"type":"Feature","properties":{"geoid":"36081061000","clusterId":"new-york-east"},"geometry":{"type":"Polygon","coordinates":[[[-73.7474,40.6894],[-73.7412,40.6875],[-73.7392,40.691],[-73.7451,40.6928],[-73.7474,40.6894]]]}},{"type":"Feature","properties":{"geoid":"36081061200","clusterId":"new-york-east"},"geometry":{"type":"Polygon","coordinates":[[[-73.741,40.6878],[-73.734,40.6856],[-73.7322,40.6889],[-73.7392,40.691],[-73.741,40.6878]]]}},{"type":"Feature","properties":{"geoid":"36081061301","clusterId":"new-york-central"},"geometry":{"type":"Polygon","coordinates":[[[-73.9006,40.7127],[-73.8963,40.7053],[-73.8918,40.7064],[-73.8927,40.7019],[-73.8891,40.7056],[-73.8855,40.7062],[-73.8887,40.7077],[-73.8872,40.7103],[-73.8885,40.7123],[-73.9006,40.7127]]]}},{"type":"Feature","properties":{"geoid":"36081061400","clusterId":"new-york-east"},"geometry":{"type":"Polygon","coordinates":[[[-73.7339,40.6858],[-73.7259,40.6832],[-73.727,40.6874],[-73.7322,40.6889],[-73.7339,40.6858]]]}},{"type":"Feature","properties":{"geoid":"36081061601","clusterId":"new-york-east"},"geometry":{"type":"Polygon","coordinates":[[[-73.7358,40.6823],[-73.7337,40.6811],[-73.735,40.6785],[-73.7319,40.6776],[-73.7272,40.6836],[-73.734,40.6856],[-73.7358,40.6823]]]}},{"type":"Feature","properties":{"geoid":"36081061602","clusterId":"new-york-east"},"geometry":{"type":"Polygon","coordinates":[[[-73.7351,40.674],[-73.7275,40.6742],[-73.7259,40.6832],[-73.7272,40.6836],[-73.7351,40.674]]]}},{"type":"Feature","properties":{"geoid":"36081061800","clusterId":"new-york-east"},"geometry":{"type":"Polygon","coordinates":[[[-73.7398,40.6774],[-73.7405,40.6761],[-73.7351,40.674],[-73.7319,40.6776],[-73.7385,40.6796],[-73.7398,40.6774]]]}},{"type":"Feature","properties":{"geoid":"36081061900","clusterId":"new-york-central"},"geometry":{"type":"Polygon","coordinates":[[[-73.8815,40.7066],[-73.8737,40.7075],[-73.8755,40.7131],[-73.8801,40.7127],[-73.8777,40.7072],[-73.8815,40.7066]]]}},{"type":"Feature","properties":{"geoid":"36081062000","clusterId":"new-york-east"},"geometry":{"type":"Polygon","coordinates":[[[-73.7414,40.6819],[-73.742,40.6808],[-73.735,40.6785],[-73.7337,40.6811],[-73.7397,40.6835],[-73.7414,40.6819]]]}},{"type":"Feature","properties":{"geoid":"36081062100","clusterId":"new-york-central"},"geometry":{"type":"Polygon","coordinates":[[[-73.8755,40.7131],[-73.8737,40.7075],[-73.8749,40.7068],[-73.8691,40.7071],[-73.8716,40.7133],[-73.8755,40.7131]]]}},{"type":"Feature","properties":{"geoid":"36081062200","clusterId":"new-york-east"},"geometry":{"type":"Polygon","coordinates":[[[-73.7331,40.6892],[-73.726,40.6869],[-73.7265,40.6969],[-73.7287,40.6976],[-73.7331,40.6892]]]}},{"type":"Feature","properties":{"geoid":"36081062300","clusterId":"new-york-central"},"geometry":{"type":"Polygon","coordinates":[[[-73.881,40.7064],[-73.8792,40.7021],[-73.8754,40.7024],[-73.8772,40.7067],[-73.881,40.7064]]]}},{"type":"Feature","properties":{"geoid":"36081062500","clusterId":"new-york-central"},"geometry":{"type":"Polygon","coordinates":[[[-73.8855,40.7064],[-73.8837,40.7017],[-73.8792,40.7021],[-73.8809,40.7062],[-73.8855,40.7064]]]}},{"type":"Feature","properties":{"geoid":"36081062600","clusterId":"new-york-east"},"geometry":{"type":"Polygon","coordinates":[[[-73.7527,40.6809],[-73.7456,40.6779],[-73.7433,40.6839],[-73.75,40.6859],[-73.7527,40.6809]]]}},{"type":"Feature","properties":{"geoid":"36081062700","clusterId":"new-york-central"},"geometry":{"type":"Polygon","coordinates":[[[-73.8891,40.7056],[-73.8874,40.7014],[-73.8837,40.7017],[-73.8855,40.7062],[-73.8891,40.7056]]]}},{"type":"Feature","properties":{"geoid":"36081062900","clusterId":"new-york-central"},"geometry":{"type":"Polygon","coordinates":[[[-73.8889,40.7013],[-73.8882,40.6989],[-73.8762,40.7017],[-73.8889,40.7013]]]}},{"type":"Feature","properties":{"geoid":"36081063000","clusterId":"new-york-east"},"geometry":{"type":"Polygon","coordinates":[[[-73.7461,40.6769],[-73.7449,40.6758],[-73.7395,40.6838],[-73.7433,40.6839],[-73.7461,40.6769]]]}},{"type":"Feature","properties":{"geoid":"36081063200","clusterId":"new-york-east"},"geometry":{"type":"Polygon","coordinates":[[[-73.7449,40.6758],[-73.736,40.6726],[-73.7351,40.674],[-73.7405,40.6761],[-73.7385,40.6796],[-73.742,40.6808],[-73.7449,40.6758]]]}},{"type":"Feature","properties":{"geoid":"36081063301","clusterId":"new-york-central"},"geometry":{"type":"Polygon","coordinates":[[[-73.8772,40.7067],[-73.8754,40.7024],[-73.8716,40.7027],[-73.8742,40.7067],[-73.8772,40.7067]]]}},{"type":"Feature","properties":{"geoid":"36081063302","clusterId":"new-york-central"},"geometry":{"type":"Polygon","coordinates":[[[-73.8752,40.7066],[-73.8716,40.7027],[-73.8698,40.7028],[-73.8707,40.7049],[-73.8686,40.7054],[-73.8691,40.7071],[-73.8752,40.7066]]]}},{"type":"Feature","properties":{"geoid":"36081063500","clusterId":"new-york-central"},"geometry":{"type":"Polygon","coordinates":[[[-73.8707,40.7049],[-73.8698,40.7028],[-73.8638,40.7033],[-73.8643,40.7067],[-73.869,40.7068],[-73.8686,40.7054],[-73.8707,40.7049]]]}},{"type":"Feature","properties":{"geoid":"36081063700","clusterId":"new-york-central"},"geometry":{"type":"Polygon","coordinates":[[[-73.8702,40.7092],[-73.869,40.7068],[-73.8643,40.7067],[-73.8638,40.7033],[-73.8559,40.7064],[-73.8573,40.7115],[-73.8598,40.7118],[-73.8596,40.7136],[-73.8702,40.7092]]]}},{"type":"Feature","properties":{"geoid":"36081063800","clusterId":"new-york-east"},"geometry":{"type":"Polygon","coordinates":[[[-73.7408,40.6668],[-73.7283,40.6664],[-73.7275,40.6742],[-73.7351,40.674],[-73.7408,40.6668]]]}},{"type":"Feature","properties":{"geoid":"36081063900","clusterId":"new-york-central"},"geometry":{"type":"Polygon","coordinates":[[[-73.8633,40.7034],[-73.8581,40.7029],[-73.8586,40.7012],[-73.8522,40.7023],[-73.8547,40.7068],[-73.8633,40.7034]]]}},{"type":"Feature","properties":{"geoid":"36081064101","clusterId":"new-york-central"},"geometry":{"type":"Polygon","coordinates":[[[-73.8545,40.7007],[-73.8527,40.6976],[-73.8491,40.6984],[-73.8507,40.7002],[-73.8545,40.7007]]]}},{"type":"Feature","properties":{"geoid":"36081064500","clusterId":"new-york-central"},"geometry":{"type":"Polygon","coordinates":[[[-73.8573,40.7115],[-73.8559,40.7064],[-73.843,40.7092],[-73.8573,40.7115]]]}},{"type":"Feature","properties":{"geoid":"36081064600","clusterId":"new-york-east"},"geometry":{"type":"Polygon","coordinates":[[[-73.7488,40.673],[-73.7385,40.6693],[-73.7359,40.6724],[-73.7465,40.6763],[-73.7488,40.673]]]}},{"type":"Feature","properties":{"geoid":"36081065000","clusterId":"new-york-east"},"geometry":{"type":"Polygon","coordinates":[[[-73.7508,40.6698],[-73.7447,40.6674],[-73.7454,40.6664],[-73.7412,40.6664],[-73.7385,40.6693],[-73.7488,40.673],[-73.7508,40.6698]]]}},{"type":"Feature","properties":{"geoid":"36081065401","clusterId":"new-york-east"},"geometry":{"type":"Polygon","coordinates":[[[-73.7424,40.6609],[-73.7381,40.6582],[-73.7352,40.6624],[-73.7362,40.6635],[-73.7298,40.6664],[-73.7386,40.6664],[-73.7424,40.6609]]]}},{"type":"Feature","properties":{"geoid":"36081065600","clusterId":"new-york-east"},"geometry":{"type":"Polygon","coordinates":[[[-73.7366,40.6616],[-73.7363,40.6606],[-73.733,40.6627],[-73.7284,40.6574],[-73.7295,40.6574],[-73.7298,40.6522],[-73.7269,40.6521],[-73.7264,40.6542],[-73.7249,40.6534],[-73.7283,40.6664],[-73.7362,40.6635],[-73.7352,40.6624],[-73.7366,40.6616]]]}},{"type":"Feature","properties":{"geoid":"36081065702","clusterId":"new-york-central"},"geometry":{"type":"Polygon","coordinates":[[[-73.8871,40.7137],[-73.8869,40.7122],[-73.8783,40.7128],[-73.8802,40.7152],[-73.8871,40.7137]]]}},{"type":"Feature","properties":{"geoid":"36081065703","clusterId":"new-york-central"},"geometry":{"type":"Polygon","coordinates":[[[-73.8793,40.7155],[-73.8783,40.7128],[-73.8716,40.7133],[-73.8724,40.7178],[-73.8793,40.7155]]]}},{"type":"Feature","properties":{"geoid":"36081065900","clusterId":"new-york-central"},"geometry":{"type":"Polygon","coordinates":[[[-73.8879,40.7158],[-73.8872,40.714],[-73.8806,40.7143],[-73.8772,40.7156],[-73.8772,40.7172],[-73.8879,40.7158]]]}},{"type":"Feature","properties":{"geoid":"36081066000","clusterId":"new-york-east"},"geometry":{"type":"Polygon","coordinates":[[[-73.7377,40.6588],[-73.7367,40.6559],[-73.7296,40.6557],[-73.7284,40.6574],[-73.733,40.6627],[-73.7377,40.6588]]]}},{"type":"Feature","properties":{"geoid":"36081066100","clusterId":"new-york-central"},"geometry":{"type":"Polygon","coordinates":[[[-73.8867,40.7164],[-73.8816,40.7162],[-73.8779,40.7179],[-73.8792,40.7194],[-73.8867,40.7164]]]}},{"type":"Feature","properties":{"geoid":"36081066301","clusterId":"new-york-central"},"geometry":{"type":"Polygon","coordinates":[[[-73.8809,40.7216],[-73.8742,40.7222],[-73.8736,40.7205],[-73.8792,40.7194],[-73.8779,40.7179],[-73.8699,40.7216],[-73.8728,40.7253],[-73.8809,40.7216]]]}},{"type":"Feature","properties":{"geoid":"36081066401","clusterId":"new-york-east"},"geometry":{"type":"Polygon","coordinates":[[[-73.752,40.6467],[-73.7487,40.645],[-73.7464,40.6415],[-73.748,40.6346],[-73.7433,40.638],[-73.7412,40.6376],[-73.7426,40.635],[-73.74,40.6351],[-73.7423,40.6401],[-73.7414,40.6469],[-73.7367,40.6491],[-73.7415,40.6574],[-73.7451,40.6574],[-73.7433,40.6561],[-73.7433,40.6525],[-73.7465,40.6526],[-73.7461,40.6489],[-73.7483,40.6454],[-73.752,40.6467]]]}},{"type":"Feature","properties":{"geoid":"36081066402","clusterId":"new-york-east"},"geometry":{"type":"Polygon","coordinates":[[[-73.7451,40.6577],[-73.7415,40.6574],[-73.7394,40.6538],[-73.7297,40.6536],[-73.7296,40.6557],[-73.7367,40.6559],[-73.7366,40.6575],[-73.743,40.6603],[-73.7451,40.6577]]]}},{"type":"Feature","properties":{"geoid":"36081066403","clusterId":"new-york-east"},"geometry":{"type":"Polygon","coordinates":[[[-73.7394,40.6538],[-73.7367,40.6491],[-73.7248,40.653],[-73.7264,40.6542],[-73.7269,40.6521],[-73.7298,40.6522],[-73.7297,40.6536],[-73.7394,40.6538]]]}},{"type":"Feature","properties":{"geoid":"36081066501","clusterId":"new-york-central"},"geometry":{"type":"Polygon","coordinates":[[[-73.8939,40.7181],[-73.8928,40.716],[-73.8905,40.7187],[-73.8879,40.7158],[-73.8842,40.7175],[-73.8856,40.7191],[-73.8848,40.7208],[-73.8809,40.7216],[-73.8824,40.7235],[-73.8939,40.7181]]]}},{"type":"Feature","properties":{"geoid":"36081066701","clusterId":"new-york-central"},"geometry":{"type":"Polygon","coordinates":[[[-73.895,40.7228],[-73.8927,40.7191],[-73.8942,40.7179],[-73.8872,40.7213],[-73.8902,40.7249],[-73.895,40.7228]]]}},{"type":"Feature","properties":{"geoid":"36081066900","clusterId":"new-york-central"},"geometry":{"type":"Polygon","coordinates":[[[-73.889,40.7248],[-73.8902,40.7249],[-73.8872,40.7213],[-73.8816,40.7239],[-73.8826,40.7251],[-73.889,40.7248]]]}},{"type":"Feature","properties":{"geoid":"36081067100","clusterId":"new-york-central"},"geometry":{"type":"Polygon","coordinates":[[[-73.8826,40.7251],[-73.8809,40.7216],[-73.8728,40.7253],[-73.8747,40.7271],[-73.8826,40.7251]]]}},{"type":"Feature","properties":{"geoid":"36081067700","clusterId":"new-york-central"},"geometry":{"type":"Polygon","coordinates":[[[-73.8779,40.7179],[-73.868,40.7193],[-73.8699,40.7216],[-73.8779,40.7179]]]}},{"type":"Feature","properties":{"geoid":"36081067900","clusterId":"new-york-central"},"geometry":{"type":"Polygon","coordinates":[[[-73.8744,40.7272],[-73.868,40.7193],[-73.8655,40.7203],[-73.8714,40.7292],[-73.8744,40.7272]]]}},{"type":"Feature","properties":{"geoid":"36081068000","clusterId":"new-york-east"},"geometry":{"type":"Polygon","coordinates":[[[-73.7589,40.664],[-73.7478,40.6586],[-73.7449,40.6637],[-73.7386,40.6664],[-73.7576,40.6665],[-73.7589,40.664]]]}},{"type":"Feature","properties":{"geoid":"36081068200","clusterId":"new-york-east"},"geometry":{"type":"Polygon","coordinates":[[[-73.7549,40.667],[-73.7447,40.6674],[-73.7528,40.6704],[-73.7549,40.667]]]}},{"type":"Feature","properties":{"geoid":"36081068300","clusterId":"new-york-central"},"geometry":{"type":"Polygon","coordinates":[[[-73.8747,40.7347],[-73.869,40.7328],[-73.8646,40.7342],[-73.8661,40.7373],[-73.8747,40.7347]]]}},{"type":"Feature","properties":{"geoid":"36081068700","clusterId":"new-york-central"},"geometry":{"type":"Polygon","coordinates":[[[-73.875,40.7308],[-73.8714,40.7292],[-73.8706,40.7271],[-73.8685,40.729],[-73.8663,40.7282],[-73.8645,40.7311],[-73.869,40.7328],[-73.875,40.7308]]]}},{"type":"Feature","properties":{"geoid":"36081069000","clusterId":"new-york-east"},"geometry":{"type":"Polygon","coordinates":[[[-73.7609,40.6613],[-73.7598,40.6593],[-73.7486,40.6576],[-73.7478,40.6586],[-73.7591,40.6637],[-73.7609,40.6613]]]}},{"type":"Feature","properties":{"geoid":"36081069300","clusterId":"new-york-central"},"geometry":{"type":"Polygon","coordinates":[[[-73.8659,40.7288],[-73.8618,40.7269],[-73.8601,40.7295],[-73.8645,40.7311],[-73.8659,40.7288]]]}},{"type":"Feature","properties":{"geoid":"36081069400","clusterId":"new-york-east"},"geometry":{"type":"Polygon","coordinates":[[[-73.7598,40.6593],[-73.7601,40.6578],[-73.748,40.6525],[-73.7433,40.6525],[-73.7433,40.6561],[-73.7451,40.6574],[-73.7598,40.6593]]]}},{"type":"Feature","properties":{"geoid":"36081069500","clusterId":"new-york-central"},"geometry":{"type":"Polygon","coordinates":[[[-73.8705,40.7271],[-73.8673,40.7223],[-73.8641,40.7274],[-73.8685,40.729],[-73.8705,40.7271]]]}},{"type":"Feature","properties":{"geoid":"36081069701","clusterId":"new-york-central"},"geometry":{"type":"Polygon","coordinates":[[[-73.8641,40.7274],[-73.8581,40.7245],[-73.8573,40.7257],[-73.8594,40.7265],[-73.858,40.7287],[-73.8601,40.7295],[-73.8618,40.7269],[-73.8641,40.7274]]]}},{"type":"Feature","properties":{"geoid":"36081069702","clusterId":"new-york-central"},"geometry":{"type":"Polygon","coordinates":[[[-73.8673,40.7223],[-73.863,40.7177],[-73.8591,40.7195],[-73.8585,40.7215],[-73.862,40.726],[-73.8645,40.7268],[-73.8673,40.7223]]]}},{"type":"Feature","properties":{"geoid":"36081070300","clusterId":"new-york-central"},"geometry":{"type":"Polygon","coordinates":[[[-73.8629,40.7178],[-73.8598,40.7146],[-73.8598,40.7118],[-73.8573,40.7115],[-73.8585,40.7215],[-73.8591,40.7195],[-73.8629,40.7178]]]}},{"type":"Feature","properties":{"geoid":"36081070700","clusterId":"new-york-central"},"geometry":{"type":"Polygon","coordinates":[[[-73.8578,40.7165],[-73.8573,40.7115],[-73.8557,40.7112],[-73.8522,40.7168],[-73.8565,40.7184],[-73.8578,40.7165]]]}},{"type":"Feature","properties":{"geoid":"36081070900","clusterId":"new-york-central"},"geometry":{"type":"Polygon","coordinates":[[[-73.8585,40.7215],[-73.8578,40.7165],[-73.8565,40.7184],[-73.8522,40.7168],[-73.8506,40.7194],[-73.8585,40.7215]]]}},{"type":"Feature","properties":{"geoid":"36081071100","clusterId":"new-york-central"},"geometry":{"type":"Polygon","coordinates":[[[-73.8601,40.7252],[-73.862,40.726],[-73.8585,40.7215],[-73.8506,40.7194],[-73.8494,40.721],[-73.8453,40.7194],[-73.844,40.7215],[-73.8601,40.7252]]]}},{"type":"Feature","properties":{"geoid":"36081071303","clusterId":"new-york-central"},"geometry":{"type":"Polygon","coordinates":[[[-73.8536,40.7271],[-73.8467,40.7233],[-73.8492,40.7284],[-73.8536,40.7271]]]}},{"type":"Feature","properties":{"geoid":"36081071304","clusterId":"new-york-central"},"geometry":{"type":"Polygon","coordinates":[[[-73.8585,40.7303],[-73.8536,40.7271],[-73.8492,40.7284],[-73.8503,40.7297],[-73.8552,40.729],[-73.8563,40.731],[-73.8585,40.7303]]]}},{"type":"Feature","properties":{"geoid":"36081071305","clusterId":"new-york-central"},"geometry":{"type":"Polygon","coordinates":[[[-73.8535,40.7254],[-73.8545,40.7237],[-73.8473,40.7229],[-73.8524,40.7267],[-73.8535,40.7254]]]}},{"type":"Feature","properties":{"geoid":"36081071306","clusterId":"new-york-central"},"geometry":{"type":"Polygon","coordinates":[[[-73.859,40.7271],[-73.8573,40.7257],[-73.8581,40.7245],[-73.8558,40.7236],[-73.8524,40.7267],[-73.858,40.7287],[-73.859,40.7271]]]}},{"type":"Feature","properties":{"geoid":"36081071701","clusterId":"new-york-central"},"geometry":{"type":"Polygon","coordinates":[[[-73.8639,40.7318],[-73.8576,40.7286],[-73.8585,40.7303],[-73.8563,40.731],[-73.8577,40.7337],[-73.8639,40.7318]]]}},{"type":"Feature","properties":{"geoid":"36081071702","clusterId":"new-york-central"},"geometry":{"type":"Polygon","coordinates":[[[-73.869,40.7328],[-73.8645,40.7311],[-73.8577,40.7337],[-73.8589,40.7359],[-73.869,40.7328]]]}},{"type":"Feature","properties":{"geoid":"36081071900","clusterId":"new-york-central"},"geometry":{"type":"Polygon","coordinates":[[[-73.8588,40.7358],[-73.857,40.7325],[-73.8525,40.7336],[-73.8542,40.737],[-73.8588,40.7358]]]}},{"type":"Feature","properties":{"geoid":"36081072100","clusterId":"new-york-central"},"geometry":{"type":"Polygon","coordinates":[[[-73.857,40.7325],[-73.8552,40.729],[-73.8503,40.7297],[-73.8525,40.7336],[-73.857,40.7325]]]}},{"type":"Feature","properties":{"geoid":"36081072300","clusterId":"new-york-central"},"geometry":{"type":"Polygon","coordinates":[[[-73.8526,40.7162],[-73.8448,40.7117],[-73.8423,40.7156],[-73.8467,40.7172],[-73.8453,40.7194],[-73.8494,40.721],[-73.8526,40.7162]]]}},{"type":"Feature","properties":{"geoid":"36081072900","clusterId":"new-york-central"},"geometry":{"type":"Polygon","coordinates":[[[-73.8557,40.7112],[-73.8509,40.7105],[-73.8487,40.7139],[-73.853,40.7155],[-73.8557,40.7112]]]}},{"type":"Feature","properties":{"geoid":"36081073100","clusterId":"new-york-central"},"geometry":{"type":"Polygon","coordinates":[[[-73.8507,40.7107],[-73.843,40.7092],[-73.8407,40.7102],[-73.8491,40.7133],[-73.8507,40.7107]]]}},{"type":"Feature","properties":{"geoid":"36081073700","clusterId":"new-york-central"},"geometry":{"type":"Polygon","coordinates":[[[-73.8462,40.7179],[-73.8423,40.7156],[-73.8398,40.7196],[-73.844,40.7215],[-73.8462,40.7179]]]}},{"type":"Feature","properties":{"geoid":"36081073900","clusterId":"new-york-central"},"geometry":{"type":"Polygon","coordinates":[[[-73.8481,40.7257],[-73.8465,40.7239],[-73.8473,40.7229],[-73.8405,40.7203],[-73.8439,40.727],[-73.8481,40.7257]]]}},{"type":"Feature","properties":{"geoid":"36081074100","clusterId":"new-york-central"},"geometry":{"type":"Polygon","coordinates":[[[-73.8503,40.7297],[-73.8481,40.7257],[-73.8439,40.727],[-73.846,40.731],[-73.8503,40.7297]]]}},{"type":"Feature","properties":{"geoid":"36081074300","clusterId":"new-york-central"},"geometry":{"type":"Polygon","coordinates":[[[-73.8525,40.7336],[-73.8503,40.7297],[-73.846,40.731],[-73.848,40.735],[-73.8525,40.7336]]]}},{"type":"Feature","properties":{"geoid":"36081074500","clusterId":"new-york-central"},"geometry":{"type":"Polygon","coordinates":[[[-73.8542,40.737],[-73.8525,40.7336],[-73.848,40.735],[-73.8486,40.7381],[-73.8472,40.7386],[-73.8542,40.737]]]}},{"type":"Feature","properties":{"geoid":"36081074700","clusterId":"new-york-central"},"geometry":{"type":"Polygon","coordinates":[[[-73.8488,40.7364],[-73.8443,40.7276],[-73.8403,40.7288],[-73.8441,40.7325],[-73.8467,40.7386],[-73.8486,40.7381],[-73.8488,40.7364]]]}},{"type":"Feature","properties":{"geoid":"36081074900","clusterId":"new-york-central"},"geometry":{"type":"Polygon","coordinates":[[[-73.8444,40.7123],[-73.8407,40.7102],[-73.8349,40.7125],[-73.8412,40.7174],[-73.8444,40.7123]]]}},{"type":"Feature","properties":{"geoid":"36081075701","clusterId":"new-york-central"},"geometry":{"type":"Polygon","coordinates":[[[-73.8398,40.7196],[-73.8314,40.7145],[-73.8298,40.7156],[-73.836,40.7217],[-73.8398,40.7196]]]}},{"type":"Feature","properties":{"geoid":"36081075702","clusterId":"new-york-central"},"geometry":{"type":"Polygon","coordinates":[[[-73.8443,40.7276],[-73.8409,40.7201],[-73.836,40.7217],[-73.8403,40.7288],[-73.8443,40.7276]]]}},{"type":"Feature","properties":{"geoid":"36081076901","clusterId":"new-york-central"},"geometry":{"type":"Polygon","coordinates":[[[-73.841,40.7176],[-73.835,40.7122],[-73.8336,40.713],[-73.8367,40.7157],[-73.835,40.7172],[-73.8398,40.7196],[-73.841,40.7176]]]}},{"type":"Feature","properties":{"geoid":"36081076902","clusterId":"new-york-central"},"geometry":{"type":"Polygon","coordinates":[[[-73.8367,40.7157],[-73.8336,40.713],[-73.831,40.7143],[-73.835,40.7172],[-73.8367,40.7157]]]}},{"type":"Feature","properties":{"geoid":"36081077300","clusterId":"new-york-central"},"geometry":{"type":"Polygon","coordinates":[[[-73.843,40.7092],[-73.8371,40.708],[-73.8293,40.7124],[-73.831,40.7143],[-73.843,40.7092]]]}},{"type":"Feature","properties":{"geoid":"36081077500","clusterId":"new-york-central"},"geometry":{"type":"Polygon","coordinates":[[[-73.837,40.7082],[-73.8318,40.7061],[-73.8277,40.7106],[-73.8293,40.7124],[-73.837,40.7082]]]}},{"type":"Feature","properties":{"geoid":"36081077902","clusterId":"new-york-central"},"geometry":{"type":"Polygon","coordinates":[[[-73.8315,40.728],[-73.8274,40.7248],[-73.8259,40.7205],[-73.8194,40.722],[-73.8235,40.73],[-73.8315,40.728]]]}},{"type":"Feature","properties":{"geoid":"36081077903","clusterId":"new-york-east"},"geometry":{"type":"Polygon","coordinates":[[[-73.8259,40.7205],[-73.8253,40.7173],[-73.8172,40.7177],[-73.8194,40.722],[-73.8259,40.7205]]]}},{"type":"Feature","properties":{"geoid":"36081077904","clusterId":"new-york-east"},"geometry":{"type":"Polygon","coordinates":[[[-73.8193,40.722],[-73.8172,40.7177],[-73.809,40.7199],[-73.8104,40.7237],[-73.8193,40.722]]]}},{"type":"Feature","properties":{"geoid":"36081077905","clusterId":"new-york-east"},"geometry":{"type":"Polygon","coordinates":[[[-73.8201,40.7168],[-73.8078,40.7159],[-73.809,40.7199],[-73.8201,40.7168]]]}},{"type":"Feature","properties":{"geoid":"36081077906","clusterId":"new-york-east"},"geometry":{"type":"Polygon","coordinates":[[[-73.8234,40.73],[-73.8219,40.7267],[-73.8144,40.7281],[-73.8149,40.732],[-73.8234,40.73]]]}},{"type":"Feature","properties":{"geoid":"36081077907","clusterId":"new-york-east"},"geometry":{"type":"Polygon","coordinates":[[[-73.8217,40.7267],[-73.8194,40.722],[-73.8151,40.7233],[-73.8175,40.7279],[-73.8217,40.7267]]]}},{"type":"Feature","properties":{"geoid":"36081077908","clusterId":"new-york-east"},"geometry":{"type":"Polygon","coordinates":[[[-73.8172,40.7273],[-73.8151,40.7233],[-73.8104,40.7237],[-73.8107,40.7263],[-73.8144,40.7281],[-73.8172,40.7273]]]}},{"type":"Feature","properties":{"geoid":"36081078800","clusterId":"new-york-east"},"geometry":{"type":"Polygon","coordinates":[[[-73.7921,40.6718],[-73.7922,40.667],[-73.7894,40.6668],[-73.7881,40.673],[-73.7917,40.6735],[-73.7921,40.6718]]]}},{"type":"Feature","properties":{"geoid":"36081079000","clusterId":"new-york-east"},"geometry":{"type":"Polygon","coordinates":[[[-73.8016,40.6744],[-73.8013,40.6713],[-73.7924,40.6703],[-73.7917,40.6735],[-73.8016,40.6744]]]}},{"type":"Feature","properties":{"geoid":"36081079200","clusterId":"new-york-east"},"geometry":{"type":"Polygon","coordinates":[[[-73.8016,40.6673],[-73.7922,40.667],[-73.7915,40.6702],[-73.8013,40.6713],[-73.8016,40.6673]]]}},{"type":"Feature","properties":{"geoid":"36081079701","clusterId":"new-york-central"},"geometry":{"type":"Polygon","coordinates":[[[-73.8271,40.7545],[-73.8257,40.751],[-73.8219,40.7532],[-73.8247,40.7555],[-73.8271,40.7545]]]}},{"type":"Feature","properties":{"geoid":"36081079702","clusterId":"new-york-central"},"geometry":{"type":"Polygon","coordinates":[[[-73.833,40.7481],[-73.8258,40.7493],[-73.8269,40.7525],[-73.8255,40.753],[-73.8271,40.7545],[-73.8326,40.753],[-73.833,40.7481]]]}},{"type":"Feature","properties":{"geoid":"36081079900","clusterId":"new-york-central"},"geometry":{"type":"Polygon","coordinates":[[[-73.8313,40.7458],[-73.8243,40.7444],[-73.8233,40.7475],[-73.8277,40.7499],[-73.8306,40.749],[-73.8313,40.7458]]]}},{"type":"Feature","properties":{"geoid":"36081080301","clusterId":"new-york-central"},"geometry":{"type":"Polygon","coordinates":[[[-73.836,40.7437],[-73.8254,40.7423],[-73.8243,40.7444],[-73.8314,40.7451],[-73.8306,40.749],[-73.8345,40.7471],[-73.836,40.7437]]]}},{"type":"Feature","properties":{"geoid":"36081080302","clusterId":"new-york-central"},"geometry":{"type":"Polygon","coordinates":[[[-73.8359,40.7435],[-73.8311,40.7423],[-73.8295,40.737],[-73.8249,40.7399],[-73.815,40.7386],[-73.8258,40.7424],[-73.8359,40.7435]]]}},{"type":"Feature","properties":{"geoid":"36081080900","clusterId":"new-york-central"},"geometry":{"type":"Polygon","coordinates":[[[-73.8339,40.7306],[-73.8303,40.728],[-73.8149,40.732],[-73.815,40.7386],[-73.8249,40.7399],[-73.8257,40.7323],[-73.8339,40.7306]]]}},{"type":"Feature","properties":{"geoid":"36081081400","clusterId":"new-york-east"},"geometry":{"type":"Polygon","coordinates":[[[-73.8068,40.6692],[-73.8071,40.6677],[-73.8017,40.6668],[-73.8018,40.6744],[-73.8064,40.6747],[-73.8068,40.6692]]]}},{"type":"Feature","properties":{"geoid":"36081081800","clusterId":"new-york-east"},"geometry":{"type":"Polygon","coordinates":[[[-73.8132,40.6673],[-73.8055,40.6669],[-73.8071,40.6677],[-73.8062,40.6748],[-73.8098,40.6751],[-73.8132,40.6673]]]}},{"type":"Feature","properties":{"geoid":"36081083700","clusterId":"new-york-central"},"geometry":{"type":"Polygon","coordinates":[[[-73.8258,40.7493],[-73.8233,40.7475],[-73.8254,40.7423],[-73.8151,40.739],[-73.8138,40.7458],[-73.8211,40.7486],[-73.8242,40.7519],[-73.8258,40.7493]]]}},{"type":"Feature","properties":{"geoid":"36081083800","clusterId":"new-york-east"},"geometry":{"type":"Polygon","coordinates":[[[-73.8264,40.6715],[-73.827,40.6697],[-73.8132,40.6673],[-73.8121,40.6709],[-73.8258,40.6734],[-73.8264,40.6715]]]}},{"type":"Feature","properties":{"geoid":"36081084000","clusterId":"new-york-east"},"geometry":{"type":"Polygon","coordinates":[[[-73.8253,40.6752],[-73.8258,40.6734],[-73.8112,40.6707],[-73.8098,40.6751],[-73.8247,40.677],[-73.8253,40.6752]]]}},{"type":"Feature","properties":{"geoid":"36081084500","clusterId":"new-york-east"},"geometry":{"type":"Polygon","coordinates":[[[-73.8242,40.7519],[-73.8211,40.7486],[-73.8154,40.7472],[-73.8219,40.7532],[-73.8242,40.7519]]]}},{"type":"Feature","properties":{"geoid":"36081084601","clusterId":"new-york-east"},"geometry":{"type":"Polygon","coordinates":[[[-73.8275,40.6679],[-73.8281,40.6661],[-73.8194,40.6655],[-73.8132,40.6673],[-73.827,40.6697],[-73.8275,40.6679]]]}},{"type":"Feature","properties":{"geoid":"36081084602","clusterId":"new-york-east"},"geometry":{"type":"Polygon","coordinates":[[[-73.8333,40.6668],[-73.8268,40.6637],[-73.8133,40.6628],[-73.8022,40.6652],[-73.8017,40.6668],[-73.8132,40.6673],[-73.8186,40.6655],[-73.8333,40.6668]]]}},{"type":"Feature","properties":{"geoid":"36081084901","clusterId":"new-york-central"},"geometry":{"type":"Polygon","coordinates":[[[-73.8379,40.7545],[-73.8356,40.7514],[-73.8323,40.7519],[-73.83,40.7548],[-73.8307,40.7557],[-73.8331,40.7547],[-73.8338,40.7567],[-73.8379,40.7545]]]}},{"type":"Feature","properties":{"geoid":"36081084902","clusterId":"new-york-central"},"geometry":{"type":"Polygon","coordinates":[[[-73.8337,40.7563],[-73.8331,40.7547],[-73.8283,40.7554],[-73.8295,40.7582],[-73.8337,40.7563]]]}},{"type":"Feature","properties":{"geoid":"36081085300","clusterId":"new-york-central"},"geometry":{"type":"Polygon","coordinates":[[[-73.8306,40.7545],[-73.8299,40.7535],[-73.8247,40.7555],[-73.8271,40.7571],[-73.8252,40.7576],[-73.8265,40.7605],[-73.8301,40.7596],[-73.8283,40.7554],[-73.8306,40.7545]]]}},{"type":"Feature","properties":{"geoid":"36081085500","clusterId":"new-york-central"},"geometry":{"type":"Polygon","coordinates":[[[-73.8265,40.7605],[-73.8252,40.7576],[-73.8208,40.7588],[-73.8221,40.7616],[-73.8265,40.7605]]]}},{"type":"Feature","properties":{"geoid":"36081085700","clusterId":"new-york-central"},"geometry":{"type":"Polygon","coordinates":[[[-73.826,40.7574],[-73.8271,40.7571],[-73.824,40.7549],[-73.8192,40.7579],[-73.8206,40.7589],[-73.826,40.7574]]]}},{"type":"Feature","properties":{"geoid":"36081085900","clusterId":"new-york-east"},"geometry":{"type":"Polygon","coordinates":[[[-73.824,40.7549],[-73.8208,40.7522],[-73.8184,40.7538],[-73.8203,40.7555],[-73.8179,40.7571],[-73.8192,40.7579],[-73.824,40.7549]]]}},{"type":"Feature","properties":{"geoid":"36081086100","clusterId":"new-york-east"},"geometry":{"type":"Polygon","coordinates":[[[-73.8206,40.7589],[-73.8179,40.7571],[-73.8203,40.7555],[-73.8184,40.7538],[-73.8153,40.7554],[-73.8173,40.7598],[-73.8206,40.7589]]]}},{"type":"Feature","properties":{"geoid":"36081086300","clusterId":"new-york-east"},"geometry":{"type":"Polygon","coordinates":[[[-73.8226,40.7628],[-73.8208,40.7588],[-73.8173,40.7598],[-73.8191,40.7637],[-73.8226,40.7628]]]}},{"type":"Feature","properties":{"geoid":"36081086400","clusterId":"new-york-south"},"geometry":{"type":"Polygon","coordinates":[[[-73.8388,40.6799],[-73.8333,40.6668],[-73.8281,40.6661],[-73.8247,40.677],[-73.8388,40.6799]]]}},{"type":"Feature","properties":{"geoid":"36081086500","clusterId":"new-york-central"},"geometry":{"type":"Polygon","coordinates":[[[-73.8281,40.7641],[-73.8265,40.7605],[-73.8221,40.7616],[-73.8235,40.7647],[-73.8281,40.7641]]]}},{"type":"Feature","properties":{"geoid":"36081086900","clusterId":"new-york-central"},"geometry":{"type":"Polygon","coordinates":[[[-73.8394,40.7654],[-73.8356,40.7629],[-73.8349,40.7603],[-73.8275,40.7624],[-73.8279,40.7654],[-73.8307,40.7647],[-73.8334,40.7714],[-73.8394,40.7654]]]}},{"type":"Feature","properties":{"geoid":"36081087100","clusterId":"new-york-central"},"geometry":{"type":"Polygon","coordinates":[[[-73.8386,40.757],[-73.8379,40.7545],[-73.8265,40.7605],[-73.8275,40.7624],[-73.8349,40.7603],[-73.8356,40.7629],[-73.8369,40.7628],[-73.8386,40.757]]]}},{"type":"Feature","properties":{"geoid":"36081088400","clusterId":"new-york-south"},"geometry":{"type":"Polygon","coordinates":[[[-73.8424,40.6688],[-73.8357,40.6441],[-73.8253,40.6442],[-73.8287,40.6571],[-73.8333,40.6668],[-73.8424,40.6688]]]}},{"type":"Feature","properties":{"geoid":"36081088902","clusterId":"new-york-central"},"geometry":{"type":"Polygon","coordinates":[[[-73.8334,40.7714],[-73.8307,40.7647],[-73.8279,40.7654],[-73.8266,40.7706],[-73.8305,40.7702],[-73.8317,40.7725],[-73.8334,40.7714]]]}},{"type":"Feature","properties":{"geoid":"36081088903","clusterId":"new-york-east"},"geometry":{"type":"Polygon","coordinates":[[[-73.8317,40.7725],[-73.8305,40.7702],[-73.8266,40.7706],[-73.8258,40.7759],[-73.8222,40.7817],[-73.8253,40.7817],[-73.8317,40.7725]]]}},{"type":"Feature","properties":{"geoid":"36081089201","clusterId":"new-york-south"},"geometry":{"type":"Polygon","coordinates":[[[-73.8544,40.6586],[-73.8532,40.6538],[-73.8484,40.6545],[-73.8468,40.6478],[-73.8368,40.6492],[-73.8417,40.666],[-73.8544,40.6586]]]}},{"type":"Feature","properties":{"geoid":"36081090700","clusterId":"new-york-central"},"geometry":{"type":"Polygon","coordinates":[[[-73.8526,40.7721],[-73.8537,40.7695],[-73.8485,40.7638],[-73.8394,40.7654],[-73.8299,40.7742],[-73.8253,40.7817],[-73.8396,40.7817],[-73.8398,40.7786],[-73.8434,40.7786],[-73.8446,40.7731],[-73.8526,40.7721]]]}},{"type":"Feature","properties":{"geoid":"36081091603","clusterId":"new-york-south"},"geometry":{"type":"Polygon","coordinates":[[[-73.9321,40.5577],[-73.9291,40.5531],[-73.921,40.5563],[-73.9098,40.5567],[-73.9098,40.5608],[-73.8828,40.5676],[-73.8863,40.5735],[-73.9281,40.5678],[-73.9321,40.5577]]]}},{"type":"Feature","properties":{"geoid":"36081091900","clusterId":"new-york-central"},"geometry":{"type":"Polygon","coordinates":[[[-73.8533,40.7783],[-73.8605,40.779],[-73.8529,40.7755],[-73.8526,40.7721],[-73.8489,40.772],[-73.8488,40.7732],[-73.8446,40.7731],[-73.8434,40.7786],[-73.8398,40.7786],[-73.8396,40.7817],[-73.8414,40.7817],[-73.8415,40.7802],[-73.8493,40.7801],[-73.8533,40.7783]]]}},{"type":"Feature","properties":{"geoid":"36081092200","clusterId":"new-york-south"},"geometry":{"type":"Polygon","coordinates":[[[-73.8665,40.5727],[-73.8628,40.5668],[-73.8577,40.5628],[-73.8521,40.5649],[-73.857,40.5692],[-73.8598,40.5742],[-73.8548,40.5759],[-73.8595,40.5839],[-73.866,40.581],[-73.8627,40.5758],[-73.8632,40.5741],[-73.8665,40.5727]]]}},{"type":"Feature","properties":{"geoid":"36081092500","clusterId":"new-york-central"},"geometry":{"type":"Polygon","coordinates":[[[-73.8487,40.7817],[-73.8488,40.7801],[-73.8415,40.7802],[-73.8412,40.7852],[-73.8485,40.7841],[-73.8487,40.7817]]]}},{"type":"Feature","properties":{"geoid":"36081092800","clusterId":"new-york-south"},"geometry":{"type":"Polygon","coordinates":[[[-73.859,40.5745],[-73.857,40.5692],[-73.8521,40.5649],[-73.8417,40.5688],[-73.8438,40.5739],[-73.847,40.5727],[-73.8549,40.586],[-73.8595,40.5839],[-73.8548,40.5759],[-73.859,40.5745]]]}},{"type":"Feature","properties":{"geoid":"36081092900","clusterId":"new-york-central"},"geometry":{"type":"Polygon","coordinates":[[[-73.8715,40.787],[-73.8654,40.785],[-73.8605,40.779],[-73.8495,40.7791],[-73.8485,40.7841],[-73.8449,40.7843],[-73.8531,40.8001],[-73.863,40.7977],[-73.8702,40.7909],[-73.8715,40.787]]]}},{"type":"Feature","properties":{"geoid":"36081093401","clusterId":"new-york-south"},"geometry":{"type":"Polygon","coordinates":[[[-73.8549,40.586],[-73.847,40.5727],[-73.8414,40.5747],[-73.8462,40.5817],[-73.8393,40.5819],[-73.8407,40.5861],[-73.8549,40.586]]]}},{"type":"Feature","properties":{"geoid":"36081093402","clusterId":"new-york-south"},"geometry":{"type":"Polygon","coordinates":[[[-73.8461,40.5818],[-73.8414,40.5747],[-73.8438,40.5739],[-73.8417,40.5688],[-73.8335,40.5713],[-73.8388,40.5826],[-73.8461,40.5818]]]}},{"type":"Feature","properties":{"geoid":"36081093800","clusterId":"new-york-south"},"geometry":{"type":"Polygon","coordinates":[[[-73.8407,40.5861],[-73.8335,40.5713],[-73.8167,40.576],[-73.8273,40.5878],[-73.8407,40.5861]]]}},{"type":"Feature","properties":{"geoid":"36081093900","clusterId":"new-york-east"},"geometry":{"type":"Polygon","coordinates":[[[-73.8531,40.8001],[-73.8461,40.7881],[-73.8401,40.7878],[-73.839,40.7914],[-73.8408,40.7915],[-73.8407,40.7939],[-73.8366,40.7925],[-73.839,40.7971],[-73.8324,40.7964],[-73.8354,40.8022],[-73.8531,40.8001]]]}},{"type":"Feature","properties":{"geoid":"36081094201","clusterId":"new-york-south"},"geometry":{"type":"Polygon","coordinates":[[[-73.827,40.588],[-73.8213,40.5813],[-73.8156,40.5828],[-73.8191,40.5878],[-73.8198,40.5919],[-73.827,40.588]]]}},{"type":"Feature","properties":{"geoid":"36081094202","clusterId":"new-york-south"},"geometry":{"type":"Polygon","coordinates":[[[-73.8198,40.5919],[-73.8172,40.5857],[-73.801,40.5891],[-73.8035,40.5943],[-73.8075,40.5979],[-73.8103,40.5951],[-73.8198,40.5919]]]}},{"type":"Feature","properties":{"geoid":"36081094203","clusterId":"new-york-south"},"geometry":{"type":"Polygon","coordinates":[[[-73.8213,40.5813],[-73.8167,40.576],[-73.8005,40.5802],[-73.802,40.5889],[-73.8146,40.5868],[-73.8172,40.5857],[-73.8156,40.5828],[-73.8213,40.5813]]]}},{"type":"Feature","properties":{"geoid":"36081094500","clusterId":"new-york-east"},"geometry":{"type":"Polygon","coordinates":[[[-73.8408,40.7925],[-73.839,40.7914],[-73.8401,40.7878],[-73.8382,40.7878],[-73.8387,40.7817],[-73.825,40.7817],[-73.8226,40.7907],[-73.8307,40.8031],[-73.8354,40.8022],[-73.8324,40.7964],[-73.839,40.7971],[-73.8366,40.7925],[-73.8407,40.7939],[-73.8408,40.7925]]]}},{"type":"Feature","properties":{"geoid":"36081094700","clusterId":"new-york-central"},"geometry":{"type":"Polygon","coordinates":[[[-73.8461,40.7881],[-73.8458,40.7854],[-73.8412,40.7852],[-73.8414,40.7817],[-73.8387,40.7817],[-73.8382,40.7878],[-73.8461,40.7881]]]}},{"type":"Feature","properties":{"geoid":"36081095400","clusterId":"new-york-south"},"geometry":{"type":"Polygon","coordinates":[[[-73.8075,40.5979],[-73.8012,40.5904],[-73.8005,40.5802],[-73.7948,40.5813],[-73.7968,40.5994],[-73.7937,40.6026],[-73.8025,40.601],[-73.8075,40.5979]]]}},{"type":"Feature","properties":{"geoid":"36081096400","clusterId":"new-york-south"},"geometry":{"type":"Polygon","coordinates":[[[-73.7968,40.5994],[-73.7948,40.5813],[-73.7879,40.5819],[-73.7892,40.5967],[-73.7911,40.5971],[-73.7862,40.6031],[-73.7891,40.6056],[-73.7968,40.5994]]]}},{"type":"Feature","properties":{"geoid":"36081097202","clusterId":"new-york-south"},"geometry":{"type":"Polygon","coordinates":[[[-73.789,40.5924],[-73.7879,40.5819],[-73.7688,40.5846],[-73.7702,40.594],[-73.789,40.5924]]]}},{"type":"Feature","properties":{"geoid":"36081097204","clusterId":"new-york-south"},"geometry":{"type":"Polygon","coordinates":[[[-73.7891,40.594],[-73.789,40.5924],[-73.7851,40.5922],[-73.7727,40.5933],[-73.7739,40.5958],[-73.7891,40.594]]]}},{"type":"Feature","properties":{"geoid":"36081097205","clusterId":"new-york-south"},"geometry":{"type":"Polygon","coordinates":[[[-73.7893,40.5952],[-73.7891,40.594],[-73.7818,40.5953],[-73.7821,40.5978],[-73.7884,40.5975],[-73.7893,40.5952]]]}},{"type":"Feature","properties":{"geoid":"36081097206","clusterId":"new-york-south"},"geometry":{"type":"Polygon","coordinates":[[[-73.782,40.5965],[-73.7818,40.5953],[-73.7707,40.596],[-73.7712,40.5983],[-73.7737,40.5982],[-73.775,40.6017],[-73.7801,40.5963],[-73.782,40.5965]]]}},{"type":"Feature","properties":{"geoid":"36081097300","clusterId":"new-york-east"},"geometry":{"type":"Polygon","coordinates":[[[-73.8305,40.8032],[-73.8225,40.7896],[-73.8161,40.7878],[-73.8212,40.799],[-73.8235,40.7971],[-73.8276,40.8039],[-73.8305,40.8032]]]}},{"type":"Feature","properties":{"geoid":"36081098100","clusterId":"new-york-east"},"geometry":{"type":"Polygon","coordinates":[[[-73.8276,40.8039],[-73.8235,40.7971],[-73.8212,40.799],[-73.8161,40.7878],[-73.8134,40.7872],[-73.8138,40.7888],[-73.8115,40.7894],[-73.8138,40.795],[-73.8104,40.795],[-73.8101,40.7971],[-73.8113,40.8054],[-73.8276,40.8039]]]}},{"type":"Feature","properties":{"geoid":"36081098700","clusterId":"new-york-east"},"geometry":{"type":"Polygon","coordinates":[[[-73.8138,40.7888],[-73.8134,40.7872],[-73.8063,40.7863],[-73.808,40.7869],[-73.8073,40.7916],[-73.8046,40.7914],[-73.8041,40.7945],[-73.8001,40.7956],[-73.7997,40.8022],[-73.8113,40.8054],[-73.8104,40.795],[-73.8138,40.795],[-73.8115,40.7894],[-73.8138,40.7888]]]}},{"type":"Feature","properties":{"geoid":"36081099100","clusterId":"new-york-east"},"geometry":{"type":"Polygon","coordinates":[[[-73.808,40.787],[-73.7978,40.7858],[-73.7906,40.7881],[-73.7934,40.7923],[-73.7936,40.8004],[-73.7997,40.8022],[-73.8001,40.7956],[-73.8041,40.7945],[-73.8046,40.7914],[-73.8073,40.7916],[-73.808,40.787]]]}},{"type":"Feature","properties":{"geoid":"36081099200","clusterId":"new-york-south"},"geometry":{"type":"Polygon","coordinates":[[[-73.7738,40.5958],[-73.7727,40.5931],[-73.7702,40.594],[-73.7688,40.5846],[-73.7639,40.5852],[-73.7644,40.5946],[-73.7628,40.5948],[-73.7633,40.5978],[-73.7616,40.5999],[-73.7665,40.5994],[-73.7675,40.5963],[-73.7681,40.5979],[-73.7712,40.5983],[-73.7707,40.596],[-73.7738,40.5958]]]}},{"type":"Feature","properties":{"geoid":"36081099701","clusterId":"new-york-east"},"geometry":{"type":"Polygon","coordinates":[[[-73.795,40.7862],[-73.7927,40.7738],[-73.7846,40.7761],[-73.7853,40.782],[-73.7876,40.7859],[-73.7906,40.7881],[-73.795,40.7862]]]}},{"type":"Feature","properties":{"geoid":"36081099703","clusterId":"new-york-east"},"geometry":{"type":"Polygon","coordinates":[[[-73.7823,40.7888],[-73.7755,40.781],[-73.7755,40.777],[-73.7676,40.7783],[-73.7682,40.7794],[-73.7668,40.7798],[-73.7682,40.7794],[-73.7741,40.7863],[-73.7817,40.7905],[-73.7823,40.7888]]]}},{"type":"Feature","properties":{"geoid":"36081099704","clusterId":"new-york-east"},"geometry":{"type":"Polygon","coordinates":[[[-73.7854,40.7824],[-73.7846,40.7761],[-73.7754,40.7799],[-73.7823,40.7887],[-73.7835,40.7887],[-73.7824,40.783],[-73.7854,40.7824]]]}},{"type":"Feature","properties":{"geoid":"36081099705","clusterId":"new-york-east"},"geometry":{"type":"Polygon","coordinates":[[[-73.7936,40.8004],[-73.7929,40.7909],[-73.7854,40.7824],[-73.7824,40.783],[-73.7835,40.7887],[-73.7823,40.7887],[-73.7807,40.7936],[-73.7833,40.7948],[-73.7794,40.7967],[-73.7761,40.796],[-73.7723,40.7915],[-73.7708,40.788],[-73.7743,40.7868],[-73.7763,40.7885],[-73.7682,40.7794],[-73.7668,40.7798],[-73.7682,40.7794],[-73.7676,40.7783],[-73.7601,40.7807],[-73.7562,40.7887],[-73.7637,40.7938],[-73.779,40.8117],[-73.7847,40.8026],[-73.7879,40.8004],[-73.7936,40.8004]]]}},{"type":"Feature","properties":{"geoid":"36081099801","clusterId":"new-york-south"},"geometry":{"type":"Polygon","coordinates":[[[-73.7633,40.5978],[-73.763,40.596],[-73.7532,40.5952],[-73.7525,40.5992],[-73.7541,40.5995],[-73.7538,40.6007],[-73.7597,40.6011],[-73.7633,40.5978]]]}},{"type":"Feature","properties":{"geoid":"36081099802","clusterId":"new-york-south"},"geometry":{"type":"Polygon","coordinates":[[[-73.7644,40.5946],[-73.7639,40.5852],[-73.7556,40.5831],[-73.7555,40.5854],[-73.7524,40.588],[-73.7532,40.5952],[-73.7613,40.5962],[-73.7644,40.5946]]]}},{"type":"Feature","properties":{"geoid":"36081100801","clusterId":"new-york-south"},"geometry":{"type":"Polygon","coordinates":[[[-73.7773,40.6131],[-73.7724,40.6073],[-73.7699,40.6066],[-73.761,40.6065],[-73.7589,40.6112],[-73.7652,40.6149],[-73.7723,40.6151],[-73.7773,40.6131]]]}},{"type":"Feature","properties":{"geoid":"36081100803","clusterId":"new-york-south"},"geometry":{"type":"Polygon","coordinates":[[[-73.7639,40.5997],[-73.7579,40.6013],[-73.7538,40.6007],[-73.7529,40.6043],[-73.761,40.6065],[-73.7605,40.6019],[-73.7639,40.5997]]]}},{"type":"Feature","properties":{"geoid":"36081100804","clusterId":"new-york-south"},"geometry":{"type":"Polygon","coordinates":[[[-73.7724,40.6071],[-73.7712,40.5983],[-73.7681,40.5979],[-73.7677,40.5963],[-73.7665,40.5994],[-73.7605,40.6019],[-73.761,40.6065],[-73.7724,40.6071]]]}},{"type":"Feature","properties":{"geoid":"36081101002","clusterId":"new-york-south"},"geometry":{"type":"Polygon","coordinates":[[[-73.7457,40.6034],[-73.7434,40.5928],[-73.7372,40.593],[-73.7392,40.604],[-73.7457,40.6034]]]}},{"type":"Feature","properties":{"geoid":"36081101003","clusterId":"new-york-south"},"geometry":{"type":"Polygon","coordinates":[[[-73.7539,40.6001],[-73.7507,40.5988],[-73.7454,40.602],[-73.7457,40.6034],[-73.7497,40.6026],[-73.7529,40.6043],[-73.7539,40.6001]]]}},{"type":"Feature","properties":{"geoid":"36081101004","clusterId":"new-york-south"},"geometry":{"type":"Polygon","coordinates":[[[-73.7532,40.5973],[-73.7524,40.588],[-73.7434,40.5928],[-73.7454,40.602],[-73.7507,40.5988],[-73.7525,40.5992],[-73.7532,40.5973]]]}},{"type":"Feature","properties":{"geoid":"36081101700","clusterId":"new-york-east"},"geometry":{"type":"Polygon","coordinates":[[[-73.8037,40.7763],[-73.7957,40.773],[-73.7927,40.7738],[-73.7949,40.7863],[-73.8024,40.786],[-73.8037,40.7763]]]}},{"type":"Feature","properties":{"geoid":"36081102900","clusterId":"new-york-east"},"geometry":{"type":"Polygon","coordinates":[[[-73.8137,40.7848],[-73.8085,40.783],[-73.8088,40.7809],[-73.8032,40.7797],[-73.8024,40.786],[-73.8134,40.7872],[-73.8137,40.7848]]]}},{"type":"Feature","properties":{"geoid":"36081103201","clusterId":"new-york-south"},"geometry":{"type":"Polygon","coordinates":[[[-73.7598,40.6096],[-73.761,40.6065],[-73.7544,40.605],[-73.7511,40.6094],[-73.7469,40.6118],[-73.7589,40.6112],[-73.7598,40.6096]]]}},{"type":"Feature","properties":{"geoid":"36081103202","clusterId":"new-york-south"},"geometry":{"type":"Polygon","coordinates":[[[-73.7544,40.605],[-73.7497,40.6026],[-73.7423,40.6029],[-73.7406,40.6049],[-73.7455,40.6119],[-73.7499,40.6103],[-73.7544,40.605]]]}},{"type":"Feature","properties":{"geoid":"36081103300","clusterId":"new-york-east"},"geometry":{"type":"Polygon","coordinates":[[[-73.8148,40.777],[-73.8038,40.7756],[-73.8032,40.7797],[-73.8088,40.7809],[-73.8085,40.783],[-73.8138,40.7841],[-73.8148,40.777]]]}},{"type":"Feature","properties":{"geoid":"36081103900","clusterId":"new-york-east"},"geometry":{"type":"Polygon","coordinates":[[[-73.8246,40.7829],[-73.825,40.7817],[-73.8222,40.7817],[-73.8233,40.7796],[-73.8145,40.7789],[-73.8134,40.7872],[-73.8225,40.7896],[-73.8246,40.7829]]]}},{"type":"Feature","properties":{"geoid":"36081104700","clusterId":"new-york-east"},"geometry":{"type":"Polygon","coordinates":[[[-73.8266,40.7723],[-73.8266,40.7701],[-73.8132,40.7716],[-73.8132,40.7728],[-73.8155,40.7729],[-73.8145,40.7789],[-73.8233,40.7796],[-73.8266,40.7723]]]}},{"type":"Feature","properties":{"geoid":"36081105900","clusterId":"new-york-east"},"geometry":{"type":"Polygon","coordinates":[[[-73.8153,40.7737],[-73.8132,40.7716],[-73.8044,40.7711],[-73.7972,40.7739],[-73.7985,40.7752],[-73.8149,40.7765],[-73.8153,40.7737]]]}},{"type":"Feature","properties":{"geoid":"36081107201","clusterId":"new-york-south"},"geometry":{"type":"Polygon","coordinates":[[[-73.8347,40.5959],[-73.8323,40.5946],[-73.8207,40.5952],[-73.8174,40.6052],[-73.8151,40.6073],[-73.8145,40.6111],[-73.8154,40.6104],[-73.8162,40.6129],[-73.8142,40.6146],[-73.8209,40.6152],[-73.8241,40.6123],[-73.8216,40.6085],[-73.8209,40.6123],[-73.8198,40.6105],[-73.8245,40.6008],[-73.8215,40.6],[-73.8238,40.6],[-73.8246,40.5982],[-73.826,40.5995],[-73.828,40.5977],[-73.8323,40.5978],[-73.8347,40.5959]]]}},{"type":"Feature","properties":{"geoid":"36081108500","clusterId":"new-york-east"},"geometry":{"type":"Polygon","coordinates":[[[-73.7957,40.773],[-73.7919,40.7689],[-73.7837,40.7714],[-73.7846,40.7761],[-73.7957,40.773]]]}},{"type":"Feature","properties":{"geoid":"36081109300","clusterId":"new-york-east"},"geometry":{"type":"Polygon","coordinates":[[[-73.7846,40.7761],[-73.7837,40.7714],[-73.77,40.773],[-73.772,40.7715],[-73.7706,40.7696],[-73.7638,40.7725],[-73.7619,40.7709],[-73.7592,40.7719],[-73.7601,40.7807],[-73.7682,40.7781],[-73.7686,40.7791],[-73.7755,40.777],[-73.7758,40.7786],[-73.7846,40.7761]]]}},{"type":"Feature","properties":{"geoid":"36081109700","clusterId":"new-york-east"},"geometry":{"type":"Polygon","coordinates":[[[-73.7836,40.7714],[-73.7815,40.7671],[-73.7706,40.7696],[-73.772,40.7715],[-73.7697,40.772],[-73.77,40.773],[-73.7772,40.7715],[-73.7775,40.7731],[-73.7836,40.7714]]]}},{"type":"Feature","properties":{"geoid":"36081109900","clusterId":"new-york-east"},"geometry":{"type":"Polygon","coordinates":[[[-73.7919,40.7689],[-73.7881,40.7642],[-73.7815,40.7671],[-73.7837,40.7714],[-73.7919,40.7689]]]}},{"type":"Feature","properties":{"geoid":"36081111300","clusterId":"new-york-east"},"geometry":{"type":"Polygon","coordinates":[[[-73.7702,40.7697],[-73.7683,40.7634],[-73.7535,40.7654],[-73.758,40.7684],[-73.7592,40.7719],[-73.7619,40.7709],[-73.7638,40.7725],[-73.7702,40.7697]]]}},{"type":"Feature","properties":{"geoid":"36081112300","clusterId":"new-york-east"},"geometry":{"type":"Polygon","coordinates":[[[-73.7747,40.7688],[-73.7729,40.7634],[-73.7683,40.7634],[-73.7702,40.7697],[-73.7747,40.7688]]]}},{"type":"Feature","properties":{"geoid":"36081112900","clusterId":"new-york-east"},"geometry":{"type":"Polygon","coordinates":[[[-73.7815,40.7671],[-73.779,40.7624],[-73.7708,40.7632],[-73.7729,40.7634],[-73.7747,40.7688],[-73.7815,40.7671]]]}},{"type":"Feature","properties":{"geoid":"36081113300","clusterId":"new-york-east"},"geometry":{"type":"Polygon","coordinates":[[[-73.7876,40.7644],[-73.7853,40.7618],[-73.779,40.7624],[-73.7815,40.7671],[-73.7876,40.7644]]]}},{"type":"Feature","properties":{"geoid":"36081113900","clusterId":"new-york-east"},"geometry":{"type":"Polygon","coordinates":[[[-73.7936,40.7672],[-73.7934,40.7608],[-73.7852,40.7614],[-73.7932,40.7704],[-73.7936,40.7672]]]}},{"type":"Feature","properties":{"geoid":"36081114100","clusterId":"new-york-east"},"geometry":{"type":"Polygon","coordinates":[[[-73.8015,40.7718],[-73.7988,40.7709],[-73.7996,40.7651],[-73.794,40.7647],[-73.7932,40.7704],[-73.7951,40.7726],[-73.7972,40.7739],[-73.8015,40.7718]]]}},{"type":"Feature","properties":{"geoid":"36081114700","clusterId":"new-york-east"},"geometry":{"type":"Polygon","coordinates":[[[-73.8048,40.7681],[-73.8052,40.7656],[-73.7996,40.7651],[-73.7988,40.7709],[-73.8044,40.7711],[-73.8048,40.7681]]]}},{"type":"Feature","properties":{"geoid":"36081115100","clusterId":"new-york-east"},"geometry":{"type":"Polygon","coordinates":[[[-73.8105,40.7686],[-73.8108,40.766],[-73.8052,40.7656],[-73.8044,40.7711],[-73.8101,40.7716],[-73.8105,40.7686]]]}},{"type":"Feature","properties":{"geoid":"36081115500","clusterId":"new-york-east"},"geometry":{"type":"Polygon","coordinates":[[[-73.8132,40.7716],[-73.8126,40.7632],[-73.8112,40.763],[-73.8101,40.7716],[-73.8132,40.7716]]]}},{"type":"Feature","properties":{"geoid":"36081115700","clusterId":"new-york-east"},"geometry":{"type":"Polygon","coordinates":[[[-73.8174,40.7666],[-73.8164,40.7632],[-73.8128,40.7641],[-73.8132,40.7716],[-73.8173,40.7715],[-73.8174,40.7666]]]}},{"type":"Feature","properties":{"geoid":"36081115900","clusterId":"new-york-east"},"geometry":{"type":"Polygon","coordinates":[[[-73.8247,40.7704],[-73.8237,40.7658],[-73.8174,40.7666],[-73.8173,40.7715],[-73.8247,40.7704]]]}},{"type":"Feature","properties":{"geoid":"36081116100","clusterId":"new-york-east"},"geometry":{"type":"Polygon","coordinates":[[[-73.8279,40.7654],[-73.8281,40.7641],[-73.8235,40.7647],[-73.8247,40.7704],[-73.8266,40.7701],[-73.8279,40.7654]]]}},{"type":"Feature","properties":{"geoid":"36081116301","clusterId":"new-york-east"},"geometry":{"type":"Polygon","coordinates":[[[-73.8237,40.7658],[-73.8226,40.7628],[-73.8173,40.7654],[-73.8174,40.7666],[-73.8237,40.7658]]]}},{"type":"Feature","properties":{"geoid":"36081116302","clusterId":"new-york-east"},"geometry":{"type":"Polygon","coordinates":[[[-73.8194,40.7651],[-73.8173,40.7598],[-73.8151,40.7604],[-73.8173,40.7654],[-73.8194,40.7651]]]}},{"type":"Feature","properties":{"geoid":"36081116700","clusterId":"new-york-east"},"geometry":{"type":"Polygon","coordinates":[[[-73.8164,40.7632],[-73.8151,40.7604],[-73.8077,40.761],[-73.8075,40.7623],[-73.8128,40.7641],[-73.8164,40.7632]]]}},{"type":"Feature","properties":{"geoid":"36081117100","clusterId":"new-york-east"},"geometry":{"type":"Polygon","coordinates":[[[-73.8111,40.764],[-73.8075,40.7623],[-73.8077,40.761],[-73.8003,40.7597],[-73.8021,40.7618],[-73.8014,40.7653],[-73.8108,40.766],[-73.8111,40.764]]]}},{"type":"Feature","properties":{"geoid":"36081117500","clusterId":"new-york-east"},"geometry":{"type":"Polygon","coordinates":[[[-73.8021,40.7618],[-73.7949,40.7578],[-73.7903,40.7578],[-73.7908,40.761],[-73.7934,40.7608],[-73.793,40.7646],[-73.8014,40.7653],[-73.8021,40.7618]]]}},{"type":"Feature","properties":{"geoid":"36081118100","clusterId":"new-york-east"},"geometry":{"type":"Polygon","coordinates":[[[-73.7908,40.761],[-73.7903,40.7578],[-73.7834,40.7578],[-73.7852,40.7614],[-73.7908,40.761]]]}},{"type":"Feature","properties":{"geoid":"36081118500","clusterId":"new-york-east"},"geometry":{"type":"Polygon","coordinates":[[[-73.8086,40.7611],[-73.8089,40.7591],[-73.7958,40.7581],[-73.8086,40.7611]]]}},{"type":"Feature","properties":{"geoid":"36081118700","clusterId":"new-york-east"},"geometry":{"type":"Polygon","coordinates":[[[-73.8173,40.7598],[-73.8162,40.7575],[-73.8089,40.7591],[-73.8086,40.7611],[-73.8173,40.7598]]]}},{"type":"Feature","properties":{"geoid":"36081118900","clusterId":"new-york-east"},"geometry":{"type":"Polygon","coordinates":[[[-73.8162,40.7575],[-73.8135,40.7543],[-73.8105,40.7542],[-73.8098,40.7592],[-73.8162,40.7575]]]}},{"type":"Feature","properties":{"geoid":"36081119100","clusterId":"new-york-east"},"geometry":{"type":"Polygon","coordinates":[[[-73.81,40.7576],[-73.8073,40.7566],[-73.8077,40.754],[-73.8039,40.7537],[-73.8042,40.7587],[-73.8098,40.7592],[-73.81,40.7576]]]}},{"type":"Feature","properties":{"geoid":"36081119300","clusterId":"new-york-east"},"geometry":{"type":"Polygon","coordinates":[[[-73.8042,40.7587],[-73.8045,40.7564],[-73.7947,40.7556],[-73.7958,40.7581],[-73.8042,40.7587]]]}},{"type":"Feature","properties":{"geoid":"36081119500","clusterId":"new-york-east"},"geometry":{"type":"Polygon","coordinates":[[[-73.8036,40.7563],[-73.8039,40.7537],[-73.7946,40.7536],[-73.7947,40.7556],[-73.8036,40.7563]]]}},{"type":"Feature","properties":{"geoid":"36081119900","clusterId":"new-york-east"},"geometry":{"type":"Polygon","coordinates":[[[-73.8127,40.7529],[-73.8115,40.7505],[-73.8091,40.7503],[-73.8073,40.7566],[-73.8101,40.7568],[-73.8107,40.7528],[-73.8127,40.7529]]]}},{"type":"Feature","properties":{"geoid":"36081120100","clusterId":"new-york-east"},"geometry":{"type":"Polygon","coordinates":[[[-73.817,40.7547],[-73.8133,40.7504],[-73.8119,40.7513],[-73.8127,40.7529],[-73.8107,40.7528],[-73.8105,40.7542],[-73.8156,40.7556],[-73.817,40.7547]]]}},{"type":"Feature","properties":{"geoid":"36081120300","clusterId":"new-york-east"},"geometry":{"type":"Polygon","coordinates":[[[-73.8165,40.7483],[-73.8142,40.7461],[-73.8075,40.7501],[-73.8119,40.7513],[-73.8165,40.7483]]]}},{"type":"Feature","properties":{"geoid":"36081120500","clusterId":"new-york-east"},"geometry":{"type":"Polygon","coordinates":[[[-73.8208,40.7522],[-73.8165,40.7483],[-73.8133,40.7504],[-73.8177,40.7543],[-73.8208,40.7522]]]}},{"type":"Feature","properties":{"geoid":"36081120701","clusterId":"new-york-east"},"geometry":{"type":"Polygon","coordinates":[[[-73.8091,40.7503],[-73.8029,40.7498],[-73.8034,40.7464],[-73.7947,40.7472],[-73.7988,40.7501],[-73.803,40.7505],[-73.8044,40.7537],[-73.8077,40.754],[-73.8091,40.7503]]]}},{"type":"Feature","properties":{"geoid":"36081121500","clusterId":"new-york-east"},"geometry":{"type":"Polygon","coordinates":[[[-73.8151,40.7399],[-73.7963,40.7383],[-73.797,40.7419],[-73.7994,40.7422],[-73.8143,40.743],[-73.8151,40.7399]]]}},{"type":"Feature","properties":{"geoid":"36081122300","clusterId":"new-york-east"},"geometry":{"type":"Polygon","coordinates":[[[-73.8047,40.7384],[-73.8027,40.7381],[-73.8041,40.7316],[-73.7943,40.7327],[-73.7963,40.7383],[-73.8047,40.7384]]]}},{"type":"Feature","properties":{"geoid":"36081122702","clusterId":"new-york-east"},"geometry":{"type":"Polygon","coordinates":[[[-73.8152,40.7288],[-73.8107,40.7263],[-73.8094,40.7386],[-73.8151,40.739],[-73.8152,40.7288]]]}},{"type":"Feature","properties":{"geoid":"36081122703","clusterId":"new-york-east"},"geometry":{"type":"Polygon","coordinates":[[[-73.8107,40.7337],[-73.8108,40.7323],[-73.8041,40.7316],[-73.8027,40.7381],[-73.8104,40.7383],[-73.8107,40.7337]]]}},{"type":"Feature","properties":{"geoid":"36081122704","clusterId":"new-york-east"},"geometry":{"type":"Polygon","coordinates":[[[-73.8109,40.7303],[-73.8111,40.7278],[-73.8032,40.7287],[-73.8032,40.7316],[-73.8108,40.7323],[-73.8109,40.7303]]]}},{"type":"Feature","properties":{"geoid":"36081124100","clusterId":"new-york-east"},"geometry":{"type":"Polygon","coordinates":[[[-73.8072,40.7283],[-73.8045,40.7215],[-73.7993,40.7232],[-73.8003,40.7275],[-73.7984,40.7274],[-73.7987,40.7314],[-73.8032,40.7316],[-73.8032,40.7287],[-73.8072,40.7283]]]}},{"type":"Feature","properties":{"geoid":"36081124700","clusterId":"new-york-east"},"geometry":{"type":"Polygon","coordinates":[[[-73.8003,40.7275],[-73.7993,40.7232],[-73.7917,40.7258],[-73.7943,40.7327],[-73.7986,40.7329],[-73.7984,40.7274],[-73.8003,40.7275]]]}},{"type":"Feature","properties":{"geoid":"36081125700","clusterId":"new-york-east"},"geometry":{"type":"Polygon","coordinates":[[[-73.8111,40.7278],[-73.809,40.7199],[-73.8045,40.7215],[-73.8072,40.7283],[-73.8111,40.7278]]]}},{"type":"Feature","properties":{"geoid":"36081126500","clusterId":"new-york-east"},"geometry":{"type":"Polygon","coordinates":[[[-73.809,40.7199],[-73.8086,40.7184],[-73.799,40.7201],[-73.8002,40.7229],[-73.809,40.7199]]]}},{"type":"Feature","properties":{"geoid":"36081126700","clusterId":"new-york-east"},"geometry":{"type":"Polygon","coordinates":[[[-73.8086,40.7184],[-73.8066,40.716],[-73.7907,40.7193],[-73.7905,40.7235],[-73.7917,40.7258],[-73.8002,40.7229],[-73.799,40.7201],[-73.8086,40.7184]]]}},{"type":"Feature","properties":{"geoid":"36081127700","clusterId":"new-york-east"},"geometry":{"type":"Polygon","coordinates":[[[-73.7917,40.7258],[-73.7907,40.7193],[-73.7804,40.7205],[-73.7752,40.7252],[-73.7776,40.7302],[-73.7917,40.7258]]]}},{"type":"Feature","properties":{"geoid":"36081129102","clusterId":"new-york-east"},"geometry":{"type":"Polygon","coordinates":[[[-73.7656,40.7325],[-73.7568,40.7263],[-73.7507,40.7292],[-73.7417,40.7368],[-73.7656,40.7325]]]}},{"type":"Feature","properties":{"geoid":"36081129103","clusterId":"new-york-east"},"geometry":{"type":"Polygon","coordinates":[[[-73.765,40.7345],[-73.7637,40.7329],[-73.7552,40.7343],[-73.7574,40.7411],[-73.7636,40.7392],[-73.7627,40.7353],[-73.765,40.7345]]]}},{"type":"Feature","properties":{"geoid":"36081129104","clusterId":"new-york-east"},"geometry":{"type":"Polygon","coordinates":[[[-73.7565,40.7414],[-73.7552,40.7343],[-73.7417,40.7368],[-73.7402,40.739],[-73.7431,40.7384],[-73.744,40.7408],[-73.75,40.7397],[-73.7535,40.7424],[-73.7565,40.7414]]]}},{"type":"Feature","properties":{"geoid":"36081130100","clusterId":"new-york-east"},"geometry":{"type":"Polygon","coordinates":[[[-73.7467,40.7326],[-73.7456,40.7306],[-73.7372,40.7287],[-73.7338,40.7389],[-73.7417,40.7368],[-73.7467,40.7326]]]}},{"type":"Feature","properties":{"geoid":"36081133300","clusterId":"new-york-east"},"geometry":{"type":"Polygon","coordinates":[[[-73.7882,40.7314],[-73.7866,40.7274],[-73.7701,40.7318],[-73.7729,40.7363],[-73.7882,40.7314]]]}},{"type":"Feature","properties":{"geoid":"36081133900","clusterId":"new-york-east"},"geometry":{"type":"Polygon","coordinates":[[[-73.7935,40.7301],[-73.7917,40.7258],[-73.7866,40.7274],[-73.7882,40.7314],[-73.7935,40.7301]]]}},{"type":"Feature","properties":{"geoid":"36081134100","clusterId":"new-york-east"},"geometry":{"type":"Polygon","coordinates":[[[-73.7963,40.7383],[-73.7935,40.7301],[-73.7865,40.732],[-73.7885,40.7384],[-73.7867,40.7409],[-73.7963,40.7383]]]}},{"type":"Feature","properties":{"geoid":"36081134701","clusterId":"new-york-east"},"geometry":{"type":"Polygon","coordinates":[[[-73.7877,40.7386],[-73.7885,40.7361],[-73.7865,40.732],[-73.783,40.7331],[-73.7837,40.7354],[-73.7808,40.7363],[-73.7816,40.738],[-73.7804,40.7383],[-73.7831,40.7419],[-73.7884,40.7401],[-73.7877,40.7386]]]}},{"type":"Feature","properties":{"geoid":"36081134702","clusterId":"new-york-east"},"geometry":{"type":"Polygon","coordinates":[[[-73.7838,40.735],[-73.783,40.7331],[-73.7729,40.7363],[-73.7758,40.7434],[-73.7831,40.7419],[-73.7804,40.7383],[-73.7816,40.738],[-73.7808,40.7363],[-73.7838,40.735]]]}},{"type":"Feature","properties":{"geoid":"36081136700","clusterId":"new-york-east"},"geometry":{"type":"Polygon","coordinates":[[[-73.7678,40.7458],[-73.7636,40.7392],[-73.7535,40.7424],[-73.7569,40.7494],[-73.7678,40.7458]]]}},{"type":"Feature","properties":{"geoid":"36081137700","clusterId":"new-york-east"},"geometry":{"type":"Polygon","coordinates":[[[-73.7569,40.7494],[-73.7535,40.7424],[-73.7448,40.7433],[-73.7461,40.7465],[-73.744,40.7476],[-73.7458,40.7516],[-73.7569,40.7494]]]}},{"type":"Feature","properties":{"geoid":"36081138501","clusterId":"new-york-east"},"geometry":{"type":"Polygon","coordinates":[[[-73.7624,40.7595],[-73.7619,40.7558],[-73.7569,40.7494],[-73.7468,40.752],[-73.7512,40.7591],[-73.7558,40.7578],[-73.758,40.7604],[-73.7624,40.7595]]]}},{"type":"Feature","properties":{"geoid":"36081139900","clusterId":"new-york-east"},"geometry":{"type":"Polygon","coordinates":[[[-73.7674,40.7517],[-73.765,40.7466],[-73.7569,40.7494],[-73.7594,40.7524],[-73.7674,40.7517]]]}},{"type":"Feature","properties":{"geoid":"36081140300","clusterId":"new-york-east"},"geometry":{"type":"Polygon","coordinates":[[[-73.7738,40.75],[-73.7716,40.7442],[-73.765,40.7466],[-73.7674,40.7517],[-73.7738,40.75]]]}},{"type":"Feature","properties":{"geoid":"36081140901","clusterId":"new-york-east"},"geometry":{"type":"Polygon","coordinates":[[[-73.7783,40.7487],[-73.7758,40.7434],[-73.7716,40.7442],[-73.7742,40.7499],[-73.7783,40.7487]]]}},{"type":"Feature","properties":{"geoid":"36081140902","clusterId":"new-york-east"},"geometry":{"type":"Polygon","coordinates":[[[-73.789,40.7457],[-73.7867,40.7409],[-73.7758,40.7434],[-73.7783,40.7487],[-73.789,40.7457]]]}},{"type":"Feature","properties":{"geoid":"36081141700","clusterId":"new-york-east"},"geometry":{"type":"Polygon","coordinates":[[[-73.7973,40.7494],[-73.7947,40.7476],[-73.7945,40.7454],[-73.7972,40.7417],[-73.7963,40.7383],[-73.7859,40.7414],[-73.789,40.7457],[-73.7864,40.7465],[-73.7887,40.7514],[-73.7973,40.7494]]]}},{"type":"Feature","properties":{"geoid":"36081142900","clusterId":"new-york-east"},"geometry":{"type":"Polygon","coordinates":[[[-73.7894,40.7578],[-73.7889,40.7519],[-73.7864,40.7465],[-73.7783,40.7487],[-73.7805,40.7533],[-73.787,40.7523],[-73.7876,40.7579],[-73.7894,40.7578]]]}},{"type":"Feature","properties":{"geoid":"36081143500","clusterId":"new-york-east"},"geometry":{"type":"Polygon","coordinates":[[[-73.7759,40.7533],[-73.7743,40.7498],[-73.7646,40.7535],[-73.7662,40.7557],[-73.7759,40.7533]]]}},{"type":"Feature","properties":{"geoid":"36081144100","clusterId":"new-york-east"},"geometry":{"type":"Polygon","coordinates":[[[-73.7683,40.7583],[-73.7646,40.7535],[-73.7656,40.7532],[-73.7594,40.7524],[-73.7624,40.7595],[-73.7683,40.7583]]]}},{"type":"Feature","properties":{"geoid":"36081144700","clusterId":"new-york-east"},"geometry":{"type":"Polygon","coordinates":[[[-73.7772,40.7583],[-73.7759,40.7533],[-73.7671,40.7556],[-73.7693,40.7603],[-73.7772,40.7583]]]}},{"type":"Feature","properties":{"geoid":"36081145101","clusterId":"new-york-east"},"geometry":{"type":"Polygon","coordinates":[[[-73.7876,40.7579],[-73.787,40.7523],[-73.7805,40.7533],[-73.7834,40.7578],[-73.7876,40.7579]]]}},{"type":"Feature","properties":{"geoid":"36081145102","clusterId":"new-york-east"},"geometry":{"type":"Polygon","coordinates":[[[-73.7825,40.756],[-73.7783,40.7487],[-73.7743,40.7498],[-73.7774,40.7582],[-73.7825,40.756]]]}},{"type":"Feature","properties":{"geoid":"36081145900","clusterId":"new-york-east"},"geometry":{"type":"Polygon","coordinates":[[[-73.7949,40.7578],[-73.7947,40.7506],[-73.7887,40.7514],[-73.7894,40.7578],[-73.7949,40.7578]]]}},{"type":"Feature","properties":{"geoid":"36081146300","clusterId":"new-york-east"},"geometry":{"type":"Polygon","coordinates":[[[-73.7853,40.7618],[-73.7825,40.756],[-73.7774,40.7574],[-73.779,40.7624],[-73.7853,40.7618]]]}},{"type":"Feature","properties":{"geoid":"36081146700","clusterId":"new-york-east"},"geometry":{"type":"Polygon","coordinates":[[[-73.7788,40.7624],[-73.7774,40.7582],[-73.7675,40.7605],[-73.7682,40.7628],[-73.7664,40.7631],[-73.7788,40.7624]]]}},{"type":"Feature","properties":{"geoid":"36081147100","clusterId":"new-york-east"},"geometry":{"type":"Polygon","coordinates":[[[-73.7693,40.7603],[-73.7683,40.7583],[-73.758,40.7604],[-73.7578,40.7625],[-73.7592,40.7643],[-73.7664,40.7636],[-73.7682,40.7628],[-73.7675,40.7605],[-73.7693,40.7603]]]}},{"type":"Feature","properties":{"geoid":"36081147900","clusterId":"new-york-east"},"geometry":{"type":"Polygon","coordinates":[[[-73.7535,40.7654],[-73.7507,40.7665],[-73.7488,40.7641],[-73.7413,40.7657],[-73.734,40.7724],[-73.7394,40.776],[-73.7535,40.7654]]]}},{"type":"Feature","properties":{"geoid":"36081148300","clusterId":"new-york-east"},"geometry":{"type":"Polygon","coordinates":[[[-73.7601,40.7807],[-73.758,40.7684],[-73.7535,40.7654],[-73.7394,40.776],[-73.7503,40.7825],[-73.7562,40.7887],[-73.7601,40.7807]]]}},{"type":"Feature","properties":{"geoid":"36081150701","clusterId":"new-york-east"},"geometry":{"type":"Polygon","coordinates":[[[-73.7508,40.7636],[-73.7458,40.7636],[-73.7412,40.7562],[-73.7319,40.7605],[-73.7375,40.7684],[-73.7413,40.7657],[-73.7508,40.7636]]]}},{"type":"Feature","properties":{"geoid":"36081150702","clusterId":"new-york-east"},"geometry":{"type":"Polygon","coordinates":[[[-73.7375,40.7684],[-73.7319,40.7605],[-73.7211,40.7645],[-73.734,40.7724],[-73.7375,40.7684]]]}},{"type":"Feature","properties":{"geoid":"36081152901","clusterId":"new-york-east"},"geometry":{"type":"Polygon","coordinates":[[[-73.7418,40.7535],[-73.7354,40.7472],[-73.7338,40.7429],[-73.7258,40.7522],[-73.7319,40.7605],[-73.7393,40.7569],[-73.7418,40.7535]]]}},{"type":"Feature","properties":{"geoid":"36081152902","clusterId":"new-york-east"},"geometry":{"type":"Polygon","coordinates":[[[-73.7319,40.7605],[-73.7258,40.7522],[-73.7195,40.7584],[-73.7133,40.7597],[-73.7211,40.7645],[-73.7319,40.7605]]]}},{"type":"Feature","properties":{"geoid":"36081155101","clusterId":"new-york-east"},"geometry":{"type":"Polygon","coordinates":[[[-73.7214,40.7565],[-73.7154,40.7557],[-73.7128,40.7519],[-73.7078,40.7562],[-73.7133,40.7597],[-73.7178,40.7592],[-73.7214,40.7565]]]}},{"type":"Feature","properties":{"geoid":"36081155103","clusterId":"new-york-east"},"geometry":{"type":"Polygon","coordinates":[[[-73.7285,40.7484],[-73.7277,40.7496],[-73.7199,40.7494],[-73.7189,40.7469],[-73.7128,40.7519],[-73.7154,40.7557],[-73.7215,40.7564],[-73.7285,40.7484]]]}},{"type":"Feature","properties":{"geoid":"36081155104","clusterId":"new-york-east"},"geometry":{"type":"Polygon","coordinates":[[[-73.7189,40.747],[-73.7176,40.744],[-73.7016,40.7525],[-73.7078,40.7562],[-73.7189,40.747]]]}},{"type":"Feature","properties":{"geoid":"36081156700","clusterId":"new-york-east"},"geometry":{"type":"Polygon","coordinates":[[[-73.7416,40.7369],[-73.7338,40.7389],[-73.7353,40.7335],[-73.7313,40.7327],[-73.7319,40.7309],[-73.728,40.7308],[-73.7261,40.7364],[-73.7275,40.7407],[-73.7249,40.7414],[-73.7265,40.7442],[-73.7189,40.7469],[-73.7199,40.7494],[-73.7277,40.7496],[-73.731,40.7449],[-73.7416,40.7369]]]}},{"type":"Feature","properties":{"geoid":"36081157101","clusterId":"new-york-east"},"geometry":{"type":"Polygon","coordinates":[[[-73.7266,40.7408],[-73.7231,40.7363],[-73.7231,40.7315],[-73.7115,40.7325],[-73.7189,40.7469],[-73.7265,40.7442],[-73.7249,40.7414],[-73.7266,40.7408]]]}},{"type":"Feature","properties":{"geoid":"36081157102","clusterId":"new-york-east"},"geometry":{"type":"Polygon","coordinates":[[[-73.7277,40.7311],[-73.7233,40.7303],[-73.7227,40.7332],[-73.7239,40.7383],[-73.7266,40.7408],[-73.7264,40.7335],[-73.7277,40.7311]]]}},{"type":"Feature","properties":{"geoid":"36081157901","clusterId":"new-york-east"},"geometry":{"type":"Polygon","coordinates":[[[-73.7103,40.7479],[-73.7065,40.7377],[-73.7004,40.7392],[-73.7016,40.7525],[-73.7103,40.7479]]]}},{"type":"Feature","properties":{"geoid":"36081157902","clusterId":"new-york-east"},"geometry":{"type":"Polygon","coordinates":[[[-73.7176,40.744],[-73.7137,40.7362],[-73.7065,40.7377],[-73.7103,40.7479],[-73.7176,40.744]]]}},{"type":"Feature","properties":{"geoid":"36081157903","clusterId":"new-york-east"},"geometry":{"type":"Polygon","coordinates":[[[-73.7137,40.7362],[-73.7105,40.7272],[-73.7079,40.7278],[-73.7005,40.7391],[-73.7137,40.7362]]]}},{"type":"Feature","properties":{"geoid":"36081161700","clusterId":"new-york-east"},"geometry":{"type":"Polygon","coordinates":[[[-73.7247,40.7244],[-73.7105,40.7272],[-73.7115,40.7325],[-73.7231,40.7315],[-73.7247,40.7244]]]}},{"type":"Feature","properties":{"geoid":"36081162100","clusterId":"new-york-east"},"geometry":{"type":"Polygon","coordinates":[[[-73.7371,40.729],[-73.7315,40.7274],[-73.7299,40.7233],[-73.7282,40.7231],[-73.7245,40.7244],[-73.7233,40.7303],[-73.7319,40.7309],[-73.7313,40.7327],[-73.7353,40.7335],[-73.7371,40.729]]]}},{"type":"Feature","properties":{"geoid":"36085000300","clusterId":"new-york-west"},"geometry":{"type":"Polygon","coordinates":[[[-74.0792,40.6434],[-74.0768,40.6378],[-74.0562,40.6382],[-74.0557,40.6515],[-74.0717,40.6515],[-74.0737,40.6451],[-74.0792,40.6434]]]}},{"type":"Feature","properties":{"geoid":"36085000600","clusterId":"new-york-south"},"geometry":{"type":"Polygon","coordinates":[[[-74.0756,40.6267],[-74.0604,40.6063],[-74.0475,40.6123],[-74.0553,40.6251],[-74.0723,40.6249],[-74.0727,40.6269],[-74.0756,40.6267]]]}},{"type":"Feature","properties":{"geoid":"36085000700","clusterId":"new-york-west"},"geometry":{"type":"Polygon","coordinates":[[[-74.0906,40.6496],[-74.0865,40.6426],[-74.0824,40.6446],[-74.0792,40.6434],[-74.0737,40.6451],[-74.0717,40.6515],[-74.087,40.6515],[-74.0906,40.6496]]]}},{"type":"Feature","properties":{"geoid":"36085000800","clusterId":"new-york-south"},"geometry":{"type":"Polygon","coordinates":[[[-74.0745,40.6169],[-74.0652,40.6042],[-74.0604,40.6064],[-74.071,40.6204],[-74.0745,40.6169]]]}},{"type":"Feature","properties":{"geoid":"36085000900","clusterId":"new-york-west"},"geometry":{"type":"Polygon","coordinates":[[[-74.0871,40.6403],[-74.0811,40.6399],[-74.0815,40.6415],[-74.0782,40.6421],[-74.0803,40.6448],[-74.0824,40.6446],[-74.0865,40.6426],[-74.0871,40.6403]]]}},{"type":"Feature","properties":{"geoid":"36085001100","clusterId":"new-york-west"},"geometry":{"type":"Polygon","coordinates":[[[-74.0874,40.6392],[-74.0837,40.6357],[-74.0779,40.6381],[-74.0788,40.642],[-74.0815,40.6415],[-74.0811,40.6399],[-74.0874,40.6392]]]}},{"type":"Feature","properties":{"geoid":"36085001700","clusterId":"new-york-west"},"geometry":{"type":"Polygon","coordinates":[[[-74.0857,40.634],[-74.0814,40.6303],[-74.0791,40.6329],[-74.0781,40.6382],[-74.0857,40.634]]]}},{"type":"Feature","properties":{"geoid":"36085001800","clusterId":"new-york-south"},"geometry":{"type":"Polygon","coordinates":[[[-74.0652,40.6042],[-74.0609,40.5999],[-74.0638,40.5989],[-74.0549,40.5888],[-74.0437,40.6067],[-74.0475,40.6123],[-74.0652,40.6042]]]}},{"type":"Feature","properties":{"geoid":"36085002001","clusterId":"new-york-south"},"geometry":{"type":"Polygon","coordinates":[[[-74.0778,40.6063],[-74.0638,40.6021],[-74.0712,40.6115],[-74.0778,40.6063]]]}},{"type":"Feature","properties":{"geoid":"36085002002","clusterId":"new-york-south"},"geometry":{"type":"Polygon","coordinates":[[[-74.0779,40.6056],[-74.0764,40.601],[-74.0704,40.5967],[-74.0609,40.5999],[-74.0718,40.605],[-74.0779,40.6056]]]}},{"type":"Feature","properties":{"geoid":"36085002100","clusterId":"new-york-west"},"geometry":{"type":"Polygon","coordinates":[[[-74.085,40.6246],[-74.0853,40.6228],[-74.0782,40.6265],[-74.0729,40.6269],[-74.0723,40.6249],[-74.0553,40.6251],[-74.0566,40.6273],[-74.0562,40.6382],[-74.0781,40.6382],[-74.0794,40.6322],[-74.0817,40.63],[-74.0797,40.629],[-74.085,40.6246]]]}},{"type":"Feature","properties":{"geoid":"36085002700","clusterId":"new-york-west"},"geometry":{"type":"Polygon","coordinates":[[[-74.08,40.6245],[-74.077,40.6202],[-74.0725,40.6225],[-74.0756,40.6267],[-74.08,40.6245]]]}},{"type":"Feature","properties":{"geoid":"36085002900","clusterId":"new-york-west"},"geometry":{"type":"Polygon","coordinates":[[[-74.0878,40.6153],[-74.0872,40.6133],[-74.077,40.6202],[-74.0796,40.6246],[-74.0853,40.6228],[-74.0878,40.6153]]]}},{"type":"Feature","properties":{"geoid":"36085003300","clusterId":"new-york-west"},"geometry":{"type":"Polygon","coordinates":[[[-74.0941,40.6179],[-74.0874,40.6159],[-74.0866,40.6172],[-74.0842,40.6263],[-74.0797,40.629],[-74.0849,40.6336],[-74.0916,40.6265],[-74.0887,40.6259],[-74.0887,40.621],[-74.0907,40.6187],[-74.0941,40.6179]]]}},{"type":"Feature","properties":{"geoid":"36085003600","clusterId":"new-york-south"},"geometry":{"type":"Polygon","coordinates":[[[-74.0815,40.6064],[-74.0779,40.6061],[-74.0707,40.6118],[-74.0745,40.6169],[-74.0815,40.6064]]]}},{"type":"Feature","properties":{"geoid":"36085003900","clusterId":"new-york-west"},"geometry":{"type":"Polygon","coordinates":[[[-74.0993,40.62],[-74.0971,40.6153],[-74.0943,40.6167],[-74.0937,40.6186],[-74.0907,40.6187],[-74.0887,40.621],[-74.0887,40.6259],[-74.0916,40.6265],[-74.0993,40.62]]]}},{"type":"Feature","properties":{"geoid":"36085004001","clusterId":"new-york-south"},"geometry":{"type":"Polygon","coordinates":[[[-74.0811,40.6178],[-74.0783,40.6156],[-74.071,40.6204],[-74.0725,40.6225],[-74.0811,40.6178]]]}},{"type":"Feature","properties":{"geoid":"36085004002","clusterId":"new-york-south"},"geometry":{"type":"Polygon","coordinates":[[[-74.0832,40.6104],[-74.0802,40.6092],[-74.0807,40.6074],[-74.0745,40.6169],[-74.0783,40.6156],[-74.0799,40.6168],[-74.0832,40.6104]]]}},{"type":"Feature","properties":{"geoid":"36085004003","clusterId":"new-york-south"},"geometry":{"type":"Polygon","coordinates":[[[-74.0872,40.6133],[-74.083,40.6115],[-74.0799,40.6168],[-74.0811,40.6178],[-74.0872,40.6133]]]}},{"type":"Feature","properties":{"geoid":"36085004004","clusterId":"new-york-south"},"geometry":{"type":"Polygon","coordinates":[[[-74.0904,40.6092],[-74.0816,40.6062],[-74.0802,40.6092],[-74.0875,40.6129],[-74.0904,40.6092]]]}},{"type":"Feature","properties":{"geoid":"36085004700","clusterId":"new-york-west"},"geometry":{"type":"Polygon","coordinates":[[[-74.1035,40.6164],[-74.0977,40.6105],[-74.0906,40.609],[-74.0872,40.6133],[-74.0874,40.6159],[-74.0929,40.6183],[-74.0971,40.6153],[-74.0977,40.6188],[-74.0997,40.6197],[-74.1035,40.6164]]]}},{"type":"Feature","properties":{"geoid":"36085005000","clusterId":"new-york-south"},"geometry":{"type":"Polygon","coordinates":[[[-74.0928,40.6018],[-74.0918,40.5992],[-74.0843,40.6019],[-74.0764,40.601],[-74.0779,40.6061],[-74.0906,40.609],[-74.0928,40.6066],[-74.0928,40.6018]]]}},{"type":"Feature","properties":{"geoid":"36085005901","clusterId":"new-york-west"},"geometry":{"type":"Polygon","coordinates":[[[-74.11,40.6207],[-74.1025,40.6169],[-74.0964,40.6223],[-74.0989,40.6262],[-74.0955,40.6303],[-74.0959,40.6317],[-74.1037,40.6308],[-74.103,40.6274],[-74.1051,40.6272],[-74.1045,40.6229],[-74.11,40.6207]]]}},{"type":"Feature","properties":{"geoid":"36085006400","clusterId":"new-york-south"},"geometry":{"type":"Polygon","coordinates":[[[-74.0859,40.596],[-74.0838,40.5955],[-74.0816,40.5922],[-74.0704,40.5967],[-74.0764,40.601],[-74.0822,40.6019],[-74.0813,40.5994],[-74.0859,40.596]]]}},{"type":"Feature","properties":{"geoid":"36085006700","clusterId":"new-york-west"},"geometry":{"type":"Polygon","coordinates":[[[-74.1073,40.6386],[-74.1051,40.6272],[-74.103,40.6274],[-74.1037,40.6308],[-74.0972,40.6319],[-74.0965,40.6353],[-74.0924,40.6356],[-74.0941,40.6393],[-74.0977,40.639],[-74.0979,40.6404],[-74.1073,40.6386]]]}},{"type":"Feature","properties":{"geoid":"36085007001","clusterId":"new-york-south"},"geometry":{"type":"Polygon","coordinates":[[[-74.0921,40.5865],[-74.0891,40.5841],[-74.0881,40.5852],[-74.0816,40.5922],[-74.0838,40.5955],[-74.0859,40.5959],[-74.0921,40.5865]]]}},{"type":"Feature","properties":{"geoid":"36085007002","clusterId":"new-york-south"},"geometry":{"type":"Polygon","coordinates":[[[-74.0881,40.5852],[-74.0709,40.5755],[-74.0596,40.5849],[-74.0672,40.5909],[-74.0704,40.5967],[-74.0816,40.5922],[-74.0881,40.5852]]]}},{"type":"Feature","properties":{"geoid":"36085007400","clusterId":"new-york-south"},"geometry":{"type":"Polygon","coordinates":[[[-74.0704,40.5967],[-74.0672,40.5909],[-74.0596,40.5849],[-74.0549,40.5888],[-74.0638,40.5989],[-74.0704,40.5967]]]}},{"type":"Feature","properties":{"geoid":"36085007500","clusterId":"new-york-west"},"geometry":{"type":"Polygon","coordinates":[[[-74.0973,40.634],[-74.0972,40.6319],[-74.0889,40.6303],[-74.0837,40.6357],[-74.0887,40.6368],[-74.0935,40.6349],[-74.0959,40.6356],[-74.0973,40.634]]]}},{"type":"Feature","properties":{"geoid":"36085007700","clusterId":"new-york-west"},"geometry":{"type":"Polygon","coordinates":[[[-74.0941,40.6393],[-74.0924,40.6356],[-74.0859,40.6367],[-74.0875,40.6384],[-74.0871,40.6403],[-74.0941,40.6393]]]}},{"type":"Feature","properties":{"geoid":"36085008100","clusterId":"new-york-west"},"geometry":{"type":"Polygon","coordinates":[[[-74.1004,40.6431],[-74.1,40.6402],[-74.0979,40.6404],[-74.0977,40.639],[-74.0871,40.6403],[-74.0865,40.6439],[-74.0911,40.6493],[-74.1002,40.6481],[-74.1004,40.6431]]]}},{"type":"Feature","properties":{"geoid":"36085009601","clusterId":"new-york-south"},"geometry":{"type":"Polygon","coordinates":[[[-74.0959,40.596],[-74.0972,40.5954],[-74.0884,40.5908],[-74.0855,40.5968],[-74.0812,40.6004],[-74.0822,40.6019],[-74.0895,40.6009],[-74.0959,40.596]]]}},{"type":"Feature","properties":{"geoid":"36085009602","clusterId":"new-york-south"},"geometry":{"type":"Polygon","coordinates":[[[-74.101,40.5918],[-74.1009,40.5902],[-74.0926,40.5859],[-74.0884,40.5908],[-74.0972,40.5954],[-74.101,40.5918]]]}},{"type":"Feature","properties":{"geoid":"36085009701","clusterId":"new-york-west"},"geometry":{"type":"Polygon","coordinates":[[[-74.121,40.644],[-74.1206,40.6409],[-74.1181,40.6413],[-74.1177,40.6381],[-74.1054,40.6389],[-74.1078,40.6452],[-74.1047,40.6453],[-74.105,40.6481],[-74.1098,40.6481],[-74.121,40.644]]]}},{"type":"Feature","properties":{"geoid":"36085010500","clusterId":"new-york-west"},"geometry":{"type":"Polygon","coordinates":[[[-74.1177,40.6381],[-74.1162,40.6289],[-74.1058,40.6306],[-74.1073,40.6385],[-74.1177,40.6381]]]}},{"type":"Feature","properties":{"geoid":"36085011201","clusterId":"new-york-south"},"geometry":{"type":"Polygon","coordinates":[[[-74.0997,40.5802],[-74.079,40.5688],[-74.0709,40.5755],[-74.0926,40.5859],[-74.0997,40.5802]]]}},{"type":"Feature","properties":{"geoid":"36085011203","clusterId":"new-york-south"},"geometry":{"type":"Polygon","coordinates":[[[-74.1092,40.571],[-74.1087,40.57],[-74.1047,40.574],[-74.0927,40.5681],[-74.0877,40.5731],[-74.1004,40.5797],[-74.1092,40.571]]]}},{"type":"Feature","properties":{"geoid":"36085011401","clusterId":"new-york-south"},"geometry":{"type":"Polygon","coordinates":[[[-74.1045,40.5865],[-74.0984,40.5812],[-74.0926,40.5859],[-74.1009,40.5902],[-74.1045,40.5865]]]}},{"type":"Feature","properties":{"geoid":"36085011402","clusterId":"new-york-south"},"geometry":{"type":"Polygon","coordinates":[[[-74.1113,40.5818],[-74.1122,40.5813],[-74.1037,40.5765],[-74.0984,40.5812],[-74.1053,40.5859],[-74.1113,40.5818]]]}},{"type":"Feature","properties":{"geoid":"36085012100","clusterId":"new-york-west"},"geometry":{"type":"Polygon","coordinates":[[[-74.1162,40.6289],[-74.1133,40.623],[-74.11,40.6207],[-74.1045,40.6229],[-74.1058,40.6306],[-74.1162,40.6289]]]}},{"type":"Feature","properties":{"geoid":"36085012200","clusterId":"new-york-south"},"geometry":{"type":"Polygon","coordinates":[[[-74.1191,40.5762],[-74.1098,40.5705],[-74.1037,40.5765],[-74.1122,40.5813],[-74.1191,40.5762]]]}},{"type":"Feature","properties":{"geoid":"36085012500","clusterId":"new-york-west"},"geometry":{"type":"Polygon","coordinates":[[[-74.1249,40.6317],[-74.1181,40.625],[-74.1133,40.623],[-74.1168,40.6327],[-74.1249,40.6317]]]}},{"type":"Feature","properties":{"geoid":"36085012804","clusterId":"new-york-south"},"geometry":{"type":"Polygon","coordinates":[[[-74.1132,40.5671],[-74.0944,40.556],[-74.089,40.5604],[-74.1098,40.5705],[-74.1132,40.5671]]]}},{"type":"Feature","properties":{"geoid":"36085012805","clusterId":"new-york-south"},"geometry":{"type":"Polygon","coordinates":[[[-74.1267,40.5579],[-74.1083,40.5444],[-74.1034,40.5485],[-74.1201,40.5604],[-74.1267,40.5579]]]}},{"type":"Feature","properties":{"geoid":"36085012806","clusterId":"new-york-south"},"geometry":{"type":"Polygon","coordinates":[[[-74.1201,40.5604],[-74.1034,40.5485],[-74.0944,40.556],[-74.1138,40.5665],[-74.1201,40.5604]]]}},{"type":"Feature","properties":{"geoid":"36085013201","clusterId":"new-york-south"},"geometry":{"type":"Polygon","coordinates":[[[-74.1286,40.5663],[-74.1294,40.5657],[-74.1265,40.5653],[-74.1201,40.5604],[-74.1164,40.5639],[-74.1249,40.5689],[-74.1286,40.5663]]]}},{"type":"Feature","properties":{"geoid":"36085013203","clusterId":"new-york-south"},"geometry":{"type":"Polygon","coordinates":[[[-74.1508,40.55],[-74.1459,40.5424],[-74.1332,40.5523],[-74.1389,40.557],[-74.141,40.5536],[-74.1508,40.55]]]}},{"type":"Feature","properties":{"geoid":"36085013204","clusterId":"new-york-south"},"geometry":{"type":"Polygon","coordinates":[[[-74.1388,40.557],[-74.1332,40.5523],[-74.1251,40.5593],[-74.1201,40.5604],[-74.1265,40.5653],[-74.1294,40.5657],[-74.1388,40.557]]]}},{"type":"Feature","properties":{"geoid":"36085013301","clusterId":"new-york-west"},"geometry":{"type":"Polygon","coordinates":[[[-74.1206,40.6366],[-74.1202,40.6343],[-74.1172,40.6346],[-74.1175,40.637],[-74.1206,40.6366]]]}},{"type":"Feature","properties":{"geoid":"36085013302","clusterId":"new-york-west"},"geometry":{"type":"Polygon","coordinates":[[[-74.1305,40.6317],[-74.1168,40.6327],[-74.1172,40.6346],[-74.1202,40.6343],[-74.1206,40.6366],[-74.1175,40.637],[-74.1181,40.6413],[-74.127,40.6402],[-74.1269,40.6372],[-74.1287,40.6373],[-74.1305,40.6317]]]}},{"type":"Feature","properties":{"geoid":"36085013400","clusterId":"new-york-south"},"geometry":{"type":"Polygon","coordinates":[[[-74.1242,40.5694],[-74.1164,40.5639],[-74.1098,40.5705],[-74.1198,40.5758],[-74.1218,40.5751],[-74.1213,40.5721],[-74.1242,40.5694]]]}},{"type":"Feature","properties":{"geoid":"36085013800","clusterId":"new-york-south"},"geometry":{"type":"Polygon","coordinates":[[[-74.144,40.5703],[-74.1317,40.5645],[-74.1213,40.5721],[-74.1218,40.5751],[-74.1271,40.5764],[-74.1326,40.5735],[-74.1442,40.572],[-74.144,40.5703]]]}},{"type":"Feature","properties":{"geoid":"36085014100","clusterId":"new-york-west"},"geometry":{"type":"Polygon","coordinates":[[[-74.1311,40.6269],[-74.1213,40.6278],[-74.1249,40.6317],[-74.1305,40.6309],[-74.1311,40.6269]]]}},{"type":"Feature","properties":{"geoid":"36085014604","clusterId":"new-york-south"},"geometry":{"type":"Polygon","coordinates":[[[-74.1681,40.5529],[-74.1642,40.5433],[-74.1501,40.5508],[-74.1521,40.5552],[-74.1681,40.5529]]]}},{"type":"Feature","properties":{"geoid":"36085014605","clusterId":"new-york-south"},"geometry":{"type":"Polygon","coordinates":[[[-74.1559,40.5638],[-74.1501,40.5508],[-74.1453,40.5516],[-74.1466,40.5562],[-74.1442,40.5583],[-74.153,40.5668],[-74.1559,40.5638]]]}},{"type":"Feature","properties":{"geoid":"36085014606","clusterId":"new-york-south"},"geometry":{"type":"Polygon","coordinates":[[[-74.1523,40.5674],[-74.1442,40.5583],[-74.1466,40.5562],[-74.1453,40.5516],[-74.1406,40.5539],[-74.1317,40.5645],[-74.1479,40.5709],[-74.1523,40.5674]]]}},{"type":"Feature","properties":{"geoid":"36085014607","clusterId":"new-york-west"},"geometry":{"type":"Polygon","coordinates":[[[-74.1698,40.5611],[-74.1681,40.5527],[-74.1577,40.5541],[-74.161,40.5615],[-74.1649,40.5601],[-74.1698,40.5611]]]}},{"type":"Feature","properties":{"geoid":"36085014608","clusterId":"new-york-south"},"geometry":{"type":"Polygon","coordinates":[[[-74.161,40.5615],[-74.1577,40.5541],[-74.1521,40.5552],[-74.1559,40.5638],[-74.161,40.5615]]]}},{"type":"Feature","properties":{"geoid":"36085014700","clusterId":"new-york-west"},"geometry":{"type":"Polygon","coordinates":[[[-74.1251,40.6271],[-74.1226,40.6131],[-74.1035,40.6164],[-74.1213,40.6278],[-74.1251,40.6271]]]}},{"type":"Feature","properties":{"geoid":"36085015100","clusterId":"new-york-west"},"geometry":{"type":"Polygon","coordinates":[[[-74.1321,40.6231],[-74.1307,40.6126],[-74.1226,40.6131],[-74.1251,40.6271],[-74.1313,40.6263],[-74.1321,40.6231]]]}},{"type":"Feature","properties":{"geoid":"36085015601","clusterId":"new-york-south"},"geometry":{"type":"Polygon","coordinates":[[[-74.1642,40.5433],[-74.154,40.5343],[-74.1459,40.5424],[-74.1508,40.55],[-74.1642,40.5433]]]}},{"type":"Feature","properties":{"geoid":"36085015602","clusterId":"new-york-south"},"geometry":{"type":"Polygon","coordinates":[[[-74.169,40.5401],[-74.1613,40.5294],[-74.154,40.5343],[-74.1642,40.5433],[-74.169,40.5401]]]}},{"type":"Feature","properties":{"geoid":"36085015603","clusterId":"new-york-south"},"geometry":{"type":"Polygon","coordinates":[[[-74.1613,40.5294],[-74.1526,40.5188],[-74.1338,40.5258],[-74.1433,40.5336],[-74.1331,40.5436],[-74.1386,40.5485],[-74.1566,40.5316],[-74.1613,40.5294]]]}},{"type":"Feature","properties":{"geoid":"36085016901","clusterId":"new-york-west"},"geometry":{"type":"Polygon","coordinates":[[[-74.1226,40.6131],[-74.1213,40.6097],[-74.115,40.6111],[-74.0977,40.6105],[-74.1035,40.6164],[-74.1226,40.6131]]]}},{"type":"Feature","properties":{"geoid":"36085017005","clusterId":"new-york-south"},"geometry":{"type":"Polygon","coordinates":[[[-74.1933,40.5349],[-74.1917,40.5319],[-74.1781,40.5357],[-74.169,40.5409],[-74.1807,40.5467],[-74.1878,40.5385],[-74.1933,40.5349]]]}},{"type":"Feature","properties":{"geoid":"36085017007","clusterId":"new-york-west"},"geometry":{"type":"Polygon","coordinates":[[[-74.1977,40.5589],[-74.1876,40.5501],[-74.1801,40.5587],[-74.1814,40.5652],[-74.1826,40.5655],[-74.1932,40.5626],[-74.1977,40.5589]]]}},{"type":"Feature","properties":{"geoid":"36085017009","clusterId":"new-york-west"},"geometry":{"type":"Polygon","coordinates":[[[-74.1973,40.5433],[-74.1933,40.5349],[-74.1878,40.5385],[-74.1807,40.5467],[-74.1876,40.5501],[-74.1973,40.5433]]]}},{"type":"Feature","properties":{"geoid":"36085017011","clusterId":"new-york-south"},"geometry":{"type":"Polygon","coordinates":[[[-74.1762,40.5448],[-74.169,40.5401],[-74.1642,40.5433],[-74.1676,40.5506],[-74.1747,40.5497],[-74.1762,40.5448]]]}},{"type":"Feature","properties":{"geoid":"36085017012","clusterId":"new-york-west"},"geometry":{"type":"Polygon","coordinates":[[[-74.1807,40.5467],[-74.1765,40.5445],[-74.1747,40.5497],[-74.1676,40.5506],[-74.1698,40.5611],[-74.1719,40.5616],[-74.1733,40.5601],[-74.1807,40.5467]]]}},{"type":"Feature","properties":{"geoid":"36085017013","clusterId":"new-york-west"},"geometry":{"type":"Polygon","coordinates":[[[-74.2033,40.5561],[-74.2001,40.5488],[-74.1914,40.5528],[-74.1977,40.5589],[-74.2008,40.556],[-74.2033,40.5561]]]}},{"type":"Feature","properties":{"geoid":"36085017014","clusterId":"new-york-west"},"geometry":{"type":"Polygon","coordinates":[[[-74.2001,40.5488],[-74.1973,40.5433],[-74.1876,40.5501],[-74.1914,40.5528],[-74.2001,40.5488]]]}},{"type":"Feature","properties":{"geoid":"36085017015","clusterId":"new-york-west"},"geometry":{"type":"Polygon","coordinates":[[[-74.1876,40.5501],[-74.1807,40.5467],[-74.1782,40.5521],[-74.1799,40.5519],[-74.1811,40.5572],[-74.1876,40.5501]]]}},{"type":"Feature","properties":{"geoid":"36085017016","clusterId":"new-york-west"},"geometry":{"type":"Polygon","coordinates":[[[-74.1814,40.5652],[-74.1799,40.5519],[-74.1782,40.5521],[-74.1781,40.5509],[-74.1719,40.5616],[-74.1814,40.5652]]]}},{"type":"Feature","properties":{"geoid":"36085017300","clusterId":"new-york-west"},"geometry":{"type":"Polygon","coordinates":[[[-74.1212,40.6088],[-74.1206,40.6018],[-74.1149,40.6021],[-74.1174,40.6093],[-74.1212,40.6088]]]}},{"type":"Feature","properties":{"geoid":"36085017600","clusterId":"new-york-south"},"geometry":{"type":"Polygon","coordinates":[[[-74.1917,40.5319],[-74.1838,40.5209],[-74.1793,40.5225],[-74.1737,40.5109],[-74.1526,40.5188],[-74.169,40.5401],[-74.1781,40.5357],[-74.1917,40.5319]]]}},{"type":"Feature","properties":{"geoid":"36085017701","clusterId":"new-york-west"},"geometry":{"type":"Polygon","coordinates":[[[-74.1213,40.6097],[-74.1174,40.6093],[-74.116,40.6075],[-74.1149,40.6021],[-74.1113,40.5982],[-74.1106,40.5933],[-74.1069,40.5904],[-74.1009,40.591],[-74.1008,40.5927],[-74.1043,40.5953],[-74.0958,40.6034],[-74.0926,40.6032],[-74.0928,40.6066],[-74.0906,40.609],[-74.0953,40.6104],[-74.115,40.6111],[-74.1213,40.6097]]]}},{"type":"Feature","properties":{"geoid":"36085017702","clusterId":"new-york-south"},"geometry":{"type":"Polygon","coordinates":[[[-74.104,40.5955],[-74.1008,40.5927],[-74.0938,40.5967],[-74.0918,40.5987],[-74.0926,40.6032],[-74.0958,40.6034],[-74.104,40.5955]]]}},{"type":"Feature","properties":{"geoid":"36085018100","clusterId":"new-york-south"},"geometry":{"type":"Polygon","coordinates":[[[-74.1385,40.5893],[-74.1282,40.5808],[-74.1271,40.5764],[-74.1218,40.5751],[-74.1079,40.5837],[-74.1009,40.591],[-74.1069,40.5904],[-74.1106,40.5933],[-74.1113,40.5982],[-74.1149,40.6021],[-74.1206,40.6018],[-74.1251,40.5982],[-74.1309,40.5989],[-74.1385,40.5893]]]}},{"type":"Feature","properties":{"geoid":"36085018701","clusterId":"new-york-west"},"geometry":{"type":"Polygon","coordinates":[[[-74.1323,40.6124],[-74.1321,40.6083],[-74.1214,40.6099],[-74.1226,40.6131],[-74.1323,40.6124]]]}},{"type":"Feature","properties":{"geoid":"36085018703","clusterId":"new-york-west"},"geometry":{"type":"Polygon","coordinates":[[[-74.1321,40.6083],[-74.1309,40.5989],[-74.1255,40.5981],[-74.1273,40.6087],[-74.1321,40.6083]]]}},{"type":"Feature","properties":{"geoid":"36085018704","clusterId":"new-york-west"},"geometry":{"type":"Polygon","coordinates":[[[-74.1273,40.6087],[-74.1251,40.5982],[-74.1206,40.601],[-74.1214,40.6099],[-74.1273,40.6087]]]}},{"type":"Feature","properties":{"geoid":"36085018901","clusterId":"new-york-west"},"geometry":{"type":"Polygon","coordinates":[[[-74.15,40.6095],[-74.144,40.6077],[-74.1321,40.6083],[-74.1323,40.6124],[-74.1307,40.6128],[-74.1345,40.6155],[-74.146,40.617],[-74.147,40.6102],[-74.15,40.6095]]]}},{"type":"Feature","properties":{"geoid":"36085018902","clusterId":"new-york-west"},"geometry":{"type":"Polygon","coordinates":[[[-74.1475,40.6063],[-74.142,40.6034],[-74.1372,40.6032],[-74.131,40.5995],[-74.1321,40.6083],[-74.1472,40.6083],[-74.1475,40.6063]]]}},{"type":"Feature","properties":{"geoid":"36085019700","clusterId":"new-york-west"},"geometry":{"type":"Polygon","coordinates":[[[-74.1396,40.617],[-74.1307,40.6128],[-74.1312,40.6173],[-74.1343,40.6177],[-74.1351,40.6198],[-74.1387,40.6204],[-74.1396,40.617]]]}},{"type":"Feature","properties":{"geoid":"36085019800","clusterId":"new-york-south"},"geometry":{"type":"Polygon","coordinates":[[[-74.2267,40.5191],[-74.2229,40.5089],[-74.2206,40.4965],[-74.2056,40.499],[-74.1737,40.5109],[-74.1793,40.5225],[-74.1838,40.5209],[-74.1917,40.5319],[-74.2015,40.5263],[-74.2141,40.5241],[-74.2135,40.5212],[-74.2235,40.5182],[-74.2267,40.5191]]]}},{"type":"Feature","properties":{"geoid":"36085020100","clusterId":"new-york-west"},"geometry":{"type":"Polygon","coordinates":[[[-74.1385,40.6211],[-74.1312,40.6173],[-74.1321,40.6237],[-74.1305,40.6309],[-74.1381,40.6276],[-74.1358,40.6251],[-74.1383,40.6242],[-74.1385,40.6211]]]}},{"type":"Feature","properties":{"geoid":"36085020701","clusterId":"new-york-west"},"geometry":{"type":"Polygon","coordinates":[[[-74.1456,40.6355],[-74.1397,40.6379],[-74.1407,40.6352],[-74.1364,40.6349],[-74.1337,40.6403],[-74.1364,40.6402],[-74.1365,40.6431],[-74.1422,40.6421],[-74.1456,40.6355]]]}},{"type":"Feature","properties":{"geoid":"36085020702","clusterId":"new-york-west"},"geometry":{"type":"Polygon","coordinates":[[[-74.1365,40.6431],[-74.1364,40.6402],[-74.1337,40.6403],[-74.1364,40.6349],[-74.1309,40.6331],[-74.1305,40.6317],[-74.1287,40.6373],[-74.1269,40.6372],[-74.127,40.6402],[-74.1207,40.6412],[-74.1216,40.6438],[-74.126,40.6422],[-74.1365,40.6431]]]}},{"type":"Feature","properties":{"geoid":"36085020803","clusterId":"new-york-west"},"geometry":{"type":"Polygon","coordinates":[[[-74.2183,40.5355],[-74.2156,40.524],[-74.2012,40.5266],[-74.207,40.5417],[-74.2178,40.5411],[-74.2183,40.5355]]]}},{"type":"Feature","properties":{"geoid":"36085020804","clusterId":"new-york-west"},"geometry":{"type":"Polygon","coordinates":[[[-74.207,40.5417],[-74.2012,40.5268],[-74.1917,40.5319],[-74.1973,40.5433],[-74.207,40.5417]]]}},{"type":"Feature","properties":{"geoid":"36085020805","clusterId":"new-york-west"},"geometry":{"type":"Polygon","coordinates":[[[-74.2213,40.5503],[-74.2178,40.5411],[-74.208,40.5417],[-74.2135,40.5557],[-74.2178,40.5545],[-74.2213,40.5503]]]}},{"type":"Feature","properties":{"geoid":"36085020806","clusterId":"new-york-west"},"geometry":{"type":"Polygon","coordinates":[[[-74.2135,40.5557],[-74.208,40.5417],[-74.1973,40.5433],[-74.2033,40.5561],[-74.207,40.5576],[-74.2135,40.5557]]]}},{"type":"Feature","properties":{"geoid":"36085021300","clusterId":"new-york-west"},"geometry":{"type":"Polygon","coordinates":[[[-74.1468,40.6314],[-74.1406,40.6297],[-74.1395,40.6306],[-74.1359,40.6281],[-74.1305,40.6309],[-74.1309,40.6331],[-74.1352,40.6353],[-74.1407,40.6352],[-74.1397,40.6379],[-74.1456,40.6352],[-74.1468,40.6314]]]}},{"type":"Feature","properties":{"geoid":"36085022300","clusterId":"new-york-west"},"geometry":{"type":"Polygon","coordinates":[[[-74.1615,40.6442],[-74.1603,40.6338],[-74.1467,40.6347],[-74.1422,40.6421],[-74.1615,40.6442]]]}},{"type":"Feature","properties":{"geoid":"36085022601","clusterId":"new-york-west"},"geometry":{"type":"Polygon","coordinates":[[[-74.2243,40.5219],[-74.2237,40.5182],[-74.2135,40.5212],[-74.218,40.5323],[-74.2178,40.5411],[-74.2206,40.5486],[-74.2244,40.54],[-74.2243,40.5219]]]}},{"type":"Feature","properties":{"geoid":"36085022602","clusterId":"new-york-west"},"geometry":{"type":"Polygon","coordinates":[[[-74.2503,40.5423],[-74.2468,40.5248],[-74.2393,40.5252],[-74.2395,40.5213],[-74.2315,40.5209],[-74.2295,40.5191],[-74.2237,40.5182],[-74.2251,40.5204],[-74.2236,40.5263],[-74.2245,40.5393],[-74.2206,40.5486],[-74.2213,40.5503],[-74.2177,40.5546],[-74.2064,40.5581],[-74.2115,40.5572],[-74.2165,40.5586],[-74.218,40.5571],[-74.2314,40.5592],[-74.2475,40.5494],[-74.2503,40.5423]]]}},{"type":"Feature","properties":{"geoid":"36085023100","clusterId":"new-york-west"},"geometry":{"type":"Polygon","coordinates":[[[-74.1604,40.628],[-74.1605,40.6265],[-74.1531,40.6256],[-74.1519,40.6342],[-74.1603,40.6338],[-74.1604,40.628]]]}},{"type":"Feature","properties":{"geoid":"36085023900","clusterId":"new-york-west"},"geometry":{"type":"Polygon","coordinates":[[[-74.1529,40.6274],[-74.1531,40.6256],[-74.1461,40.6249],[-74.1455,40.6279],[-74.1475,40.6294],[-74.1456,40.6352],[-74.1519,40.6342],[-74.1529,40.6274]]]}},{"type":"Feature","properties":{"geoid":"36085024401","clusterId":"new-york-west"},"geometry":{"type":"Polygon","coordinates":[[[-74.2586,40.5025],[-74.2539,40.5023],[-74.2229,40.5089],[-74.2269,40.5192],[-74.2298,40.519],[-74.2435,40.5101],[-74.2518,40.5076],[-74.2582,40.5079],[-74.2586,40.5025]]]}},{"type":"Feature","properties":{"geoid":"36085024402","clusterId":"new-york-west"},"geometry":{"type":"Polygon","coordinates":[[[-74.2588,40.5001],[-74.2531,40.4912],[-74.2206,40.4965],[-74.2232,40.5087],[-74.2586,40.5023],[-74.2588,40.5001]]]}},{"type":"Feature","properties":{"geoid":"36085024700","clusterId":"new-york-west"},"geometry":{"type":"Polygon","coordinates":[[[-74.1474,40.6298],[-74.1455,40.6279],[-74.1461,40.6249],[-74.1358,40.6251],[-74.1381,40.6271],[-74.1367,40.6287],[-74.1395,40.6306],[-74.1469,40.6312],[-74.1474,40.6298]]]}},{"type":"Feature","properties":{"geoid":"36085024800","clusterId":"new-york-west"},"geometry":{"type":"Polygon","coordinates":[[[-74.2582,40.5082],[-74.2518,40.5076],[-74.2432,40.5102],[-74.2296,40.5197],[-74.2395,40.5213],[-74.2393,40.5252],[-74.2468,40.5248],[-74.246,40.521],[-74.2541,40.5157],[-74.2582,40.5082]]]}},{"type":"Feature","properties":{"geoid":"36085025100","clusterId":"new-york-west"},"geometry":{"type":"Polygon","coordinates":[[[-74.1536,40.6127],[-74.15,40.6095],[-74.147,40.6102],[-74.146,40.617],[-74.1398,40.6163],[-74.1383,40.6242],[-74.1461,40.6249],[-74.152,40.6175],[-74.1536,40.6127]]]}},{"type":"Feature","properties":{"geoid":"36085027301","clusterId":"new-york-west"},"geometry":{"type":"Polygon","coordinates":[[[-74.1633,40.6017],[-74.1619,40.5953],[-74.1481,40.5886],[-74.1458,40.5886],[-74.1453,40.5916],[-74.14,40.5986],[-74.1405,40.6031],[-74.1474,40.6057],[-74.1472,40.6083],[-74.15,40.6095],[-74.1624,40.6072],[-74.1633,40.6017]]]}},{"type":"Feature","properties":{"geoid":"36085027302","clusterId":"new-york-west"},"geometry":{"type":"Polygon","coordinates":[[[-74.1457,40.59],[-74.1458,40.5886],[-74.1387,40.589],[-74.131,40.5995],[-74.1372,40.6032],[-74.1405,40.6031],[-74.14,40.5986],[-74.1457,40.59]]]}},{"type":"Feature","properties":{"geoid":"36085027702","clusterId":"new-york-west"},"geometry":{"type":"Polygon","coordinates":[[[-74.1699,40.574],[-74.1698,40.5709],[-74.1525,40.5806],[-74.1676,40.5889],[-74.1699,40.574]]]}},{"type":"Feature","properties":{"geoid":"36085027704","clusterId":"new-york-west"},"geometry":{"type":"Polygon","coordinates":[[[-74.1577,40.5834],[-74.1525,40.5806],[-74.1463,40.5861],[-74.1458,40.5886],[-74.151,40.5902],[-74.1577,40.5834]]]}},{"type":"Feature","properties":{"geoid":"36085027705","clusterId":"new-york-west"},"geometry":{"type":"Polygon","coordinates":[[[-74.163,40.5863],[-74.1577,40.5834],[-74.151,40.5902],[-74.1564,40.5932],[-74.163,40.5863]]]}},{"type":"Feature","properties":{"geoid":"36085027706","clusterId":"new-york-west"},"geometry":{"type":"Polygon","coordinates":[[[-74.1658,40.5907],[-74.1676,40.5889],[-74.163,40.5863],[-74.1564,40.5932],[-74.1619,40.5953],[-74.1658,40.5907]]]}},{"type":"Feature","properties":{"geoid":"36085027900","clusterId":"new-york-west"},"geometry":{"type":"Polygon","coordinates":[[[-74.1698,40.5709],[-74.1698,40.5611],[-74.1638,40.5603],[-74.157,40.5627],[-74.1479,40.5709],[-74.1444,40.5697],[-74.1442,40.572],[-74.1277,40.5752],[-74.1269,40.5787],[-74.1335,40.5842],[-74.1338,40.5862],[-74.1387,40.589],[-74.1458,40.5886],[-74.1463,40.5861],[-74.1525,40.5806],[-74.1698,40.5709]]]}},{"type":"Feature","properties":{"geoid":"36085029102","clusterId":"new-york-west"},"geometry":{"type":"Polygon","coordinates":[[[-74.2089,40.5797],[-74.2006,40.5795],[-74.1995,40.5823],[-74.1856,40.5883],[-74.1862,40.5898],[-74.1782,40.5998],[-74.1841,40.6027],[-74.1687,40.6212],[-74.1744,40.6224],[-74.1974,40.6359],[-74.2024,40.6316],[-74.2039,40.6244],[-74.2024,40.6168],[-74.2048,40.6061],[-74.1996,40.6004],[-74.1996,40.5978],[-74.2072,40.5879],[-74.2089,40.5797]]]}},{"type":"Feature","properties":{"geoid":"36085029104","clusterId":"new-york-west"},"geometry":{"type":"Polygon","coordinates":[[[-74.1749,40.6132],[-74.1756,40.6122],[-74.1604,40.6098],[-74.1624,40.6072],[-74.15,40.6095],[-74.1605,40.6174],[-74.1687,40.6212],[-74.1749,40.6132]]]}},{"type":"Feature","properties":{"geoid":"36085029105","clusterId":"new-york-west"},"geometry":{"type":"Polygon","coordinates":[[[-74.1841,40.6027],[-74.1782,40.5998],[-74.1725,40.6029],[-74.1633,40.6017],[-74.1624,40.6079],[-74.1604,40.6098],[-74.1756,40.6122],[-74.1841,40.6027]]]}},{"type":"Feature","properties":{"geoid":"36085029106","clusterId":"new-york-west"},"geometry":{"type":"Polygon","coordinates":[[[-74.1683,40.5964],[-74.1688,40.5947],[-74.1628,40.593],[-74.1633,40.6017],[-74.1672,40.6021],[-74.1683,40.5964]]]}},{"type":"Feature","properties":{"geoid":"36085030301","clusterId":"new-york-west"},"geometry":{"type":"Polygon","coordinates":[[[-74.1685,40.6216],[-74.1537,40.6123],[-74.152,40.6175],[-74.1461,40.6249],[-74.1488,40.6251],[-74.1543,40.6193],[-74.1685,40.6216]]]}},{"type":"Feature","properties":{"geoid":"36085030302","clusterId":"new-york-west"},"geometry":{"type":"Polygon","coordinates":[[[-74.1681,40.6221],[-74.1543,40.6193],[-74.1488,40.6251],[-74.1666,40.6274],[-74.1681,40.6221]]]}},{"type":"Feature","properties":{"geoid":"36085031901","clusterId":"new-york-west"},"geometry":{"type":"Polygon","coordinates":[[[-74.1665,40.6285],[-74.1666,40.6274],[-74.1605,40.6265],[-74.1603,40.6338],[-74.1663,40.6337],[-74.1665,40.6285]]]}},{"type":"Feature","properties":{"geoid":"36085031902","clusterId":"new-york-west"},"geometry":{"type":"Polygon","coordinates":[[[-74.1713,40.6405],[-74.1712,40.6359],[-74.1662,40.6359],[-74.1663,40.6337],[-74.1603,40.6338],[-74.1615,40.6442],[-74.1706,40.6452],[-74.1713,40.6405]]]}},{"type":"Feature","properties":{"geoid":"36085032300","clusterId":"new-york-west"},"geometry":{"type":"Polygon","coordinates":[[[-74.1974,40.6359],[-74.1741,40.6223],[-74.1687,40.6212],[-74.1676,40.6231],[-74.1662,40.6359],[-74.1712,40.6359],[-74.1706,40.6452],[-74.1856,40.646],[-74.1974,40.6359]]]}},{"type":"Feature","properties":{"geoid":"34003001001","clusterId":"new-york-north"},"geometry":{"type":"Polygon","coordinates":[[[-74.138,41.0461],[-74.1362,41.0373],[-74.1288,41.0284],[-74.1256,41.0226],[-74.1261,41.021],[-74.1207,41.0201],[-74.12,41.0242],[-74.1156,41.0287],[-74.1146,41.0435],[-74.1273,41.0487],[-74.1282,41.0468],[-74.1323,41.0485],[-74.138,41.0461]]]}},{"type":"Feature","properties":{"geoid":"34003001002","clusterId":"new-york-north"},"geometry":{"type":"Polygon","coordinates":[[[-74.1554,41.0259],[-74.1547,41.0217],[-74.1314,41.0186],[-74.1318,41.0223],[-74.1256,41.0226],[-74.1359,41.0368],[-74.1381,41.0459],[-74.1426,41.041],[-74.1474,41.0432],[-74.1501,41.0415],[-74.1526,41.0314],[-74.1518,41.0286],[-74.148,41.0273],[-74.1554,41.0259]]]}},{"type":"Feature","properties":{"geoid":"34003002100","clusterId":"new-york-north"},"geometry":{"type":"Polygon","coordinates":[[[-73.9447,40.9576],[-73.9363,40.9508],[-73.9428,40.9426],[-73.9358,40.9388],[-73.9422,40.9261],[-73.9199,40.9136],[-73.8961,40.9819],[-73.8936,40.9972],[-73.9027,40.9973],[-73.9218,41.0059],[-73.929,40.9818],[-73.9332,40.9823],[-73.9351,40.9724],[-73.9394,40.9638],[-73.9447,40.9576]]]}},{"type":"Feature","properties":{"geoid":"34003002200","clusterId":"new-york-north"},"geometry":{"type":"Polygon","coordinates":[[[-73.9657,41.0116],[-73.9571,41.0101],[-73.952,41.0049],[-73.9543,41.0015],[-73.945,40.9965],[-73.9254,40.9933],[-73.9218,41.0059],[-73.9588,41.0226],[-73.9657,41.0116]]]}},{"type":"Feature","properties":{"geoid":"34003002300","clusterId":"new-york-north"},"geometry":{"type":"Polygon","coordinates":[[[-73.9707,40.995],[-73.9671,40.9917],[-73.963,40.9827],[-73.9559,40.9842],[-73.9537,40.9826],[-73.9445,40.9838],[-73.9409,40.9815],[-73.9394,40.9784],[-73.9344,40.9768],[-73.9332,40.9823],[-73.929,40.9818],[-73.9254,40.9933],[-73.945,40.9965],[-73.9543,41.0015],[-73.952,41.0049],[-73.9571,41.0101],[-73.9657,41.0115],[-73.9687,41.0068],[-73.9707,40.995]]]}},{"type":"Feature","properties":{"geoid":"34003003100","clusterId":"new-york-north"},"geometry":{"type":"Polygon","coordinates":[[[-73.9935,40.928],[-73.9933,40.9239],[-73.9822,40.9243],[-73.9825,40.9286],[-73.9796,40.937],[-73.9915,40.9365],[-73.991,40.9282],[-73.9935,40.928]]]}},{"type":"Feature","properties":{"geoid":"34003003200","clusterId":"new-york-north"},"geometry":{"type":"Polygon","coordinates":[[[-74.0004,40.9127],[-73.9978,40.9121],[-73.9974,40.9146],[-73.9942,40.9144],[-73.9945,40.9238],[-73.9933,40.9239],[-73.9935,40.928],[-73.991,40.9282],[-73.9915,40.9365],[-73.9971,40.9362],[-74.0004,40.9127]]]}},{"type":"Feature","properties":{"geoid":"34003003300","clusterId":"new-york-north"},"geometry":{"type":"Polygon","coordinates":[[[-74.013,40.9241],[-74.0045,40.9243],[-74.0048,40.92],[-73.9995,40.92],[-73.9971,40.9362],[-74.0062,40.9371],[-74.0117,40.9357],[-74.013,40.9241]]]}},{"type":"Feature","properties":{"geoid":"34003003401","clusterId":"new-york-north"},"geometry":{"type":"Polygon","coordinates":[[[-74.0173,40.9125],[-74.0127,40.9104],[-74.0062,40.9243],[-74.0131,40.924],[-74.0173,40.9125]]]}},{"type":"Feature","properties":{"geoid":"34003003402","clusterId":"new-york-north"},"geometry":{"type":"Polygon","coordinates":[[[-74.0126,40.9104],[-74.0051,40.9085],[-74.0005,40.9123],[-73.9995,40.92],[-74.0048,40.92],[-74.0045,40.9243],[-74.0062,40.9243],[-74.0126,40.9104]]]}},{"type":"Feature","properties":{"geoid":"34003003500","clusterId":"new-york-north"},"geometry":{"type":"Polygon","coordinates":[[[-73.9975,40.9137],[-73.9978,40.9121],[-73.9927,40.911],[-73.9844,40.9121],[-73.9821,40.9195],[-73.9823,40.9243],[-73.9945,40.9238],[-73.9942,40.9144],[-73.9975,40.9137]]]}},{"type":"Feature","properties":{"geoid":"34003004001","clusterId":"new-york-north"},"geometry":{"type":"Polygon","coordinates":[[[-74.0398,40.8791],[-74.0361,40.8791],[-74.0343,40.8773],[-74.0238,40.8742],[-74.0218,40.8805],[-74.0345,40.8843],[-74.0398,40.8791]]]}},{"type":"Feature","properties":{"geoid":"34003004002","clusterId":"new-york-north"},"geometry":{"type":"Polygon","coordinates":[[[-74.0398,40.8791],[-74.0348,40.8763],[-74.0358,40.8692],[-74.0223,40.8657],[-74.0208,40.8729],[-74.0361,40.8791],[-74.0398,40.8791]]]}},{"type":"Feature","properties":{"geoid":"34003005000","clusterId":"new-york-west"},"geometry":{"type":"Polygon","coordinates":[[[-74.1019,40.8434],[-74.1028,40.8415],[-74.0704,40.8217],[-74.066,40.8169],[-74.0607,40.8057],[-74.0365,40.8078],[-74.0334,40.8101],[-74.0313,40.8141],[-74.0305,40.8184],[-74.0347,40.8249],[-74.0531,40.8337],[-74.0588,40.8351],[-74.061,40.8325],[-74.0763,40.8371],[-74.0843,40.8419],[-74.0891,40.842],[-74.093,40.8443],[-74.0915,40.846],[-74.099,40.8503],[-74.1019,40.8434]]]}},{"type":"Feature","properties":{"geoid":"34003006101","clusterId":"new-york-north"},"geometry":{"type":"Polygon","coordinates":[[[-73.9913,40.831],[-73.9844,40.8263],[-73.9826,40.831],[-73.9889,40.8345],[-73.9913,40.831]]]}},{"type":"Feature","properties":{"geoid":"34003006102","clusterId":"new-york-north"},"geometry":{"type":"Polygon","coordinates":[[[-73.9961,40.8244],[-73.9933,40.8228],[-73.9907,40.8255],[-73.9864,40.8235],[-73.9844,40.8263],[-73.9917,40.8304],[-73.9961,40.8244]]]}},{"type":"Feature","properties":{"geoid":"34003006201","clusterId":"new-york-north"},"geometry":{"type":"Polygon","coordinates":[[[-73.9933,40.8228],[-73.9908,40.8214],[-73.9931,40.8187],[-73.9897,40.8178],[-73.9887,40.8203],[-73.9842,40.8177],[-73.985,40.8157],[-73.9797,40.8228],[-73.9848,40.8257],[-73.9864,40.8235],[-73.9907,40.8255],[-73.9933,40.8228]]]}},{"type":"Feature","properties":{"geoid":"34003006202","clusterId":"new-york-north"},"geometry":{"type":"Polygon","coordinates":[[[-73.9844,40.8263],[-73.9797,40.8228],[-73.9768,40.8278],[-73.9826,40.831],[-73.9844,40.8263]]]}},{"type":"Feature","properties":{"geoid":"34003006301","clusterId":"new-york-north"},"geometry":{"type":"Polygon","coordinates":[[[-73.9983,40.8085],[-73.9957,40.8072],[-73.9897,40.8178],[-73.9931,40.8187],[-73.9952,40.8148],[-73.9937,40.814],[-73.9983,40.8085]]]}},{"type":"Feature","properties":{"geoid":"34003006302","clusterId":"new-york-north"},"geometry":{"type":"Polygon","coordinates":[[[-73.9956,40.8072],[-73.9927,40.8079],[-73.9909,40.8123],[-73.9898,40.8116],[-73.987,40.8137],[-73.9842,40.8177],[-73.9887,40.8203],[-73.9956,40.8072]]]}},{"type":"Feature","properties":{"geoid":"34003007001","clusterId":"new-york-north"},"geometry":{"type":"Polygon","coordinates":[[[-74.0017,40.9724],[-74.0016,40.9707],[-73.9854,40.9703],[-73.9865,40.9682],[-73.9658,40.9672],[-73.9632,40.9654],[-73.9583,40.9836],[-73.9706,40.9839],[-73.9767,40.9821],[-73.9805,40.9796],[-73.9809,40.9769],[-73.9835,40.9778],[-73.9873,40.9744],[-73.9885,40.9744],[-73.9879,40.9758],[-73.9929,40.9757],[-73.9973,40.9727],[-74.0017,40.9724]]]}},{"type":"Feature","properties":{"geoid":"34003007002","clusterId":"new-york-north"},"geometry":{"type":"Polygon","coordinates":[[[-73.9621,40.9696],[-73.9626,40.968],[-73.9449,40.9574],[-73.9393,40.9641],[-73.9344,40.9768],[-73.9394,40.9784],[-73.9439,40.9837],[-73.9488,40.9842],[-73.9537,40.9826],[-73.9559,40.9842],[-73.9583,40.9836],[-73.9621,40.9696]]]}},{"type":"Feature","properties":{"geoid":"34003008001","clusterId":"new-york-north"},"geometry":{"type":"Polygon","coordinates":[[[-73.976,40.9495],[-73.9762,40.9476],[-73.971,40.9477],[-73.9637,40.9446],[-73.9626,40.9369],[-73.9422,40.9261],[-73.9358,40.9388],[-73.9425,40.9427],[-73.9482,40.9405],[-73.9552,40.9446],[-73.9614,40.9483],[-73.9615,40.954],[-73.963,40.9549],[-73.9647,40.9536],[-73.9757,40.9531],[-73.976,40.9495]]]}},{"type":"Feature","properties":{"geoid":"34003008002","clusterId":"new-york-north"},"geometry":{"type":"Polygon","coordinates":[[[-73.9799,40.9345],[-73.9677,40.9347],[-73.9629,40.9367],[-73.9636,40.9445],[-73.9708,40.9476],[-73.9762,40.9476],[-73.9768,40.9413],[-73.9791,40.9411],[-73.9799,40.9345]]]}},{"type":"Feature","properties":{"geoid":"34003009100","clusterId":"new-york-north"},"geometry":{"type":"Polygon","coordinates":[[[-73.976,40.9543],[-73.9757,40.9531],[-73.9647,40.9536],[-73.963,40.9549],[-73.9615,40.954],[-73.9614,40.9483],[-73.9482,40.9405],[-73.9428,40.9426],[-73.9363,40.9508],[-73.9399,40.9548],[-73.9626,40.968],[-73.9632,40.9654],[-73.9658,40.9672],[-73.9747,40.9677],[-73.976,40.9543]]]}},{"type":"Feature","properties":{"geoid":"34003009200","clusterId":"new-york-north"},"geometry":{"type":"Polygon","coordinates":[[[-74.0266,40.9593],[-74.0122,40.9556],[-73.976,40.9543],[-73.9747,40.9677],[-73.9865,40.9682],[-73.9854,40.9703],[-74.0028,40.9702],[-74.0041,40.972],[-74.0134,40.969],[-74.0129,40.9669],[-74.0164,40.9676],[-74.0183,40.964],[-74.0208,40.9627],[-74.0217,40.9638],[-74.0228,40.9609],[-74.0266,40.9593]]]}},{"type":"Feature","properties":{"geoid":"34003010100","clusterId":"new-york-north"},"geometry":{"type":"Polygon","coordinates":[[[-73.9891,40.9486],[-73.9877,40.9366],[-73.9797,40.937],[-73.9791,40.9411],[-73.9768,40.9413],[-73.9756,40.9543],[-73.985,40.9546],[-73.9891,40.9486]]]}},{"type":"Feature","properties":{"geoid":"34003010200","clusterId":"new-york-north"},"geometry":{"type":"Polygon","coordinates":[[[-74.0036,40.9364],[-73.9877,40.9366],[-73.9884,40.9445],[-73.9994,40.9444],[-73.9991,40.9402],[-74.0032,40.9402],[-74.0036,40.9364]]]}},{"type":"Feature","properties":{"geoid":"34003010300","clusterId":"new-york-north"},"geometry":{"type":"Polygon","coordinates":[[[-74.0107,40.9388],[-74.0109,40.9364],[-74.0062,40.9363],[-74.0035,40.9371],[-74.0032,40.9402],[-73.9991,40.9402],[-73.9994,40.9444],[-73.9884,40.9445],[-73.9892,40.9485],[-73.985,40.9546],[-74.0024,40.9552],[-74.0028,40.9461],[-74.0101,40.9462],[-74.0107,40.9388]]]}},{"type":"Feature","properties":{"geoid":"34003011100","clusterId":"new-york-north"},"geometry":{"type":"Polygon","coordinates":[[[-74.1323,40.9224],[-74.1294,40.92],[-74.132,40.9154],[-74.1248,40.9177],[-74.121,40.9109],[-74.1113,40.9135],[-74.115,40.9219],[-74.1216,40.9201],[-74.1235,40.9247],[-74.1323,40.9224]]]}},{"type":"Feature","properties":{"geoid":"34003011200","clusterId":"new-york-north"},"geometry":{"type":"Polygon","coordinates":[[[-74.1335,40.9123],[-74.1323,40.9041],[-74.1276,40.9037],[-74.1281,40.9047],[-74.1194,40.907],[-74.1248,40.9177],[-74.132,40.9154],[-74.1335,40.9123]]]}},{"type":"Feature","properties":{"geoid":"34003011300","clusterId":"new-york-north"},"geometry":{"type":"Polygon","coordinates":[[[-74.1337,40.9001],[-74.1328,40.8971],[-74.1285,40.8944],[-74.1298,40.887],[-74.1122,40.8916],[-74.117,40.9028],[-74.1323,40.9041],[-74.1337,40.9001]]]}},{"type":"Feature","properties":{"geoid":"34003011400","clusterId":"new-york-north"},"geometry":{"type":"Polygon","coordinates":[[[-74.1281,40.9047],[-74.117,40.9028],[-74.1122,40.8916],[-74.1021,40.8942],[-74.1113,40.9135],[-74.121,40.9109],[-74.1194,40.907],[-74.1281,40.9047]]]}},{"type":"Feature","properties":{"geoid":"34003012001","clusterId":"new-york-west"},"geometry":{"type":"Polygon","coordinates":[[[-74.1043,40.837],[-74.0817,40.7876],[-74.0768,40.7956],[-74.0689,40.7984],[-74.0652,40.803],[-74.0607,40.8057],[-74.0612,40.8068],[-74.066,40.8169],[-74.0713,40.8224],[-74.1028,40.8415],[-74.1043,40.837]]]}},{"type":"Feature","properties":{"geoid":"34003012002","clusterId":"new-york-west"},"geometry":{"type":"Polygon","coordinates":[[[-74.1211,40.847],[-74.1061,40.8387],[-74.1041,40.8359],[-74.1028,40.8415],[-74.119,40.8532],[-74.1211,40.847]]]}},{"type":"Feature","properties":{"geoid":"34003013002","clusterId":"new-york-north"},"geometry":{"type":"Polygon","coordinates":[[[-73.9786,40.8248],[-73.9759,40.8229],[-73.972,40.8254],[-73.9657,40.8237],[-73.9542,40.848],[-73.9683,40.8472],[-73.9724,40.8407],[-73.9741,40.832],[-73.9786,40.8248]]]}},{"type":"Feature","properties":{"geoid":"34003013003","clusterId":"new-york-north"},"geometry":{"type":"Polygon","coordinates":[[[-73.9937,40.8029],[-73.9933,40.8013],[-73.9847,40.7977],[-73.9657,40.8237],[-73.972,40.8254],[-73.9756,40.8235],[-73.9816,40.816],[-73.9869,40.8124],[-73.9937,40.8029]]]}},{"type":"Feature","properties":{"geoid":"34003013004","clusterId":"new-york-north"},"geometry":{"type":"Polygon","coordinates":[[[-73.9945,40.8066],[-73.9935,40.8038],[-73.9759,40.8229],[-73.9789,40.8244],[-73.9844,40.8159],[-73.9896,40.8117],[-73.9909,40.8123],[-73.9945,40.8066]]]}},{"type":"Feature","properties":{"geoid":"34003014000","clusterId":"new-york-north"},"geometry":{"type":"Polygon","coordinates":[[[-74.0564,40.9747],[-74.0569,40.9736],[-74.0551,40.9732],[-74.0566,40.9699],[-74.0523,40.9687],[-74.0499,40.9742],[-74.0461,40.9733],[-74.049,40.9653],[-74.038,40.9622],[-74.0369,40.9718],[-74.0131,40.9668],[-74.0134,40.969],[-74.0096,40.9708],[-74.0069,40.9701],[-74.0041,40.972],[-74.0025,40.9702],[-74.0013,40.9726],[-73.9968,40.9729],[-73.9938,40.9753],[-73.9937,40.98],[-74.0037,40.9828],[-74.0044,40.987],[-74.0093,40.9787],[-74.0151,40.9809],[-74.0356,40.9843],[-74.0427,40.9735],[-74.0557,40.9764],[-74.0564,40.9747]]]}},{"type":"Feature","properties":{"geoid":"34003015100","clusterId":"new-york-north"},"geometry":{"type":"Polygon","coordinates":[[[-73.9711,40.8926],[-73.959,40.8849],[-73.9494,40.9007],[-73.9647,40.9095],[-73.9713,40.8963],[-73.9689,40.8954],[-73.9711,40.8926]]]}},{"type":"Feature","properties":{"geoid":"34003015200","clusterId":"new-york-north"},"geometry":{"type":"Polygon","coordinates":[[[-73.9891,40.9093],[-73.9818,40.8998],[-73.9811,40.9011],[-73.9768,40.8999],[-73.9753,40.9042],[-73.9692,40.9005],[-73.9647,40.9095],[-73.972,40.9136],[-73.9886,40.9117],[-73.9891,40.9093]]]}},{"type":"Feature","properties":{"geoid":"34003015300","clusterId":"new-york-north"},"geometry":{"type":"Polygon","coordinates":[[[-73.9947,40.8887],[-73.9918,40.8877],[-73.9905,40.8897],[-73.985,40.8877],[-73.9788,40.894],[-73.9825,40.8959],[-73.9787,40.8976],[-73.9891,40.9093],[-73.9896,40.903],[-73.9947,40.8887]]]}},{"type":"Feature","properties":{"geoid":"34003015401","clusterId":"new-york-north"},"geometry":{"type":"Polygon","coordinates":[[[-73.9826,40.8901],[-73.9772,40.8871],[-73.973,40.8928],[-73.9711,40.8926],[-73.9689,40.8954],[-73.9713,40.8963],[-73.9692,40.9005],[-73.9753,40.9042],[-73.9768,40.8999],[-73.9811,40.9011],[-73.9818,40.8998],[-73.9787,40.8976],[-73.9825,40.8959],[-73.9788,40.894],[-73.9826,40.8901]]]}},{"type":"Feature","properties":{"geoid":"34003015402","clusterId":"new-york-north"},"geometry":{"type":"Polygon","coordinates":[[[-73.9941,40.8765],[-73.9849,40.8749],[-73.9783,40.8816],[-73.9772,40.8871],[-73.9826,40.8901],[-73.985,40.8877],[-73.9905,40.8897],[-73.9918,40.8877],[-73.9875,40.8862],[-73.9941,40.8765]]]}},{"type":"Feature","properties":{"geoid":"34003015500","clusterId":"new-york-north"},"geometry":{"type":"Polygon","coordinates":[[[-73.9849,40.8749],[-73.97,40.8657],[-73.9558,40.8831],[-73.973,40.8928],[-73.9769,40.8878],[-73.9784,40.8814],[-73.9849,40.8749]]]}},{"type":"Feature","properties":{"geoid":"34003016000","clusterId":"new-york-north"},"geometry":{"type":"Polygon","coordinates":[[[-73.9681,40.8692],[-73.9483,40.8584],[-73.9298,40.8887],[-73.9271,40.8955],[-73.9465,40.9061],[-73.959,40.8849],[-73.9558,40.8831],[-73.9681,40.8692]]]}},{"type":"Feature","properties":{"geoid":"34003017101","clusterId":"new-york-north"},"geometry":{"type":"Polygon","coordinates":[[[-74.1255,40.9505],[-74.1213,40.939],[-74.0987,40.945],[-74.1014,40.948],[-74.1001,40.9551],[-74.107,40.9508],[-74.1255,40.9505]]]}},{"type":"Feature","properties":{"geoid":"34003017102","clusterId":"new-york-north"},"geometry":{"type":"Polygon","coordinates":[[[-74.1139,40.941],[-74.1113,40.9365],[-74.0989,40.9397],[-74.1008,40.9446],[-74.1139,40.941]]]}},{"type":"Feature","properties":{"geoid":"34003017200","clusterId":"new-york-north"},"geometry":{"type":"Polygon","coordinates":[[[-74.1482,40.9422],[-74.144,40.9408],[-74.1396,40.9339],[-74.1283,40.9371],[-74.1263,40.9325],[-74.1195,40.9341],[-74.1255,40.9505],[-74.1398,40.951],[-74.1423,40.9489],[-74.1464,40.9484],[-74.1482,40.9422]]]}},{"type":"Feature","properties":{"geoid":"34003017301","clusterId":"new-york-north"},"geometry":{"type":"Polygon","coordinates":[[[-74.1425,40.929],[-74.1413,40.9254],[-74.1384,40.923],[-74.1323,40.9224],[-74.1291,40.9251],[-74.1339,40.9355],[-74.1396,40.9339],[-74.1425,40.929]]]}},{"type":"Feature","properties":{"geoid":"34003017302","clusterId":"new-york-north"},"geometry":{"type":"Polygon","coordinates":[[[-74.1339,40.9355],[-74.1291,40.9254],[-74.1302,40.923],[-74.1212,40.925],[-74.1226,40.9286],[-74.1179,40.9298],[-74.1195,40.9341],[-74.1263,40.9325],[-74.1283,40.9371],[-74.1339,40.9355]]]}},{"type":"Feature","properties":{"geoid":"34003017400","clusterId":"new-york-north"},"geometry":{"type":"Polygon","coordinates":[[[-74.1213,40.939],[-74.1195,40.9341],[-74.0903,40.9268],[-74.0937,40.9299],[-74.0917,40.9336],[-74.0946,40.9368],[-74.0929,40.9414],[-74.0982,40.9465],[-74.1008,40.9446],[-74.0989,40.9397],[-74.1113,40.9365],[-74.1139,40.941],[-74.1213,40.939]]]}},{"type":"Feature","properties":{"geoid":"34003017501","clusterId":"new-york-north"},"geometry":{"type":"Polygon","coordinates":[[[-74.1232,40.9244],[-74.1216,40.9201],[-74.115,40.9219],[-74.1134,40.9177],[-74.1042,40.9201],[-74.1079,40.9307],[-74.1195,40.9341],[-74.1179,40.9298],[-74.1226,40.9286],[-74.1212,40.925],[-74.1232,40.9244]]]}},{"type":"Feature","properties":{"geoid":"34003017502","clusterId":"new-york-north"},"geometry":{"type":"Polygon","coordinates":[[[-74.1084,40.9295],[-74.1042,40.9201],[-74.0999,40.9212],[-74.0894,40.9197],[-74.0913,40.9262],[-74.1079,40.9307],[-74.1084,40.9295]]]}},{"type":"Feature","properties":{"geoid":"34003018101","clusterId":"new-york-north"},"geometry":{"type":"Polygon","coordinates":[[[-74.0025,40.8108],[-73.9983,40.8085],[-73.9937,40.814],[-73.9982,40.8164],[-74.0025,40.8108]]]}},{"type":"Feature","properties":{"geoid":"34003018102","clusterId":"new-york-north"},"geometry":{"type":"Polygon","coordinates":[[[-73.9982,40.8164],[-73.9952,40.8148],[-73.9908,40.8214],[-73.9942,40.8233],[-73.9982,40.8164]]]}},{"type":"Feature","properties":{"geoid":"34003018200","clusterId":"new-york-north"},"geometry":{"type":"Polygon","coordinates":[[[-74.0138,40.8231],[-74.0113,40.8207],[-74.0124,40.816],[-74.0025,40.8107],[-73.9942,40.8233],[-73.9961,40.8244],[-73.9975,40.8223],[-74.0053,40.8269],[-74.0101,40.8232],[-74.0138,40.8231]]]}},{"type":"Feature","properties":{"geoid":"34003019102","clusterId":"new-york-north"},"geometry":{"type":"Polygon","coordinates":[[[-73.9679,40.8547],[-73.9526,40.8515],[-73.9483,40.8584],[-73.961,40.8652],[-73.9679,40.8547]]]}},{"type":"Feature","properties":{"geoid":"34003019103","clusterId":"new-york-north"},"geometry":{"type":"Polygon","coordinates":[[[-73.9807,40.8582],[-73.9741,40.8573],[-73.9677,40.8614],[-73.9675,40.8642],[-73.9647,40.8673],[-73.9675,40.8688],[-73.97,40.8657],[-73.9758,40.8691],[-73.9773,40.8621],[-73.9807,40.8582]]]}},{"type":"Feature","properties":{"geoid":"34003019104","clusterId":"new-york-north"},"geometry":{"type":"Polygon","coordinates":[[[-73.9738,40.8576],[-73.9679,40.8546],[-73.961,40.8652],[-73.9647,40.8673],[-73.9675,40.8642],[-73.9677,40.8614],[-73.9738,40.8576]]]}},{"type":"Feature","properties":{"geoid":"34003019202","clusterId":"new-york-north"},"geometry":{"type":"Polygon","coordinates":[[[-73.9749,40.8494],[-73.971,40.8468],[-73.9692,40.8491],[-73.965,40.8484],[-73.9644,40.8466],[-73.962,40.8481],[-73.9542,40.848],[-73.9526,40.8515],[-73.9704,40.8553],[-73.9749,40.8494]]]}},{"type":"Feature","properties":{"geoid":"34003019203","clusterId":"new-york-north"},"geometry":{"type":"Polygon","coordinates":[[[-73.9804,40.8579],[-73.9723,40.8521],[-73.9704,40.8553],[-73.9762,40.8583],[-73.9804,40.8579]]]}},{"type":"Feature","properties":{"geoid":"34003019204","clusterId":"new-york-north"},"geometry":{"type":"Polygon","coordinates":[[[-73.9842,40.8546],[-73.9752,40.849],[-73.9723,40.8521],[-73.9811,40.8585],[-73.9842,40.8546]]]}},{"type":"Feature","properties":{"geoid":"34003019303","clusterId":"new-york-north"},"geometry":{"type":"Polygon","coordinates":[[[-73.9882,40.851],[-73.9806,40.8468],[-73.9859,40.8415],[-73.9804,40.8383],[-73.9749,40.8472],[-73.9762,40.848],[-73.9752,40.849],[-73.9841,40.8549],[-73.9882,40.851]]]}},{"type":"Feature","properties":{"geoid":"34003019304","clusterId":"new-york-north"},"geometry":{"type":"Polygon","coordinates":[[[-73.9912,40.836],[-73.9826,40.831],[-73.9804,40.8383],[-73.9859,40.8415],[-73.9912,40.836]]]}},{"type":"Feature","properties":{"geoid":"34003019305","clusterId":"new-york-north"},"geometry":{"type":"Polygon","coordinates":[[[-73.9801,40.8391],[-73.9783,40.8367],[-73.9738,40.8359],[-73.9709,40.8439],[-73.9681,40.8474],[-73.965,40.8484],[-73.9692,40.8491],[-73.971,40.8468],[-73.9752,40.849],[-73.9762,40.848],[-73.9749,40.8472],[-73.9801,40.8391]]]}},{"type":"Feature","properties":{"geoid":"34003019306","clusterId":"new-york-north"},"geometry":{"type":"Polygon","coordinates":[[[-73.9827,40.8313],[-73.9768,40.8278],[-73.9737,40.8329],[-73.9738,40.8359],[-73.9804,40.8383],[-73.9827,40.8313]]]}},{"type":"Feature","properties":{"geoid":"34003020100","clusterId":"new-york-north"},"geometry":{"type":"Polygon","coordinates":[[[-74.2237,41.0214],[-74.1888,41.0046],[-74.1873,41.0174],[-74.1676,41.0238],[-74.1696,41.0241],[-74.1711,41.0294],[-74.1761,41.0306],[-74.1811,41.0351],[-74.2005,41.0452],[-74.2237,41.0214]]]}},{"type":"Feature","properties":{"geoid":"34003020200","clusterId":"new-york-north"},"geometry":{"type":"Polygon","coordinates":[[[-74.2485,40.9922],[-74.2245,40.9813],[-74.1918,40.9786],[-74.1888,41.0046],[-74.2237,41.0214],[-74.2461,40.9984],[-74.2462,40.9953],[-74.2485,40.9922]]]}},{"type":"Feature","properties":{"geoid":"34003021101","clusterId":"new-york-north"},"geometry":{"type":"Polygon","coordinates":[[[-74.1151,40.8909],[-74.1145,40.8849],[-74.103,40.8879],[-74.1042,40.8937],[-74.1151,40.8909]]]}},{"type":"Feature","properties":{"geoid":"34003021102","clusterId":"new-york-north"},"geometry":{"type":"Polygon","coordinates":[[[-74.1148,40.8841],[-74.1143,40.8811],[-74.1029,40.8839],[-74.1023,40.8867],[-74.103,40.8879],[-74.1148,40.8841]]]}},{"type":"Feature","properties":{"geoid":"34003021200","clusterId":"new-york-west"},"geometry":{"type":"Polygon","coordinates":[[[-74.1303,40.8857],[-74.1215,40.881],[-74.1152,40.8742],[-74.1136,40.8743],[-74.1152,40.8762],[-74.1137,40.8766],[-74.1151,40.8909],[-74.1298,40.887],[-74.1303,40.8857]]]}},{"type":"Feature","properties":{"geoid":"34003021300","clusterId":"new-york-west"},"geometry":{"type":"Polygon","coordinates":[[[-74.1152,40.8762],[-74.1136,40.8743],[-74.1115,40.8748],[-74.1106,40.8727],[-74.1051,40.874],[-74.1029,40.8839],[-74.1143,40.8811],[-74.1137,40.8766],[-74.1152,40.8762]]]}},{"type":"Feature","properties":{"geoid":"34003021400","clusterId":"new-york-north"},"geometry":{"type":"Polygon","coordinates":[[[-74.1051,40.874],[-74.1035,40.8754],[-74.0986,40.873],[-74.0946,40.8783],[-74.0919,40.8866],[-74.1007,40.8844],[-74.1023,40.8867],[-74.1051,40.874]]]}},{"type":"Feature","properties":{"geoid":"34003021500","clusterId":"new-york-west"},"geometry":{"type":"Polygon","coordinates":[[[-74.1099,40.8649],[-74.1028,40.8615],[-74.1012,40.865],[-74.0979,40.8652],[-74.0965,40.8688],[-74.0938,40.8698],[-74.1035,40.8754],[-74.1058,40.8707],[-74.1053,40.8664],[-74.1099,40.8649]]]}},{"type":"Feature","properties":{"geoid":"34003021600","clusterId":"new-york-west"},"geometry":{"type":"Polygon","coordinates":[[[-74.1152,40.8742],[-74.1108,40.8651],[-74.1053,40.8664],[-74.1051,40.874],[-74.1106,40.8727],[-74.1115,40.8748],[-74.1152,40.8742]]]}},{"type":"Feature","properties":{"geoid":"34003022100","clusterId":"new-york-north"},"geometry":{"type":"Polygon","coordinates":[[[-74.1412,40.9658],[-74.1299,40.9624],[-74.1188,40.962],[-74.1125,40.9637],[-74.1154,40.9705],[-74.1182,40.9698],[-74.1174,40.9717],[-74.1204,40.9711],[-74.1211,40.9728],[-74.1359,40.9727],[-74.1412,40.9658]]]}},{"type":"Feature","properties":{"geoid":"34003022200","clusterId":"new-york-north"},"geometry":{"type":"Polygon","coordinates":[[[-74.1464,40.9485],[-74.1363,40.9518],[-74.1372,40.9504],[-74.107,40.9508],[-74.1001,40.9551],[-74.1058,40.9585],[-74.1063,40.9643],[-74.1099,40.9674],[-74.114,40.9673],[-74.1125,40.9637],[-74.1188,40.962],[-74.1345,40.9628],[-74.1412,40.9658],[-74.1464,40.9485]]]}},{"type":"Feature","properties":{"geoid":"34003023100","clusterId":"new-york-north"},"geometry":{"type":"Polygon","coordinates":[[[-74.0466,40.88],[-74.0398,40.8791],[-74.0345,40.8842],[-74.0333,40.8871],[-74.0368,40.8885],[-74.0371,40.8903],[-74.0313,40.896],[-74.0316,40.9015],[-74.0279,40.9033],[-74.0248,40.9074],[-74.0272,40.9127],[-74.0299,40.9135],[-74.0358,40.9092],[-74.0403,40.8996],[-74.0459,40.8932],[-74.0412,40.8904],[-74.0466,40.88]]]}},{"type":"Feature","properties":{"geoid":"34003023201","clusterId":"new-york-north"},"geometry":{"type":"Polygon","coordinates":[[[-74.0508,40.8973],[-74.0516,40.8965],[-74.0459,40.8932],[-74.0406,40.8992],[-74.0487,40.9045],[-74.0504,40.9028],[-74.0471,40.9009],[-74.0508,40.8973]]]}},{"type":"Feature","properties":{"geoid":"34003023202","clusterId":"new-york-north"},"geometry":{"type":"Polygon","coordinates":[[[-74.0479,40.9053],[-74.0487,40.9045],[-74.0406,40.8992],[-74.0358,40.9092],[-74.0419,40.9114],[-74.0479,40.9053]]]}},{"type":"Feature","properties":{"geoid":"34003023301","clusterId":"new-york-north"},"geometry":{"type":"Polygon","coordinates":[[[-74.0573,40.9011],[-74.0516,40.8965],[-74.0471,40.9009],[-74.0504,40.9028],[-74.0418,40.9117],[-74.0495,40.9129],[-74.0573,40.9011]]]}},{"type":"Feature","properties":{"geoid":"34003023303","clusterId":"new-york-north"},"geometry":{"type":"Polygon","coordinates":[[[-74.0542,40.8914],[-74.0527,40.8896],[-74.0508,40.8929],[-74.0497,40.8923],[-74.0505,40.8938],[-74.0492,40.8951],[-74.0516,40.8965],[-74.0542,40.8914]]]}},{"type":"Feature","properties":{"geoid":"34003023304","clusterId":"new-york-north"},"geometry":{"type":"Polygon","coordinates":[[[-74.0594,40.8926],[-74.0549,40.89],[-74.0516,40.8965],[-74.0573,40.8999],[-74.0594,40.8926]]]}},{"type":"Feature","properties":{"geoid":"34003023401","clusterId":"new-york-north"},"geometry":{"type":"Polygon","coordinates":[[[-74.0646,40.8871],[-74.0583,40.8833],[-74.0549,40.89],[-74.0594,40.8926],[-74.0646,40.8871]]]}},{"type":"Feature","properties":{"geoid":"34003023402","clusterId":"new-york-north"},"geometry":{"type":"Polygon","coordinates":[[[-74.0681,40.8766],[-74.0602,40.8714],[-74.0596,40.869],[-74.051,40.8808],[-74.054,40.8818],[-74.0528,40.8839],[-74.057,40.8858],[-74.0583,40.8833],[-74.0646,40.8871],[-74.0681,40.8766]]]}},{"type":"Feature","properties":{"geoid":"34003023501","clusterId":"new-york-north"},"geometry":{"type":"Polygon","coordinates":[[[-74.0549,40.89],[-74.0444,40.8846],[-74.0412,40.8904],[-74.0492,40.8951],[-74.0505,40.8938],[-74.0497,40.8923],[-74.0508,40.8929],[-74.0527,40.8896],[-74.0549,40.89]]]}},{"type":"Feature","properties":{"geoid":"34003023502","clusterId":"new-york-north"},"geometry":{"type":"Polygon","coordinates":[[[-74.0564,40.8872],[-74.057,40.8858],[-74.0528,40.8839],[-74.054,40.8818],[-74.0509,40.8808],[-74.0466,40.88],[-74.0444,40.8846],[-74.0549,40.89],[-74.0564,40.8872]]]}},{"type":"Feature","properties":{"geoid":"34003023601","clusterId":"new-york-north"},"geometry":{"type":"Polygon","coordinates":[[[-74.0486,40.8732],[-74.0383,40.8589],[-74.0324,40.8586],[-74.0359,40.8711],[-74.0486,40.8732]]]}},{"type":"Feature","properties":{"geoid":"34003023602","clusterId":"new-york-north"},"geometry":{"type":"Polygon","coordinates":[[[-74.0556,40.874],[-74.0359,40.8711],[-74.0348,40.876],[-74.0398,40.8791],[-74.051,40.8808],[-74.0556,40.874]]]}},{"type":"Feature","properties":{"geoid":"34003024100","clusterId":"new-york-north"},"geometry":{"type":"Polygon","coordinates":[[[-74.0104,41.0091],[-74.0082,41.0102],[-74.0057,41.007],[-74.0075,41.0041],[-74.0029,41.0029],[-74.0028,40.9989],[-74.0011,40.9994],[-74.0003,40.9966],[-73.9961,40.9954],[-73.995,40.9995],[-73.9941,40.9983],[-73.9858,40.9991],[-73.98,41.0052],[-73.9687,41.0068],[-73.9588,41.0226],[-73.9937,41.0381],[-73.9971,41.0356],[-73.9973,41.0327],[-73.9996,41.0326],[-73.9995,41.03],[-73.9964,41.0283],[-73.9978,41.026],[-73.9961,41.0253],[-73.9967,41.0219],[-73.9997,41.0182],[-74.0027,41.0178],[-74.0051,41.0121],[-74.0077,41.0129],[-74.0104,41.0091]]]}},{"type":"Feature","properties":{"geoid":"34003024200","clusterId":"new-york-north"},"geometry":{"type":"Polygon","coordinates":[[[-73.998,40.9885],[-73.9952,40.9833],[-73.9964,40.9811],[-73.9978,40.9815],[-73.9937,40.98],[-73.9929,40.9748],[-73.9879,40.9758],[-73.9885,40.9744],[-73.9874,40.9743],[-73.9835,40.9778],[-73.9809,40.9769],[-73.9804,40.9796],[-73.9706,40.9839],[-73.9646,40.984],[-73.963,40.9827],[-73.9671,40.9917],[-73.9707,40.995],[-73.9687,41.0068],[-73.98,41.0052],[-73.9858,40.9991],[-73.9877,40.9916],[-73.9903,40.9887],[-73.9937,40.9889],[-73.9956,40.9871],[-73.998,40.9885]]]}},{"type":"Feature","properties":{"geoid":"34003025100","clusterId":"new-york-north"},"geometry":{"type":"Polygon","coordinates":[[[-74.0817,40.8522],[-74.0722,40.847],[-74.0692,40.8508],[-74.072,40.8524],[-74.0594,40.8685],[-74.06,40.8712],[-74.0683,40.876],[-74.0717,40.8697],[-74.0736,40.8708],[-74.075,40.8694],[-74.0694,40.8662],[-74.0792,40.8566],[-74.0781,40.8559],[-74.0817,40.8522]]]}},{"type":"Feature","properties":{"geoid":"34003025200","clusterId":"new-york-north"},"geometry":{"type":"Polygon","coordinates":[[[-74.0895,40.857],[-74.0817,40.8522],[-74.0781,40.8559],[-74.0792,40.8566],[-74.0694,40.8662],[-74.0811,40.8717],[-74.0822,40.8706],[-74.0796,40.8691],[-74.0875,40.8614],[-74.0862,40.8606],[-74.0895,40.857]]]}},{"type":"Feature","properties":{"geoid":"34003026100","clusterId":"new-york-north"},"geometry":{"type":"Polygon","coordinates":[[[-74.0387,41.0161],[-74.0365,40.9991],[-74.031,41.0001],[-74.0288,40.9983],[-74.0306,40.9968],[-74.029,40.9941],[-74.0232,40.9997],[-74.0201,41.0006],[-74.0197,41.0087],[-74.0217,41.0112],[-74.0194,41.0158],[-74.0195,41.02],[-74.0264,41.0206],[-74.0255,41.0175],[-74.0387,41.0161]]]}},{"type":"Feature","properties":{"geoid":"34003026200","clusterId":"new-york-north"},"geometry":{"type":"Polygon","coordinates":[[[-74.0773,41.0045],[-74.0476,40.9984],[-74.0365,40.9987],[-74.0386,41.0152],[-74.0414,41.0155],[-74.0419,41.0136],[-74.0457,41.0154],[-74.054,41.0103],[-74.076,41.0144],[-74.0773,41.0045]]]}},{"type":"Feature","properties":{"geoid":"34003027000","clusterId":"new-york-north"},"geometry":{"type":"Polygon","coordinates":[[[-74.1202,41.0064],[-74.1182,41.0059],[-74.1179,41.0028],[-74.113,40.9954],[-74.1062,40.9956],[-74.0795,40.9899],[-74.0798,40.9981],[-74.0773,41.0045],[-74.0937,41.0052],[-74.1118,41.0085],[-74.1202,41.0064]]]}},{"type":"Feature","properties":{"geoid":"34003028001","clusterId":"new-york-north"},"geometry":{"type":"Polygon","coordinates":[[[-74.0062,40.8576],[-74.0017,40.8555],[-73.9984,40.855],[-73.9974,40.8562],[-73.9935,40.854],[-73.9806,40.8719],[-73.9859,40.8753],[-73.9941,40.8765],[-73.9938,40.8729],[-74.0062,40.8576]]]}},{"type":"Feature","properties":{"geoid":"34003028002","clusterId":"new-york-north"},"geometry":{"type":"Polygon","coordinates":[[[-73.9929,40.8549],[-73.9935,40.8541],[-73.9882,40.851],[-73.9794,40.8608],[-73.9781,40.8605],[-73.9758,40.8691],[-73.9806,40.8719],[-73.9929,40.8549]]]}},{"type":"Feature","properties":{"geoid":"34003029100","clusterId":"new-york-north"},"geometry":{"type":"Polygon","coordinates":[[[-74.0449,40.8573],[-74.0447,40.8538],[-74.0432,40.8527],[-74.0302,40.8485],[-74.0285,40.8542],[-74.0324,40.8586],[-74.0439,40.8591],[-74.0449,40.8573]]]}},{"type":"Feature","properties":{"geoid":"34003029200","clusterId":"new-york-north"},"geometry":{"type":"Polygon","coordinates":[[[-74.0539,40.854],[-74.0519,40.848],[-74.0459,40.8462],[-74.0457,40.8433],[-74.0432,40.8434],[-74.0433,40.8376],[-74.0419,40.8341],[-74.0398,40.8342],[-74.0407,40.8324],[-74.039,40.8322],[-74.0401,40.8303],[-74.0354,40.8286],[-74.0305,40.8319],[-74.0302,40.8485],[-74.0407,40.8517],[-74.0517,40.8576],[-74.0539,40.854]]]}},{"type":"Feature","properties":{"geoid":"34003030100","clusterId":"new-york-north"},"geometry":{"type":"Polygon","coordinates":[[[-74.0829,40.8794],[-74.0701,40.8715],[-74.0646,40.8871],[-74.0788,40.8951],[-74.0816,40.8889],[-74.0757,40.8868],[-74.0829,40.8794]]]}},{"type":"Feature","properties":{"geoid":"34003030201","clusterId":"new-york-north"},"geometry":{"type":"Polygon","coordinates":[[[-74.0986,40.873],[-74.0938,40.8698],[-74.0958,40.869],[-74.0938,40.8677],[-74.0893,40.8706],[-74.0887,40.8747],[-74.0902,40.8757],[-74.0875,40.8777],[-74.0938,40.8804],[-74.0986,40.873]]]}},{"type":"Feature","properties":{"geoid":"34003030202","clusterId":"new-york-north"},"geometry":{"type":"Polygon","coordinates":[[[-74.0934,40.8814],[-74.0938,40.8804],[-74.0873,40.8778],[-74.0807,40.8888],[-74.0919,40.8866],[-74.0934,40.8814]]]}},{"type":"Feature","properties":{"geoid":"34003030300","clusterId":"new-york-north"},"geometry":{"type":"Polygon","coordinates":[[[-74.0972,40.8672],[-74.092,40.864],[-74.0817,40.8756],[-74.0851,40.8775],[-74.0848,40.8787],[-74.0818,40.8787],[-74.0822,40.8805],[-74.0757,40.8868],[-74.0804,40.8896],[-74.0872,40.8778],[-74.0899,40.8765],[-74.0893,40.8706],[-74.0938,40.8677],[-74.0959,40.8691],[-74.0972,40.8672]]]}},{"type":"Feature","properties":{"geoid":"34003030401","clusterId":"new-york-north"},"geometry":{"type":"Polygon","coordinates":[[[-74.0914,40.8647],[-74.0875,40.8614],[-74.08,40.8687],[-74.0854,40.8719],[-74.0914,40.8647]]]}},{"type":"Feature","properties":{"geoid":"34003030402","clusterId":"new-york-north"},"geometry":{"type":"Polygon","coordinates":[[[-74.0847,40.8726],[-74.08,40.8687],[-74.0822,40.8706],[-74.0811,40.8717],[-74.0758,40.8686],[-74.0701,40.8715],[-74.0818,40.8787],[-74.0848,40.8787],[-74.0851,40.8775],[-74.0817,40.8756],[-74.0847,40.8726]]]}},{"type":"Feature","properties":{"geoid":"34003031100","clusterId":"new-york-west"},"geometry":{"type":"Polygon","coordinates":[[[-74.123,40.8111],[-74.1138,40.8058],[-74.1176,40.8019],[-74.1162,40.8009],[-74.1179,40.7965],[-74.1083,40.7935],[-74.1094,40.7918],[-74.1085,40.79],[-74.1143,40.7886],[-74.1138,40.7866],[-74.1166,40.7822],[-74.1106,40.7771],[-74.1009,40.776],[-74.101,40.7738],[-74.0976,40.7707],[-74.0988,40.7676],[-74.0959,40.7629],[-74.0925,40.7634],[-74.0903,40.7616],[-74.0878,40.7654],[-74.09,40.778],[-74.083,40.7862],[-74.0915,40.788],[-74.0901,40.7924],[-74.0965,40.7961],[-74.0927,40.8014],[-74.0948,40.8032],[-74.0943,40.805],[-74.1162,40.8178],[-74.123,40.8111]]]}},{"type":"Feature","properties":{"geoid":"34003031200","clusterId":"new-york-west"},"geometry":{"type":"Polygon","coordinates":[[[-74.1327,40.8142],[-74.1244,40.8094],[-74.1162,40.8178],[-74.124,40.8225],[-74.1315,40.8196],[-74.1322,40.8165],[-74.1311,40.8158],[-74.1327,40.8142]]]}},{"type":"Feature","properties":{"geoid":"34003031300","clusterId":"new-york-west"},"geometry":{"type":"Polygon","coordinates":[[[-74.1396,40.8054],[-74.1312,40.8007],[-74.1249,40.8072],[-74.1259,40.8078],[-74.1244,40.8094],[-74.1327,40.8142],[-74.1311,40.8158],[-74.1322,40.8165],[-74.1315,40.8196],[-74.137,40.8173],[-74.1396,40.8054]]]}},{"type":"Feature","properties":{"geoid":"34003031400","clusterId":"new-york-west"},"geometry":{"type":"Polygon","coordinates":[[[-74.1312,40.8007],[-74.1275,40.7986],[-74.1175,40.7972],[-74.1162,40.8009],[-74.1176,40.8019],[-74.1138,40.8058],[-74.1228,40.811],[-74.1312,40.8007]]]}},{"type":"Feature","properties":{"geoid":"34003032102","clusterId":"new-york-north"},"geometry":{"type":"Polygon","coordinates":[[[-74.2183,41.0509],[-74.2,41.0451],[-74.1818,41.0355],[-74.1761,41.0306],[-74.1711,41.0293],[-74.1696,41.024],[-74.1646,41.022],[-74.157,41.0258],[-74.148,41.0273],[-74.1518,41.0286],[-74.1526,41.0314],[-74.1497,41.0401],[-74.1653,41.0435],[-74.1673,41.0461],[-74.1723,41.0472],[-74.1762,41.0507],[-74.1716,41.0568],[-74.1711,41.0653],[-74.1747,41.0658],[-74.1768,41.0706],[-74.1791,41.0719],[-74.1795,41.075],[-74.1842,41.0792],[-74.1878,41.0766],[-74.1937,41.0767],[-74.2019,41.0711],[-74.203,41.0677],[-74.2083,41.065],[-74.2138,41.0555],[-74.2183,41.0509]]]}},{"type":"Feature","properties":{"geoid":"34003032103","clusterId":"new-york-north"},"geometry":{"type":"Polygon","coordinates":[[[-74.1772,41.0709],[-74.1744,41.0655],[-74.1611,41.0665],[-74.1594,41.0728],[-74.1566,41.0762],[-74.1478,41.0772],[-74.1585,41.0971],[-74.1615,41.0987],[-74.1688,41.0922],[-74.1696,41.0816],[-74.1772,41.0709]]]}},{"type":"Feature","properties":{"geoid":"34003032104","clusterId":"new-york-north"},"geometry":{"type":"Polygon","coordinates":[[[-74.2489,41.0638],[-74.2185,41.0507],[-74.2138,41.0555],[-74.2082,41.0651],[-74.2035,41.0673],[-74.202,41.071],[-74.1939,41.0766],[-74.1878,41.0766],[-74.1842,41.0792],[-74.1772,41.0709],[-74.1696,41.0816],[-74.1688,41.0922],[-74.161,41.0991],[-74.1512,41.1028],[-74.1498,41.1071],[-74.2112,41.1337],[-74.2489,41.0638]]]}},{"type":"Feature","properties":{"geoid":"34003032201","clusterId":"new-york-north"},"geometry":{"type":"Polygon","coordinates":[[[-74.1528,41.0875],[-74.1478,41.0772],[-74.136,41.0782],[-74.1243,41.0749],[-74.1245,41.0738],[-74.1148,41.0726],[-74.1128,41.08],[-74.1057,41.0791],[-74.104,41.0871],[-74.1208,41.0944],[-74.1251,41.0921],[-74.1257,41.0897],[-74.1528,41.0875]]]}},{"type":"Feature","properties":{"geoid":"34003032202","clusterId":"new-york-north"},"geometry":{"type":"Polygon","coordinates":[[[-74.1615,41.0987],[-74.1567,41.0954],[-74.1528,41.0875],[-74.1257,41.0897],[-74.1251,41.0921],[-74.1208,41.0944],[-74.1499,41.1073],[-74.1512,41.1028],[-74.1615,41.0987]]]}},{"type":"Feature","properties":{"geoid":"34003033100","clusterId":"new-york-north"},"geometry":{"type":"Polygon","coordinates":[[[-74.0695,40.9073],[-74.0676,40.9061],[-74.0663,40.9085],[-74.06,40.9068],[-74.061,40.9045],[-74.0572,40.9022],[-74.0505,40.9105],[-74.0646,40.9175],[-74.0695,40.9073]]]}},{"type":"Feature","properties":{"geoid":"34003033200","clusterId":"new-york-north"},"geometry":{"type":"Polygon","coordinates":[[[-74.0725,40.8927],[-74.068,40.8899],[-74.0643,40.8992],[-74.0618,40.9027],[-74.06,40.9016],[-74.0585,40.903],[-74.061,40.9045],[-74.06,40.9068],[-74.0663,40.9085],[-74.0676,40.9061],[-74.0695,40.9073],[-74.0725,40.8927]]]}},{"type":"Feature","properties":{"geoid":"34003033300","clusterId":"new-york-north"},"geometry":{"type":"Polygon","coordinates":[[[-74.0685,40.8894],[-74.0646,40.8871],[-74.06,40.8917],[-74.0572,40.9022],[-74.0618,40.9027],[-74.0685,40.8894]]]}},{"type":"Feature","properties":{"geoid":"34003034001","clusterId":"new-york-north"},"geometry":{"type":"Polygon","coordinates":[[[-74.1574,40.9991],[-74.1533,40.9968],[-74.1513,40.993],[-74.1541,40.99],[-74.1502,40.9872],[-74.1439,40.9873],[-74.1412,40.9821],[-74.1368,40.9818],[-74.1352,40.9832],[-74.1281,40.994],[-74.1344,40.9893],[-74.1418,40.9916],[-74.156,41.0015],[-74.1574,40.9991]]]}},{"type":"Feature","properties":{"geoid":"34003034002","clusterId":"new-york-north"},"geometry":{"type":"Polygon","coordinates":[[[-74.156,41.0015],[-74.1418,40.9916],[-74.1344,40.9893],[-74.1279,40.9945],[-74.1329,40.9955],[-74.1309,41.0064],[-74.1376,41.0078],[-74.146,41.0019],[-74.156,41.0015]]]}},{"type":"Feature","properties":{"geoid":"34003035100","clusterId":"new-york-north"},"geometry":{"type":"Polygon","coordinates":[[[-74.0798,41.0485],[-74.0725,41.049],[-74.073,41.0467],[-74.071,41.0466],[-74.0699,41.0412],[-74.0514,41.0493],[-74.037,41.0437],[-74.0289,41.0366],[-74.0124,41.0386],[-74.0127,41.0465],[-74.0718,41.0728],[-74.0766,41.0637],[-74.0798,41.0485]]]}},{"type":"Feature","properties":{"geoid":"34003035200","clusterId":"new-york-north"},"geometry":{"type":"Polygon","coordinates":[[[-74.0845,41.0479],[-74.0817,41.0472],[-74.0842,41.042],[-74.0746,41.0391],[-74.0749,41.0255],[-74.078,41.0238],[-74.0812,41.0246],[-74.0827,41.0212],[-74.0796,41.0203],[-74.0814,41.0163],[-74.0789,41.0149],[-74.054,41.0103],[-74.0457,41.0154],[-74.0419,41.0136],[-74.0414,41.0155],[-74.0255,41.0175],[-74.0266,41.0214],[-74.0366,41.0252],[-74.0398,41.025],[-74.0526,41.0316],[-74.0631,41.034],[-74.0647,41.0361],[-74.0634,41.0397],[-74.0699,41.0412],[-74.071,41.0466],[-74.073,41.0467],[-74.0725,41.049],[-74.0832,41.0494],[-74.0845,41.0479]]]}},{"type":"Feature","properties":{"geoid":"34003036100","clusterId":"new-york-north"},"geometry":{"type":"Polygon","coordinates":[[[-74.0718,40.8527],[-74.0594,40.8451],[-74.0517,40.8576],[-74.0447,40.8538],[-74.0439,40.8591],[-74.0383,40.8589],[-74.0486,40.8732],[-74.0556,40.874],[-74.0718,40.8527]]]}},{"type":"Feature","properties":{"geoid":"34003036200","clusterId":"new-york-west"},"geometry":{"type":"Polygon","coordinates":[[[-74.0788,40.8424],[-74.0752,40.8403],[-74.0763,40.8371],[-74.061,40.8325],[-74.0588,40.8351],[-74.0531,40.8337],[-74.0347,40.8249],[-74.0354,40.8286],[-74.0401,40.8303],[-74.0398,40.8342],[-74.0422,40.8347],[-74.0432,40.8434],[-74.0457,40.8433],[-74.0459,40.8462],[-74.0519,40.848],[-74.0539,40.854],[-74.0594,40.8451],[-74.0692,40.8508],[-74.0722,40.847],[-74.0749,40.8486],[-74.0788,40.8424]]]}},{"type":"Feature","properties":{"geoid":"34003037100","clusterId":"new-york-north"},"geometry":{"type":"Polygon","coordinates":[[[-74.0287,40.9349],[-74.0235,40.9345],[-74.0216,40.9403],[-74.0105,40.9402],[-74.0101,40.9462],[-74.0028,40.9461],[-74.0025,40.9519],[-74.0244,40.9515],[-74.0247,40.9478],[-74.0226,40.9448],[-74.0261,40.9457],[-74.0244,40.9434],[-74.0248,40.9405],[-74.0263,40.9401],[-74.0287,40.9349]]]}},{"type":"Feature","properties":{"geoid":"34003037201","clusterId":"new-york-north"},"geometry":{"type":"Polygon","coordinates":[[[-74.0293,40.9314],[-74.0252,40.9313],[-74.0259,40.9284],[-74.0222,40.9275],[-74.0122,40.9278],[-74.0128,40.9339],[-74.0109,40.9357],[-74.0105,40.9402],[-74.0216,40.9403],[-74.0233,40.9347],[-74.0287,40.9349],[-74.0293,40.9314]]]}},{"type":"Feature","properties":{"geoid":"34003037203","clusterId":"new-york-north"},"geometry":{"type":"Polygon","coordinates":[[[-74.0333,40.9193],[-74.0302,40.914],[-74.0215,40.9171],[-74.0164,40.9146],[-74.0122,40.9278],[-74.0151,40.9269],[-74.0151,40.9232],[-74.0272,40.9235],[-74.0252,40.9313],[-74.0293,40.9314],[-74.031,40.9302],[-74.0299,40.9269],[-74.0329,40.9256],[-74.0314,40.9238],[-74.0333,40.9193]]]}},{"type":"Feature","properties":{"geoid":"34003037204","clusterId":"new-york-north"},"geometry":{"type":"Polygon","coordinates":[[[-74.0272,40.9239],[-74.0151,40.9232],[-74.0142,40.9278],[-74.0259,40.9284],[-74.0272,40.9239]]]}},{"type":"Feature","properties":{"geoid":"34003038100","clusterId":"new-york-west"},"geometry":{"type":"Polygon","coordinates":[[[-74.1351,40.789],[-74.131,40.7873],[-74.1338,40.7836],[-74.1304,40.7819],[-74.133,40.779],[-74.13,40.7772],[-74.1297,40.7737],[-74.1272,40.7713],[-74.1179,40.7719],[-74.114,40.7763],[-74.1106,40.777],[-74.1166,40.7822],[-74.1138,40.7866],[-74.1143,40.7886],[-74.1085,40.79],[-74.1094,40.7918],[-74.1083,40.7935],[-74.1175,40.7972],[-74.1287,40.7993],[-74.1333,40.7941],[-74.1351,40.789]]]}},{"type":"Feature","properties":{"geoid":"34003038200","clusterId":"new-york-west"},"geometry":{"type":"Polygon","coordinates":[[[-74.1424,40.7839],[-74.133,40.779],[-74.1304,40.7819],[-74.1338,40.7836],[-74.131,40.7873],[-74.1351,40.789],[-74.1373,40.789],[-74.1424,40.7839]]]}},{"type":"Feature","properties":{"geoid":"34003038300","clusterId":"new-york-west"},"geometry":{"type":"Polygon","coordinates":[[[-74.1475,40.7865],[-74.1424,40.7839],[-74.1373,40.789],[-74.1357,40.7882],[-74.1333,40.7941],[-74.1287,40.7993],[-74.1396,40.8053],[-74.1382,40.7985],[-74.1475,40.7865]]]}},{"type":"Feature","properties":{"geoid":"34003039100","clusterId":"new-york-north"},"geometry":{"type":"Polygon","coordinates":[[[-74.2721,41.0182],[-74.2643,41.012],[-74.2627,41.015],[-74.2572,41.0162],[-74.2542,41.0147],[-74.2519,41.0159],[-74.2372,41.0286],[-74.2369,41.0346],[-74.2354,41.0366],[-74.2276,41.0412],[-74.2212,41.0493],[-74.2185,41.0507],[-74.249,41.0636],[-74.2721,41.0182]]]}},{"type":"Feature","properties":{"geoid":"34003039200","clusterId":"new-york-north"},"geometry":{"type":"Polygon","coordinates":[[[-74.2382,41.0275],[-74.2289,41.0262],[-74.2237,41.0214],[-74.2005,41.0452],[-74.2185,41.0507],[-74.2204,41.0499],[-74.2275,41.0413],[-74.2364,41.0354],[-74.2365,41.0301],[-74.2382,41.0275]]]}},{"type":"Feature","properties":{"geoid":"34003039300","clusterId":"new-york-north"},"geometry":{"type":"Polygon","coordinates":[[[-74.2643,41.012],[-74.2485,40.9921],[-74.2462,40.9953],[-74.2461,40.9984],[-74.2237,41.0214],[-74.2289,41.0262],[-74.2382,41.0275],[-74.2521,41.0158],[-74.2627,41.015],[-74.2643,41.012]]]}},{"type":"Feature","properties":{"geoid":"34003040001","clusterId":"new-york-north"},"geometry":{"type":"Polygon","coordinates":[[[-74.0504,40.96],[-74.0316,40.9542],[-74.0183,40.9539],[-74.017,40.9515],[-74.0025,40.9519],[-74.0024,40.9552],[-74.0122,40.9556],[-74.0262,40.9589],[-74.0228,40.9609],[-74.0217,40.9638],[-74.0208,40.9627],[-74.0165,40.9659],[-74.0164,40.9676],[-74.0242,40.9699],[-74.0277,40.9694],[-74.0369,40.9718],[-74.038,40.9622],[-74.049,40.9653],[-74.0504,40.96]]]}},{"type":"Feature","properties":{"geoid":"34003040002","clusterId":"new-york-north"},"geometry":{"type":"Polygon","coordinates":[[[-74.0513,40.9572],[-74.0511,40.9549],[-74.0428,40.9527],[-74.0458,40.9456],[-74.0255,40.9402],[-74.0244,40.9434],[-74.0261,40.9457],[-74.0226,40.9448],[-74.0247,40.9478],[-74.0244,40.9515],[-74.0169,40.9515],[-74.0183,40.9539],[-74.0316,40.9542],[-74.0507,40.9592],[-74.0513,40.9572]]]}},{"type":"Feature","properties":{"geoid":"34003041100","clusterId":"new-york-north"},"geometry":{"type":"Polygon","coordinates":[[[-74.0109,40.8472],[-74.0069,40.8446],[-74.0055,40.8479],[-73.9986,40.8448],[-73.9931,40.8515],[-73.9947,40.8524],[-73.9935,40.854],[-73.9974,40.8562],[-73.9984,40.855],[-74.0064,40.8569],[-74.0109,40.8472]]]}},{"type":"Feature","properties":{"geoid":"34003041200","clusterId":"new-york-north"},"geometry":{"type":"Polygon","coordinates":[[[-73.9986,40.8448],[-73.9948,40.8427],[-73.9871,40.8504],[-73.9935,40.8541],[-73.9947,40.8524],[-73.9931,40.8515],[-73.9986,40.8448]]]}},{"type":"Feature","properties":{"geoid":"34003041301","clusterId":"new-york-north"},"geometry":{"type":"Polygon","coordinates":[[[-74.0065,40.8456],[-74.0069,40.8446],[-73.9914,40.8359],[-73.9884,40.839],[-74.0031,40.8474],[-74.0055,40.8479],[-74.0065,40.8456]]]}},{"type":"Feature","properties":{"geoid":"34003041302","clusterId":"new-york-north"},"geometry":{"type":"Polygon","coordinates":[[[-73.9948,40.8427],[-73.9884,40.839],[-73.9806,40.8468],[-73.9871,40.8504],[-73.9948,40.8427]]]}},{"type":"Feature","properties":{"geoid":"34003042101","clusterId":"new-york-north"},"geometry":{"type":"Polygon","coordinates":[[[-74.0657,40.9285],[-74.0493,40.9224],[-74.0495,40.9299],[-74.039,40.9438],[-74.0458,40.9456],[-74.0508,40.9348],[-74.0531,40.934],[-74.0625,40.9366],[-74.0657,40.9285]]]}},{"type":"Feature","properties":{"geoid":"34003042102","clusterId":"new-york-north"},"geometry":{"type":"Polygon","coordinates":[[[-74.0622,40.9373],[-74.0531,40.934],[-74.0508,40.9348],[-74.0428,40.9527],[-74.0587,40.9565],[-74.0572,40.9496],[-74.0622,40.9373]]]}},{"type":"Feature","properties":{"geoid":"34003042301","clusterId":"new-york-north"},"geometry":{"type":"Polygon","coordinates":[[[-74.0971,40.9659],[-74.0968,40.964],[-74.0721,40.9495],[-74.0835,40.9794],[-74.0909,40.9806],[-74.0928,40.9795],[-74.0921,40.9734],[-74.0967,40.9697],[-74.0971,40.9659]]]}},{"type":"Feature","properties":{"geoid":"34003042302","clusterId":"new-york-north"},"geometry":{"type":"Polygon","coordinates":[[[-74.0835,40.9794],[-74.0721,40.9495],[-74.0581,40.9476],[-74.0572,40.95],[-74.0587,40.9565],[-74.0511,40.9549],[-74.0461,40.9733],[-74.0499,40.9742],[-74.0523,40.9687],[-74.0555,40.9696],[-74.0558,40.9672],[-74.0679,40.9763],[-74.0835,40.9794]]]}},{"type":"Feature","properties":{"geoid":"34003042400","clusterId":"new-york-north"},"geometry":{"type":"Polygon","coordinates":[[[-74.1014,40.9481],[-74.0947,40.9445],[-74.0929,40.9412],[-74.0729,40.93],[-74.0658,40.9282],[-74.0581,40.9476],[-74.0711,40.9489],[-74.0939,40.9624],[-74.095,40.9592],[-74.1001,40.9551],[-74.1014,40.9481]]]}},{"type":"Feature","properties":{"geoid":"34003042500","clusterId":"new-york-north"},"geometry":{"type":"Polygon","coordinates":[[[-74.0946,40.9369],[-74.0918,40.934],[-74.0937,40.9299],[-74.0903,40.927],[-74.0912,40.9253],[-74.0895,40.9198],[-74.0837,40.9186],[-74.0689,40.9085],[-74.0646,40.9175],[-74.0505,40.9105],[-74.0483,40.9132],[-74.0418,40.9117],[-74.0417,40.9133],[-74.0454,40.9156],[-74.0495,40.9159],[-74.0493,40.9224],[-74.0729,40.93],[-74.0916,40.941],[-74.0945,40.9392],[-74.0946,40.9369]]]}},{"type":"Feature","properties":{"geoid":"34003043001","clusterId":"new-york-north"},"geometry":{"type":"Polygon","coordinates":[[[-74.0668,41.043],[-74.0699,41.0412],[-74.0634,41.0397],[-74.0642,41.0348],[-74.0523,41.0315],[-74.0463,41.0279],[-74.0363,41.0427],[-74.0514,41.0493],[-74.0668,41.043]]]}},{"type":"Feature","properties":{"geoid":"34003043002","clusterId":"new-york-north"},"geometry":{"type":"Polygon","coordinates":[[[-74.0463,41.0279],[-74.0264,41.0206],[-74.0195,41.0201],[-74.0203,41.023],[-74.0192,41.0238],[-74.0215,41.0248],[-74.0219,41.0313],[-74.0198,41.0335],[-74.0202,41.0354],[-74.022,41.0352],[-74.0216,41.0375],[-74.0308,41.0372],[-74.0363,41.0427],[-74.0463,41.0279]]]}},{"type":"Feature","properties":{"geoid":"34003044100","clusterId":"new-york-north"},"geometry":{"type":"Polygon","coordinates":[[[-74.1762,41.0517],[-74.1739,41.0483],[-74.1673,41.0461],[-74.1652,41.0435],[-74.1502,41.0404],[-74.1481,41.0431],[-74.1458,41.0425],[-74.1435,41.0503],[-74.144,41.0606],[-74.1492,41.0678],[-74.1494,41.077],[-74.1569,41.0759],[-74.1594,41.0728],[-74.1611,41.0665],[-74.1711,41.0653],[-74.1716,41.0568],[-74.1762,41.0517]]]}},{"type":"Feature","properties":{"geoid":"34003044201","clusterId":"new-york-north"},"geometry":{"type":"Polygon","coordinates":[[[-74.1458,41.0425],[-74.1426,41.041],[-74.138,41.0461],[-74.1323,41.0485],[-74.1282,41.0468],[-74.1273,41.0487],[-74.1146,41.0435],[-74.1145,41.0455],[-74.1225,41.0484],[-74.1214,41.052],[-74.1233,41.0527],[-74.1236,41.0553],[-74.1177,41.053],[-74.121,41.059],[-74.1241,41.0599],[-74.144,41.0571],[-74.1435,41.0503],[-74.1458,41.0425]]]}},{"type":"Feature","properties":{"geoid":"34003044202","clusterId":"new-york-north"},"geometry":{"type":"Polygon","coordinates":[[[-74.1494,41.077],[-74.1492,41.068],[-74.1442,41.0611],[-74.144,41.0571],[-74.1241,41.0599],[-74.1222,41.0612],[-74.1202,41.0697],[-74.1157,41.0682],[-74.1157,41.0727],[-74.1245,41.0738],[-74.1243,41.0749],[-74.1322,41.0776],[-74.1494,41.077]]]}},{"type":"Feature","properties":{"geoid":"34003045101","clusterId":"new-york-north"},"geometry":{"type":"Polygon","coordinates":[[[-74.0103,40.8287],[-74.0087,40.8243],[-74.0053,40.8269],[-73.9975,40.8223],[-73.9889,40.8345],[-73.9906,40.8354],[-73.9954,40.8274],[-74.0035,40.8319],[-74.0065,40.8316],[-74.0079,40.8297],[-74.0103,40.8305],[-74.0103,40.8287]]]}},{"type":"Feature","properties":{"geoid":"34003045102","clusterId":"new-york-north"},"geometry":{"type":"Polygon","coordinates":[[[-74.0065,40.8316],[-74.0035,40.8319],[-73.9954,40.8274],[-73.9906,40.8354],[-73.9984,40.8398],[-74.0065,40.8316]]]}},{"type":"Feature","properties":{"geoid":"34003045200","clusterId":"new-york-north"},"geometry":{"type":"Polygon","coordinates":[[[-74.0354,40.8288],[-74.034,40.8228],[-74.0305,40.8184],[-74.0317,40.8133],[-74.029,40.8128],[-74.0274,40.8161],[-74.024,40.8147],[-74.025,40.8163],[-74.0232,40.8167],[-74.023,40.8185],[-74.0203,40.8187],[-74.0205,40.8207],[-74.0178,40.8233],[-74.0087,40.8243],[-74.0103,40.8305],[-74.0079,40.8297],[-73.9984,40.8398],[-74.0109,40.8468],[-74.0127,40.8391],[-74.0212,40.8397],[-74.0274,40.8465],[-74.0305,40.8465],[-74.0297,40.8422],[-74.031,40.8389],[-74.0297,40.8333],[-74.0354,40.8288]]]}},{"type":"Feature","properties":{"geoid":"34003046100","clusterId":"new-york-north"},"geometry":{"type":"Polygon","coordinates":[[[-74.0248,40.8426],[-74.0212,40.8397],[-74.0125,40.8393],[-74.0107,40.8494],[-74.005,40.8601],[-74.0158,40.8644],[-74.0176,40.8587],[-74.0209,40.8596],[-74.0234,40.8518],[-74.022,40.8514],[-74.0233,40.8491],[-74.0219,40.8485],[-74.0224,40.8426],[-74.0248,40.8426]]]}},{"type":"Feature","properties":{"geoid":"34003046200","clusterId":"new-york-north"},"geometry":{"type":"Polygon","coordinates":[[[-74.0358,40.8692],[-74.0328,40.8631],[-74.0324,40.8586],[-74.0264,40.8583],[-74.0254,40.8622],[-74.0241,40.861],[-74.0221,40.8618],[-74.0226,40.86],[-74.0176,40.8587],[-74.0157,40.8647],[-74.0358,40.8692]]]}},{"type":"Feature","properties":{"geoid":"34003046300","clusterId":"new-york-north"},"geometry":{"type":"Polygon","coordinates":[[[-74.0324,40.8586],[-74.0285,40.8542],[-74.0305,40.8465],[-74.0274,40.8465],[-74.0248,40.8426],[-74.0224,40.8426],[-74.0219,40.8485],[-74.0233,40.8491],[-74.022,40.8514],[-74.0234,40.8518],[-74.0209,40.8596],[-74.0226,40.86],[-74.0221,40.8618],[-74.0241,40.861],[-74.0254,40.8622],[-74.0264,40.8583],[-74.0289,40.8589],[-74.0283,40.8574],[-74.0324,40.8586]]]}},{"type":"Feature","properties":{"geoid":"34003047100","clusterId":"new-york-north"},"geometry":{"type":"Polygon","coordinates":[[[-74.1156,40.9899],[-74.1154,40.987],[-74.1124,40.9863],[-74.1125,40.9839],[-74.0781,40.979],[-74.0795,40.9899],[-74.1062,40.9956],[-74.1127,40.9954],[-74.1132,40.9965],[-74.1156,40.9899]]]}},{"type":"Feature","properties":{"geoid":"34003047200","clusterId":"new-york-north"},"geometry":{"type":"Polygon","coordinates":[[[-74.1329,40.9955],[-74.1261,40.9936],[-74.1254,40.9892],[-74.1188,40.9879],[-74.1215,40.9832],[-74.1204,40.9821],[-74.1131,40.9955],[-74.1159,41.0015],[-74.1179,41.0028],[-74.1182,41.0059],[-74.1268,41.0058],[-74.1282,41.0077],[-74.1309,41.0064],[-74.1329,40.9955]]]}},{"type":"Feature","properties":{"geoid":"34003047300","clusterId":"new-york-north"},"geometry":{"type":"Polygon","coordinates":[[[-74.1491,40.9712],[-74.141,40.9663],[-74.1297,40.98],[-74.1287,40.9795],[-74.127,40.9834],[-74.1224,40.9821],[-74.1188,40.9878],[-74.1254,40.9892],[-74.1261,40.9936],[-74.1281,40.994],[-74.1352,40.9832],[-74.1426,40.9816],[-74.1491,40.9712]]]}},{"type":"Feature","properties":{"geoid":"34003047400","clusterId":"new-york-north"},"geometry":{"type":"Polygon","coordinates":[[[-74.1355,40.9733],[-74.1211,40.9728],[-74.1204,40.9711],[-74.1174,40.9717],[-74.1182,40.9698],[-74.1154,40.9705],[-74.1164,40.9727],[-74.1142,40.9723],[-74.112,40.9782],[-74.1079,40.9771],[-74.1073,40.9801],[-74.1101,40.9836],[-74.1125,40.9839],[-74.1124,40.9863],[-74.1154,40.987],[-74.1156,40.9899],[-74.1202,40.9822],[-74.127,40.9834],[-74.1287,40.9795],[-74.1297,40.98],[-74.1355,40.9733]]]}},{"type":"Feature","properties":{"geoid":"34003047500","clusterId":"new-york-north"},"geometry":{"type":"Polygon","coordinates":[[[-74.1164,40.9727],[-74.114,40.9673],[-74.1099,40.9674],[-74.1064,40.9644],[-74.1058,40.9586],[-74.1001,40.9551],[-74.0949,40.9594],[-74.0939,40.9627],[-74.0969,40.9641],[-74.0971,40.9683],[-74.0924,40.9726],[-74.0929,40.9794],[-74.0909,40.9806],[-74.1101,40.9836],[-74.1073,40.9801],[-74.1079,40.9771],[-74.112,40.9782],[-74.1142,40.9723],[-74.1164,40.9727]]]}},{"type":"Feature","properties":{"geoid":"34003048100","clusterId":"new-york-north"},"geometry":{"type":"Polygon","coordinates":[[[-74.0398,40.9111],[-74.0365,40.9089],[-74.0302,40.9127],[-74.0333,40.9185],[-74.0328,40.9229],[-74.0314,40.9239],[-74.0329,40.9255],[-74.0299,40.927],[-74.031,40.9304],[-74.0292,40.9316],[-74.0258,40.9403],[-74.0327,40.942],[-74.0342,40.9354],[-74.033,40.935],[-74.0359,40.9317],[-74.0367,40.9206],[-74.0398,40.9111]]]}},{"type":"Feature","properties":{"geoid":"34003048200","clusterId":"new-york-north"},"geometry":{"type":"Polygon","coordinates":[[[-74.0504,40.9277],[-74.0489,40.9261],[-74.0495,40.9159],[-74.0454,40.9156],[-74.0417,40.9133],[-74.0418,40.9113],[-74.0398,40.9111],[-74.0367,40.9206],[-74.0359,40.9317],[-74.033,40.935],[-74.0342,40.9354],[-74.0327,40.942],[-74.039,40.9438],[-74.0482,40.9327],[-74.0504,40.9277]]]}},{"type":"Feature","properties":{"geoid":"34003049001","clusterId":"new-york-north"},"geometry":{"type":"Polygon","coordinates":[[[-74.0222,41.0368],[-74.0198,41.0335],[-74.0219,41.0313],[-74.0215,41.0248],[-74.0199,41.025],[-74.0191,41.0232],[-74.0203,41.023],[-74.0194,41.0158],[-74.0216,41.0111],[-74.0197,41.0087],[-74.0102,41.0098],[-74.0075,41.013],[-74.0052,41.012],[-74.0027,41.0178],[-73.9996,41.0182],[-73.9967,41.022],[-73.9961,41.0253],[-73.9978,41.026],[-73.9964,41.0283],[-73.9995,41.03],[-73.9996,41.0326],[-73.9973,41.0327],[-73.9971,41.0356],[-73.9937,41.0381],[-74.0127,41.0465],[-74.0124,41.0386],[-74.0222,41.0368]]]}},{"type":"Feature","properties":{"geoid":"34003049002","clusterId":"new-york-north"},"geometry":{"type":"Polygon","coordinates":[[[-74.0257,40.9967],[-74.0209,40.9994],[-74.0204,40.9967],[-74.0228,40.9929],[-74.0183,40.9932],[-74.018,40.9903],[-74.0162,40.9894],[-74.0112,40.9906],[-74.0085,40.9903],[-74.0086,40.989],[-74.0056,40.9895],[-74.0037,40.9828],[-73.9964,40.9811],[-73.9953,40.985],[-73.998,40.9885],[-73.9956,40.9871],[-73.9937,40.9889],[-73.9904,40.9886],[-73.9878,40.9915],[-73.9857,40.999],[-73.9941,40.9983],[-73.9949,40.9996],[-73.9961,40.9954],[-74.0002,40.9966],[-74.0009,40.9992],[-74.0029,40.999],[-74.0029,41.0028],[-74.0075,41.0041],[-74.0058,41.0075],[-74.0094,41.0102],[-74.0099,41.0086],[-74.0102,41.0098],[-74.0207,41.0087],[-74.0201,41.0006],[-74.0232,40.9997],[-74.0257,40.9967]]]}},{"type":"Feature","properties":{"geoid":"34003050000","clusterId":"new-york-north"},"geometry":{"type":"Polygon","coordinates":[[[-74.0904,40.914],[-74.0871,40.9072],[-74.0811,40.9046],[-74.0823,40.9025],[-74.0788,40.8951],[-74.0726,40.8918],[-74.0689,40.9085],[-74.0846,40.919],[-74.0895,40.9198],[-74.0876,40.9168],[-74.0894,40.9165],[-74.0882,40.9151],[-74.0904,40.914]]]}},{"type":"Feature","properties":{"geoid":"34003051100","clusterId":"new-york-west"},"geometry":{"type":"Polygon","coordinates":[[[-74.124,40.839],[-74.1208,40.8342],[-74.1117,40.8288],[-74.1077,40.8329],[-74.1099,40.8341],[-74.1057,40.8384],[-74.1212,40.8468],[-74.124,40.839]]]}},{"type":"Feature","properties":{"geoid":"34003051200","clusterId":"new-york-west"},"geometry":{"type":"Polygon","coordinates":[[[-74.1239,40.8226],[-74.1211,40.8208],[-74.1139,40.8236],[-74.1101,40.8279],[-74.1228,40.8362],[-74.121,40.831],[-74.1239,40.8226]]]}},{"type":"Feature","properties":{"geoid":"34003051300","clusterId":"new-york-west"},"geometry":{"type":"Polygon","coordinates":[[[-74.1142,40.8237],[-74.1095,40.821],[-74.1059,40.8258],[-74.0988,40.8239],[-74.1057,40.8384],[-74.1099,40.8341],[-74.1077,40.8329],[-74.1142,40.8237]]]}},{"type":"Feature","properties":{"geoid":"34003051400","clusterId":"new-york-west"},"geometry":{"type":"Polygon","coordinates":[[[-74.1206,40.821],[-74.0943,40.805],[-74.0948,40.8032],[-74.0927,40.8014],[-74.0965,40.7961],[-74.0901,40.7924],[-74.0915,40.788],[-74.083,40.7862],[-74.0817,40.7876],[-74.0988,40.8245],[-74.1059,40.8258],[-74.1095,40.821],[-74.1139,40.8236],[-74.1206,40.821]]]}},{"type":"Feature","properties":{"geoid":"34003052100","clusterId":"new-york-north"},"geometry":{"type":"Polygon","coordinates":[[[-74.1134,40.9177],[-74.1052,40.9019],[-74.0811,40.9],[-74.0823,40.9026],[-74.0811,40.9047],[-74.0859,40.9062],[-74.0897,40.9104],[-74.0891,40.9128],[-74.0904,40.914],[-74.0876,40.9168],[-74.0894,40.9197],[-74.0999,40.9212],[-74.1134,40.9177]]]}},{"type":"Feature","properties":{"geoid":"34003052200","clusterId":"new-york-north"},"geometry":{"type":"Polygon","coordinates":[[[-74.1052,40.9019],[-74.1021,40.8942],[-74.1042,40.8937],[-74.1042,40.8914],[-74.1007,40.8844],[-74.0816,40.8889],[-74.0791,40.8936],[-74.0797,40.8991],[-74.0811,40.9],[-74.1052,40.9019]]]}},{"type":"Feature","properties":{"geoid":"34003053100","clusterId":"new-york-north"},"geometry":{"type":"Polygon","coordinates":[[[-74.1207,41.0202],[-74.1125,41.0174],[-74.1088,41.0186],[-74.1094,41.0159],[-74.1047,41.0153],[-74.1054,41.011],[-74.0964,41.012],[-74.0974,41.009],[-74.0937,41.0053],[-74.0773,41.0045],[-74.076,41.0144],[-74.0814,41.0163],[-74.0796,41.0203],[-74.0827,41.0212],[-74.0812,41.0246],[-74.078,41.0238],[-74.0749,41.0255],[-74.0746,41.0391],[-74.0944,41.0462],[-74.0934,41.0488],[-74.1003,41.0505],[-74.0993,41.0477],[-74.1029,41.0474],[-74.1034,41.0449],[-74.1145,41.0455],[-74.1156,41.0287],[-74.12,41.0242],[-74.1207,41.0202]]]}},{"type":"Feature","properties":{"geoid":"34003053201","clusterId":"new-york-north"},"geometry":{"type":"Polygon","coordinates":[[[-74.1244,41.0603],[-74.121,41.059],[-74.1177,41.053],[-74.1236,41.0553],[-74.1233,41.0527],[-74.1214,41.052],[-74.1225,41.0484],[-74.1172,41.0461],[-74.1034,41.0449],[-74.1029,41.0474],[-74.0993,41.0477],[-74.1006,41.0505],[-74.0934,41.0488],[-74.0944,41.0462],[-74.0836,41.0429],[-74.0817,41.0472],[-74.0845,41.0479],[-74.0832,41.0494],[-74.0798,41.0485],[-74.0766,41.0637],[-74.0718,41.0728],[-74.0817,41.0772],[-74.0827,41.0729],[-74.0868,41.0698],[-74.0922,41.0583],[-74.1003,41.0587],[-74.1046,41.0606],[-74.1059,41.0589],[-74.1109,41.0593],[-74.122,41.0638],[-74.1224,41.061],[-74.1244,41.0603]]]}},{"type":"Feature","properties":{"geoid":"34003053202","clusterId":"new-york-north"},"geometry":{"type":"Polygon","coordinates":[[[-74.1219,41.0639],[-74.1109,41.0593],[-74.1059,41.0589],[-74.1046,41.0606],[-74.1003,41.0587],[-74.0922,41.0583],[-74.0868,41.0698],[-74.0827,41.0729],[-74.0817,41.0772],[-74.104,41.0871],[-74.1057,41.0791],[-74.1128,41.08],[-74.1157,41.0727],[-74.1157,41.0682],[-74.1202,41.0697],[-74.1219,41.0639]]]}},{"type":"Feature","properties":{"geoid":"34003054101","clusterId":"new-york-north"},"geometry":{"type":"Polygon","coordinates":[[[-74.0009,40.8963],[-73.9953,40.8937],[-73.9965,40.8919],[-73.9936,40.8908],[-73.9896,40.903],[-73.9886,40.9117],[-73.9978,40.9121],[-74.0009,40.8963]]]}},{"type":"Feature","properties":{"geoid":"34003054102","clusterId":"new-york-north"},"geometry":{"type":"Polygon","coordinates":[[[-74.007,40.8844],[-73.9931,40.8794],[-73.9875,40.8862],[-73.9947,40.8887],[-73.9936,40.8908],[-73.9965,40.8919],[-73.9953,40.8937],[-74.001,40.8957],[-74.007,40.8844]]]}},{"type":"Feature","properties":{"geoid":"34003054200","clusterId":"new-york-north"},"geometry":{"type":"Polygon","coordinates":[[[-74.0143,40.8941],[-74.0036,40.8906],[-73.9988,40.9035],[-73.9978,40.9121],[-74.0004,40.9126],[-74.0013,40.9086],[-74.0143,40.8941]]]}},{"type":"Feature","properties":{"geoid":"34003054300","clusterId":"new-york-north"},"geometry":{"type":"Polygon","coordinates":[[[-74.0302,40.914],[-74.0272,40.9126],[-74.0248,40.9075],[-74.03,40.9025],[-74.0248,40.8984],[-74.0143,40.8941],[-74.0013,40.9086],[-74.0004,40.9126],[-74.0051,40.9085],[-74.0175,40.9121],[-74.0164,40.9146],[-74.0215,40.9171],[-74.0302,40.914]]]}},{"type":"Feature","properties":{"geoid":"34003054400","clusterId":"new-york-north"},"geometry":{"type":"Polygon","coordinates":[[[-74.0372,40.8897],[-74.0334,40.8872],[-74.0345,40.8843],[-74.0255,40.8817],[-74.0143,40.8941],[-74.0248,40.8984],[-74.03,40.9025],[-74.0319,40.9007],[-74.0313,40.896],[-74.0372,40.8897]]]}},{"type":"Feature","properties":{"geoid":"34003054500","clusterId":"new-york-north"},"geometry":{"type":"Polygon","coordinates":[[[-74.0253,40.8819],[-74.0192,40.8786],[-74.0182,40.8805],[-74.011,40.8782],[-74.0036,40.8906],[-74.0143,40.8941],[-74.0253,40.8819]]]}},{"type":"Feature","properties":{"geoid":"34003054601","clusterId":"new-york-north"},"geometry":{"type":"Polygon","coordinates":[[[-74.0235,40.875],[-74.0208,40.8729],[-74.0223,40.8657],[-74.0157,40.8647],[-74.005,40.8601],[-73.999,40.8668],[-74.0072,40.8717],[-74.0231,40.8761],[-74.0235,40.875]]]}},{"type":"Feature","properties":{"geoid":"34003054602","clusterId":"new-york-north"},"geometry":{"type":"Polygon","coordinates":[[[-74.0232,40.8761],[-74.0069,40.8716],[-73.999,40.8668],[-73.9938,40.8729],[-73.9941,40.8764],[-73.9925,40.879],[-74.0073,40.8843],[-74.011,40.8782],[-74.0182,40.8805],[-74.0192,40.8786],[-74.0221,40.8795],[-74.0232,40.8761]]]}},{"type":"Feature","properties":{"geoid":"34003055100","clusterId":"new-york-north"},"geometry":{"type":"Polygon","coordinates":[[[-73.968,40.9114],[-73.9494,40.9007],[-73.9465,40.9061],[-73.9271,40.8955],[-73.9199,40.9136],[-73.9624,40.9378],[-73.968,40.9114]]]}},{"type":"Feature","properties":{"geoid":"34003055201","clusterId":"new-york-north"},"geometry":{"type":"Polygon","coordinates":[[[-73.9844,40.9121],[-73.972,40.9136],[-73.968,40.9114],[-73.9649,40.9239],[-73.9823,40.9243],[-73.9821,40.9195],[-73.9844,40.9121]]]}},{"type":"Feature","properties":{"geoid":"34003055202","clusterId":"new-york-north"},"geometry":{"type":"Polygon","coordinates":[[[-73.9825,40.9286],[-73.9822,40.9243],[-73.9649,40.9239],[-73.9626,40.9369],[-73.9677,40.9347],[-73.9811,40.9341],[-73.9825,40.9286]]]}},{"type":"Feature","properties":{"geoid":"34003056100","clusterId":"new-york-north"},"geometry":{"type":"Polygon","coordinates":[[[-74.1229,41.0204],[-74.1178,41.008],[-74.1118,41.0085],[-74.0937,41.0052],[-74.0974,41.009],[-74.0964,41.012],[-74.1054,41.011],[-74.1047,41.0153],[-74.1094,41.0159],[-74.1088,41.0186],[-74.1125,41.0174],[-74.1229,41.0204]]]}},{"type":"Feature","properties":{"geoid":"34003056200","clusterId":"new-york-north"},"geometry":{"type":"Polygon","coordinates":[[[-74.1514,41.0106],[-74.1309,41.0064],[-74.1282,41.0077],[-74.1254,41.0056],[-74.1178,41.008],[-74.1229,41.0204],[-74.1261,41.021],[-74.1265,41.0225],[-74.1318,41.0223],[-74.1314,41.0186],[-74.1478,41.0218],[-74.1493,41.0133],[-74.1514,41.0106]]]}},{"type":"Feature","properties":{"geoid":"34003057101","clusterId":"new-york-west"},"geometry":{"type":"Polygon","coordinates":[[[-74.1095,40.8553],[-74.1013,40.851],[-74.1021,40.8498],[-74.0997,40.8485],[-74.0965,40.8592],[-74.1016,40.8638],[-74.1028,40.8615],[-74.1033,40.8628],[-74.1075,40.8632],[-74.1072,40.8575],[-74.1095,40.8553]]]}},{"type":"Feature","properties":{"geoid":"34003057102","clusterId":"new-york-west"},"geometry":{"type":"Polygon","coordinates":[[[-74.1196,40.8543],[-74.1028,40.8415],[-74.0997,40.8485],[-74.1021,40.8498],[-74.1013,40.851],[-74.1088,40.855],[-74.1108,40.8533],[-74.107,40.8509],[-74.1096,40.8491],[-74.1156,40.8549],[-74.1196,40.8543]]]}},{"type":"Feature","properties":{"geoid":"34003057200","clusterId":"new-york-west"},"geometry":{"type":"Polygon","coordinates":[[[-74.1213,40.8573],[-74.1196,40.8543],[-74.1156,40.8549],[-74.1096,40.8491],[-74.107,40.8509],[-74.1108,40.8533],[-74.1095,40.8553],[-74.1122,40.8559],[-74.1139,40.8597],[-74.1178,40.8597],[-74.1213,40.8573]]]}},{"type":"Feature","properties":{"geoid":"34003058100","clusterId":"new-york-north"},"geometry":{"type":"Polygon","coordinates":[[[-74.0799,40.9911],[-74.0786,40.988],[-74.079,40.9791],[-74.0679,40.9762],[-74.0582,41.0008],[-74.0773,41.0045],[-74.0798,40.9981],[-74.0799,40.9911]]]}},{"type":"Feature","properties":{"geoid":"34003058200","clusterId":"new-york-north"},"geometry":{"type":"Polygon","coordinates":[[[-74.0679,40.9764],[-74.0558,40.9672],[-74.0566,40.9699],[-74.0551,40.9732],[-74.0569,40.9736],[-74.0555,40.9767],[-74.048,40.9766],[-74.0494,40.9774],[-74.0492,40.9829],[-74.0463,40.9985],[-74.0583,41.0007],[-74.0679,40.9764]]]}},{"type":"Feature","properties":{"geoid":"34003059100","clusterId":"new-york-north"},"geometry":{"type":"Polygon","coordinates":[[[-74.0384,40.9987],[-74.0273,40.983],[-74.0093,40.9787],[-74.0044,40.987],[-74.0057,40.988],[-74.0048,40.989],[-74.0073,40.9901],[-74.0162,40.9894],[-74.018,40.9903],[-74.0183,40.9932],[-74.0228,40.9929],[-74.0204,40.9967],[-74.0209,40.9994],[-74.029,40.9941],[-74.0306,40.9968],[-74.0288,40.9983],[-74.0311,41.0001],[-74.0384,40.9987]]]}},{"type":"Feature","properties":{"geoid":"34003059200","clusterId":"new-york-north"},"geometry":{"type":"Polygon","coordinates":[[[-74.0556,40.9766],[-74.0427,40.9735],[-74.0356,40.9843],[-74.0273,40.983],[-74.0384,40.9987],[-74.0463,40.9985],[-74.0492,40.9829],[-74.0494,40.9774],[-74.048,40.9766],[-74.0556,40.9766]]]}},{"type":"Feature","properties":{"geoid":"34003060001","clusterId":"new-york-west"},"geometry":{"type":"Polygon","coordinates":[[[-74.0917,40.8435],[-74.088,40.8415],[-74.0868,40.8427],[-74.0843,40.8419],[-74.0763,40.8371],[-74.0752,40.8403],[-74.0788,40.8424],[-74.0749,40.8486],[-74.0837,40.8534],[-74.0917,40.8435]]]}},{"type":"Feature","properties":{"geoid":"34003060002","clusterId":"new-york-west"},"geometry":{"type":"Polygon","coordinates":[[[-74.1016,40.8639],[-74.0978,40.8615],[-74.0963,40.8584],[-74.099,40.8503],[-74.0915,40.846],[-74.093,40.8443],[-74.0917,40.8435],[-74.0836,40.8536],[-74.0895,40.857],[-74.0862,40.8606],[-74.0972,40.8672],[-74.0979,40.8652],[-74.1003,40.8656],[-74.1016,40.8639]]]}},{"type":"Feature","properties":{"geoid":"34003061100","clusterId":"new-york-north"},"geometry":{"type":"Polygon","coordinates":[[[-74.1873,41.0174],[-74.1705,41.0131],[-74.1574,40.9991],[-74.156,41.0015],[-74.146,41.0019],[-74.1375,41.0075],[-74.1514,41.0106],[-74.1493,41.0133],[-74.1478,41.0218],[-74.1547,41.0217],[-74.1554,41.0259],[-74.1641,41.0219],[-74.1676,41.0238],[-74.1873,41.0174]]]}},{"type":"Feature","properties":{"geoid":"34003061200","clusterId":"new-york-north"},"geometry":{"type":"Polygon","coordinates":[[[-74.1888,41.0049],[-74.1779,40.9954],[-74.1755,40.9976],[-74.1695,40.9962],[-74.162,41],[-74.159,41],[-74.1644,41.0078],[-74.1705,41.0131],[-74.1873,41.0173],[-74.1888,41.0049]]]}},{"type":"Feature","properties":{"geoid":"34003061300","clusterId":"new-york-north"},"geometry":{"type":"Polygon","coordinates":[[[-74.1919,40.9795],[-74.1711,40.9771],[-74.1703,40.9839],[-74.16,40.9776],[-74.1623,40.9827],[-74.1888,41.0046],[-74.1919,40.9795]]]}},{"type":"Feature","properties":{"geoid":"34003061400","clusterId":"new-york-north"},"geometry":{"type":"Polygon","coordinates":[[[-74.1774,40.9955],[-74.1623,40.9827],[-74.16,40.9776],[-74.1491,40.9711],[-74.1412,40.9828],[-74.1439,40.9873],[-74.1502,40.9872],[-74.1541,40.99],[-74.1513,40.993],[-74.1533,40.9968],[-74.159,41],[-74.162,41],[-74.1695,40.9962],[-74.1755,40.9976],[-74.1774,40.9955]]]}},{"type":"Feature","properties":{"geoid":"34013000100","clusterId":"new-york-west"},"geometry":{"type":"Polygon","coordinates":[[[-74.175,40.7788],[-74.1687,40.7763],[-74.1666,40.7804],[-74.1637,40.7795],[-74.1613,40.7842],[-74.1717,40.7882],[-74.1748,40.7856],[-74.175,40.7788]]]}},{"type":"Feature","properties":{"geoid":"34013000200","clusterId":"new-york-west"},"geometry":{"type":"Polygon","coordinates":[[[-74.1819,40.7686],[-74.1779,40.7626],[-74.1714,40.7751],[-74.1722,40.7775],[-74.1766,40.7788],[-74.1819,40.7686]]]}},{"type":"Feature","properties":{"geoid":"34013000300","clusterId":"new-york-west"},"geometry":{"type":"Polygon","coordinates":[[[-74.1832,40.7705],[-74.182,40.7685],[-74.1766,40.7788],[-74.175,40.7788],[-74.1745,40.7855],[-74.1776,40.7821],[-74.1766,40.7797],[-74.1778,40.7774],[-74.1797,40.7772],[-74.1832,40.7705]]]}},{"type":"Feature","properties":{"geoid":"34013000400","clusterId":"new-york-west"},"geometry":{"type":"Polygon","coordinates":[[[-74.1857,40.7747],[-74.1833,40.7704],[-74.1797,40.7772],[-74.1857,40.7747]]]}},{"type":"Feature","properties":{"geoid":"34013000500","clusterId":"new-york-west"},"geometry":{"type":"Polygon","coordinates":[[[-74.187,40.767],[-74.1798,40.7654],[-74.1845,40.7721],[-74.187,40.767]]]}},{"type":"Feature","properties":{"geoid":"34013000600","clusterId":"new-york-west"},"geometry":{"type":"Polygon","coordinates":[[[-74.1902,40.7668],[-74.1909,40.7656],[-74.1854,40.7639],[-74.1842,40.7662],[-74.187,40.767],[-74.1845,40.7721],[-74.1863,40.7747],[-74.1902,40.7668]]]}},{"type":"Feature","properties":{"geoid":"34013000700","clusterId":"new-york-west"},"geometry":{"type":"Polygon","coordinates":[[[-74.198,40.7549],[-74.1939,40.753],[-74.1917,40.7537],[-74.1878,40.762],[-74.1865,40.7616],[-74.1854,40.7639],[-74.1909,40.7656],[-74.1904,40.7673],[-74.198,40.7549]]]}},{"type":"Feature","properties":{"geoid":"34013000800","clusterId":"new-york-west"},"geometry":{"type":"Polygon","coordinates":[[[-74.1891,40.7598],[-74.1902,40.7575],[-74.1854,40.7561],[-74.1852,40.7586],[-74.18,40.7651],[-74.1842,40.7662],[-74.1891,40.7598]]]}},{"type":"Feature","properties":{"geoid":"34013000900","clusterId":"new-york-west"},"geometry":{"type":"Polygon","coordinates":[[[-74.1926,40.7536],[-74.1847,40.7508],[-74.1848,40.7585],[-74.1854,40.7561],[-74.1902,40.7575],[-74.1926,40.7536]]]}},{"type":"Feature","properties":{"geoid":"34013001000","clusterId":"new-york-west"},"geometry":{"type":"Polygon","coordinates":[[[-74.1914,40.7493],[-74.1759,40.7435],[-74.1741,40.747],[-74.1875,40.7521],[-74.1914,40.7493]]]}},{"type":"Feature","properties":{"geoid":"34013001100","clusterId":"new-york-west"},"geometry":{"type":"Polygon","coordinates":[[[-74.1898,40.7456],[-74.1837,40.7428],[-74.1848,40.7406],[-74.1791,40.7377],[-74.1759,40.7435],[-74.1882,40.7481],[-74.1898,40.7456]]]}},{"type":"Feature","properties":{"geoid":"34013001300","clusterId":"new-york-west"},"geometry":{"type":"Polygon","coordinates":[[[-74.1971,40.7394],[-74.1932,40.739],[-74.1912,40.7426],[-74.1939,40.7434],[-74.1928,40.7455],[-74.1957,40.7464],[-74.1967,40.7443],[-74.195,40.7437],[-74.1971,40.7394]]]}},{"type":"Feature","properties":{"geoid":"34013001400","clusterId":"new-york-west"},"geometry":{"type":"Polygon","coordinates":[[[-74.2023,40.7412],[-74.1971,40.7394],[-74.195,40.7437],[-74.1967,40.7443],[-74.1957,40.7464],[-74.1992,40.7473],[-74.2023,40.7412]]]}},{"type":"Feature","properties":{"geoid":"34013001500","clusterId":"new-york-west"},"geometry":{"type":"Polygon","coordinates":[[[-74.1957,40.7464],[-74.1928,40.7455],[-74.1939,40.7434],[-74.1912,40.7426],[-74.1882,40.7481],[-74.1914,40.7493],[-74.1923,40.7479],[-74.1947,40.7485],[-74.1957,40.7464]]]}},{"type":"Feature","properties":{"geoid":"34013001600","clusterId":"new-york-west"},"geometry":{"type":"Polygon","coordinates":[[[-74.1981,40.7547],[-74.1947,40.7528],[-74.1964,40.749],[-74.1935,40.7481],[-74.1877,40.7517],[-74.1981,40.7547]]]}},{"type":"Feature","properties":{"geoid":"34013001700","clusterId":"new-york-west"},"geometry":{"type":"Polygon","coordinates":[[[-74.2021,40.7508],[-74.1981,40.7495],[-74.1992,40.7473],[-74.1957,40.7464],[-74.1947,40.7485],[-74.1964,40.749],[-74.1947,40.7528],[-74.1971,40.7539],[-74.1993,40.7542],[-74.2021,40.7508]]]}},{"type":"Feature","properties":{"geoid":"34013001800","clusterId":"new-york-west"},"geometry":{"type":"Polygon","coordinates":[[[-74.2087,40.7445],[-74.2091,40.7435],[-74.2066,40.7427],[-74.2071,40.7387],[-74.2053,40.7383],[-74.2047,40.7399],[-74.2011,40.7391],[-74.2007,40.7403],[-74.2025,40.7409],[-74.1981,40.7495],[-74.2022,40.7507],[-74.2039,40.7488],[-74.2062,40.7494],[-74.2087,40.7445]]]}},{"type":"Feature","properties":{"geoid":"34013001900","clusterId":"new-york-west"},"geometry":{"type":"Polygon","coordinates":[[[-74.2201,40.7396],[-74.2096,40.743],[-74.2062,40.7495],[-74.2167,40.7489],[-74.2201,40.7396]]]}},{"type":"Feature","properties":{"geoid":"34013002000","clusterId":"new-york-west"},"geometry":{"type":"Polygon","coordinates":[[[-74.237,40.7455],[-74.2289,40.7464],[-74.2264,40.7512],[-74.2332,40.7515],[-74.2353,40.7501],[-74.237,40.7455]]]}},{"type":"Feature","properties":{"geoid":"34013002100","clusterId":"new-york-west"},"geometry":{"type":"Polygon","coordinates":[[[-74.2404,40.7409],[-74.2354,40.7388],[-74.2323,40.744],[-74.229,40.7432],[-74.2278,40.7464],[-74.2369,40.7455],[-74.2404,40.7409]]]}},{"type":"Feature","properties":{"geoid":"34013002202","clusterId":"new-york-west"},"geometry":{"type":"Polygon","coordinates":[[[-74.2444,40.7331],[-74.2433,40.7307],[-74.2398,40.7319],[-74.2354,40.7388],[-74.2406,40.7402],[-74.2444,40.7331]]]}},{"type":"Feature","properties":{"geoid":"34013002203","clusterId":"new-york-west"},"geometry":{"type":"Polygon","coordinates":[[[-74.2514,40.7375],[-74.2487,40.7344],[-74.2461,40.7381],[-74.2484,40.7397],[-74.2514,40.7375]]]}},{"type":"Feature","properties":{"geoid":"34013002204","clusterId":"new-york-west"},"geometry":{"type":"Polygon","coordinates":[[[-74.2487,40.7344],[-74.2444,40.7333],[-74.2392,40.7404],[-74.2439,40.7417],[-74.2479,40.74],[-74.2461,40.7381],[-74.2487,40.7344]]]}},{"type":"Feature","properties":{"geoid":"34013002300","clusterId":"new-york-west"},"geometry":{"type":"Polygon","coordinates":[[[-74.238,40.7337],[-74.2285,40.7365],[-74.2273,40.7402],[-74.2299,40.7408],[-74.229,40.7432],[-74.2323,40.744],[-74.238,40.7337]]]}},{"type":"Feature","properties":{"geoid":"34013002400","clusterId":"new-york-west"},"geometry":{"type":"Polygon","coordinates":[[[-74.2299,40.7408],[-74.2273,40.7402],[-74.2283,40.7365],[-74.2206,40.7393],[-74.2258,40.7408],[-74.2223,40.7451],[-74.2272,40.7463],[-74.2299,40.7408]]]}},{"type":"Feature","properties":{"geoid":"34013002500","clusterId":"new-york-west"},"geometry":{"type":"Polygon","coordinates":[[[-74.2258,40.7408],[-74.2201,40.7395],[-74.2167,40.7489],[-74.2201,40.7488],[-74.2258,40.7408]]]}},{"type":"Feature","properties":{"geoid":"34013002600","clusterId":"new-york-west"},"geometry":{"type":"Polygon","coordinates":[[[-74.2108,40.7395],[-74.2115,40.7376],[-74.2069,40.7367],[-74.2066,40.7427],[-74.2095,40.7433],[-74.2108,40.7395]]]}},{"type":"Feature","properties":{"geoid":"34013002800","clusterId":"new-york-west"},"geometry":{"type":"Polygon","coordinates":[[[-74.2035,40.7325],[-74.2008,40.7322],[-74.198,40.7396],[-74.2007,40.7403],[-74.2035,40.7325]]]}},{"type":"Feature","properties":{"geoid":"34013003100","clusterId":"new-york-west"},"geometry":{"type":"Polygon","coordinates":[[[-74.1962,40.7311],[-74.1906,40.7289],[-74.1883,40.7345],[-74.1954,40.7333],[-74.1962,40.7311]]]}},{"type":"Feature","properties":{"geoid":"34013003500","clusterId":"new-york-west"},"geometry":{"type":"Polygon","coordinates":[[[-74.2151,40.7299],[-74.2082,40.7308],[-74.2109,40.7316],[-74.2087,40.737],[-74.2115,40.7376],[-74.2151,40.7299]]]}},{"type":"Feature","properties":{"geoid":"34013003700","clusterId":"new-york-west"},"geometry":{"type":"Polygon","coordinates":[[[-74.2153,40.7288],[-74.1993,40.7262],[-74.2054,40.7275],[-74.2038,40.7316],[-74.2153,40.7288]]]}},{"type":"Feature","properties":{"geoid":"34013003800","clusterId":"new-york-west"},"geometry":{"type":"Polygon","coordinates":[[[-74.205,40.7285],[-74.2054,40.7275],[-74.1986,40.7252],[-74.1953,40.7361],[-74.199,40.7369],[-74.2008,40.7322],[-74.2038,40.7318],[-74.205,40.7285]]]}},{"type":"Feature","properties":{"geoid":"34013003900","clusterId":"new-york-west"},"geometry":{"type":"Polygon","coordinates":[[[-74.1986,40.7252],[-74.1927,40.7239],[-74.1906,40.7289],[-74.1965,40.7302],[-74.1986,40.7252]]]}},{"type":"Feature","properties":{"geoid":"34013004100","clusterId":"new-york-west"},"geometry":{"type":"Polygon","coordinates":[[[-74.2112,40.723],[-74.2022,40.7219],[-74.2006,40.7256],[-74.2095,40.7275],[-74.2112,40.723]]]}},{"type":"Feature","properties":{"geoid":"34013004200","clusterId":"new-york-west"},"geometry":{"type":"Polygon","coordinates":[[[-74.2173,40.7238],[-74.2112,40.723],[-74.2095,40.7275],[-74.2154,40.7287],[-74.2173,40.7238]]]}},{"type":"Feature","properties":{"geoid":"34013004300","clusterId":"new-york-west"},"geometry":{"type":"Polygon","coordinates":[[[-74.2242,40.7152],[-74.2207,40.7135],[-74.2129,40.723],[-74.2173,40.7237],[-74.219,40.72],[-74.2242,40.7152]]]}},{"type":"Feature","properties":{"geoid":"34013004400","clusterId":"new-york-west"},"geometry":{"type":"Polygon","coordinates":[[[-74.2207,40.7135],[-74.2162,40.7113],[-74.213,40.7148],[-74.2171,40.7172],[-74.2207,40.7135]]]}},{"type":"Feature","properties":{"geoid":"34013004500","clusterId":"new-york-west"},"geometry":{"type":"Polygon","coordinates":[[[-74.2286,40.7086],[-74.2217,40.7071],[-74.217,40.7117],[-74.2242,40.7152],[-74.2286,40.7086]]]}},{"type":"Feature","properties":{"geoid":"34013004600","clusterId":"new-york-west"},"geometry":{"type":"Polygon","coordinates":[[[-74.2214,40.7075],[-74.2185,40.7048],[-74.2098,40.713],[-74.2132,40.7145],[-74.2214,40.7075]]]}},{"type":"Feature","properties":{"geoid":"34013004700","clusterId":"new-york-west"},"geometry":{"type":"Polygon","coordinates":[[[-74.2184,40.705],[-74.213,40.7008],[-74.2059,40.7057],[-74.2137,40.7101],[-74.2184,40.705]]]}},{"type":"Feature","properties":{"geoid":"34013004801","clusterId":"new-york-west"},"geometry":{"type":"Polygon","coordinates":[[[-74.2056,40.7112],[-74.202,40.7095],[-74.2023,40.7076],[-74.1982,40.7093],[-74.2038,40.7135],[-74.2056,40.7112]]]}},{"type":"Feature","properties":{"geoid":"34013004802","clusterId":"new-york-west"},"geometry":{"type":"Polygon","coordinates":[[[-74.213,40.7008],[-74.2092,40.6907],[-74.2015,40.6867],[-74.1981,40.6869],[-74.1974,40.6879],[-74.2002,40.6889],[-74.1858,40.7127],[-74.1976,40.7081],[-74.1982,40.7093],[-74.2012,40.7087],[-74.213,40.7008]]]}},{"type":"Feature","properties":{"geoid":"34013004900","clusterId":"new-york-west"},"geometry":{"type":"Polygon","coordinates":[[[-74.2121,40.7098],[-74.2059,40.7057],[-74.2019,40.7091],[-74.2098,40.713],[-74.2121,40.7098]]]}},{"type":"Feature","properties":{"geoid":"34013005000","clusterId":"new-york-west"},"geometry":{"type":"Polygon","coordinates":[[[-74.2035,40.7141],[-74.1976,40.7081],[-74.1896,40.7118],[-74.1967,40.7141],[-74.1936,40.7216],[-74.2002,40.7215],[-74.2035,40.7141]]]}},{"type":"Feature","properties":{"geoid":"34013005100","clusterId":"new-york-west"},"geometry":{"type":"Polygon","coordinates":[[[-74.2114,40.7137],[-74.2056,40.7112],[-74.2025,40.7159],[-74.2083,40.7177],[-74.2114,40.7137]]]}},{"type":"Feature","properties":{"geoid":"34013005200","clusterId":"new-york-west"},"geometry":{"type":"Polygon","coordinates":[[[-74.2171,40.7172],[-74.213,40.7148],[-74.2101,40.723],[-74.2129,40.723],[-74.2171,40.7172]]]}},{"type":"Feature","properties":{"geoid":"34013005300","clusterId":"new-york-west"},"geometry":{"type":"Polygon","coordinates":[[[-74.213,40.7148],[-74.2114,40.7137],[-74.2085,40.7193],[-74.206,40.7187],[-74.2048,40.7224],[-74.2101,40.723],[-74.213,40.7148]]]}},{"type":"Feature","properties":{"geoid":"34013005400","clusterId":"new-york-west"},"geometry":{"type":"Polygon","coordinates":[[[-74.209,40.7182],[-74.2025,40.7159],[-74.1986,40.7252],[-74.2006,40.7256],[-74.2022,40.7219],[-74.2048,40.7224],[-74.206,40.7187],[-74.209,40.7182]]]}},{"type":"Feature","properties":{"geoid":"34013005700","clusterId":"new-york-west"},"geometry":{"type":"Polygon","coordinates":[[[-74.1935,40.7131],[-74.1896,40.7118],[-74.1858,40.7127],[-74.1725,40.7262],[-74.1752,40.7271],[-74.1814,40.72],[-74.1829,40.7204],[-74.1827,40.7231],[-74.186,40.7216],[-74.188,40.7183],[-74.1897,40.7189],[-74.1916,40.7171],[-74.1935,40.7131]]]}},{"type":"Feature","properties":{"geoid":"34013006200","clusterId":"new-york-west"},"geometry":{"type":"Polygon","coordinates":[[[-74.1904,40.7293],[-74.1831,40.7273],[-74.182,40.7304],[-74.1893,40.7321],[-74.1904,40.7293]]]}},{"type":"Feature","properties":{"geoid":"34013006400","clusterId":"new-york-west"},"geometry":{"type":"Polygon","coordinates":[[[-74.1882,40.7354],[-74.1797,40.7364],[-74.1791,40.7377],[-74.1856,40.7409],[-74.1882,40.7354]]]}},{"type":"Feature","properties":{"geoid":"34013006600","clusterId":"new-york-west"},"geometry":{"type":"Polygon","coordinates":[[[-74.1907,40.7286],[-74.1914,40.727],[-74.1839,40.7251],[-74.1831,40.7273],[-74.1907,40.7286]]]}},{"type":"Feature","properties":{"geoid":"34013006700","clusterId":"new-york-west"},"geometry":{"type":"Polygon","coordinates":[[[-74.1839,40.725],[-74.1805,40.7244],[-74.1827,40.7231],[-74.1829,40.7204],[-74.1814,40.72],[-74.1752,40.7271],[-74.1825,40.7289],[-74.1839,40.725]]]}},{"type":"Feature","properties":{"geoid":"34013006800","clusterId":"new-york-west"},"geometry":{"type":"Polygon","coordinates":[[[-74.1856,40.7131],[-74.1656,40.7165],[-74.1643,40.7188],[-74.1671,40.7197],[-74.1657,40.7225],[-74.1732,40.7255],[-74.1856,40.7131]]]}},{"type":"Feature","properties":{"geoid":"34013006900","clusterId":"new-york-west"},"geometry":{"type":"Polygon","coordinates":[[[-74.1731,40.7257],[-74.1657,40.7225],[-74.1671,40.7197],[-74.1643,40.7188],[-74.1612,40.7249],[-74.1641,40.7258],[-74.1646,40.7246],[-74.1716,40.7274],[-74.1731,40.7257]]]}},{"type":"Feature","properties":{"geoid":"34013007000","clusterId":"new-york-west"},"geometry":{"type":"Polygon","coordinates":[[[-74.1656,40.7166],[-74.1616,40.717],[-74.157,40.7259],[-74.1632,40.7277],[-74.1641,40.7258],[-74.1612,40.7249],[-74.1656,40.7166]]]}},{"type":"Feature","properties":{"geoid":"34013007100","clusterId":"new-york-west"},"geometry":{"type":"Polygon","coordinates":[[[-74.1608,40.7184],[-74.1616,40.717],[-74.1562,40.7179],[-74.1492,40.7214],[-74.1521,40.7205],[-74.1576,40.7246],[-74.1608,40.7184]]]}},{"type":"Feature","properties":{"geoid":"34013007200","clusterId":"new-york-west"},"geometry":{"type":"Polygon","coordinates":[[[-74.1573,40.7253],[-74.1521,40.7205],[-74.1497,40.7219],[-74.1556,40.7278],[-74.1573,40.7253]]]}},{"type":"Feature","properties":{"geoid":"34013007300","clusterId":"new-york-west"},"geometry":{"type":"Polygon","coordinates":[[[-74.1555,40.7279],[-74.1513,40.7235],[-74.1446,40.7272],[-74.1469,40.7296],[-74.1457,40.7298],[-74.1518,40.7311],[-74.1527,40.7285],[-74.1555,40.7279]]]}},{"type":"Feature","properties":{"geoid":"34013007400","clusterId":"new-york-west"},"geometry":{"type":"Polygon","coordinates":[[[-74.1553,40.7182],[-74.1401,40.7129],[-74.1352,40.7145],[-74.1302,40.7132],[-74.1321,40.7102],[-74.1128,40.7031],[-74.1203,40.7159],[-74.121,40.7229],[-74.134,40.726],[-74.1373,40.7246],[-74.1387,40.7271],[-74.1352,40.7291],[-74.1362,40.7308],[-74.1386,40.7278],[-74.1429,40.7306],[-74.1469,40.7296],[-74.1446,40.7272],[-74.1513,40.7235],[-74.1492,40.7214],[-74.1553,40.7182]]]}},{"type":"Feature","properties":{"geoid":"34013007501","clusterId":"new-york-west"},"geometry":{"type":"Polygon","coordinates":[[[-74.1552,40.7327],[-74.1457,40.7298],[-74.1391,40.7322],[-74.1399,40.7339],[-74.1269,40.7347],[-74.1181,40.7324],[-74.117,40.7371],[-74.1176,40.7396],[-74.1228,40.7421],[-74.1375,40.7414],[-74.1427,40.7393],[-74.1472,40.7344],[-74.1552,40.7327]]]}},{"type":"Feature","properties":{"geoid":"34013007502","clusterId":"new-york-west"},"geometry":{"type":"Polygon","coordinates":[[[-74.1421,40.731],[-74.1411,40.7285],[-74.1386,40.7278],[-74.1362,40.7308],[-74.1352,40.7291],[-74.1387,40.7271],[-74.1373,40.7246],[-74.134,40.726],[-74.121,40.7229],[-74.1181,40.7324],[-74.1272,40.7347],[-74.1399,40.7339],[-74.1391,40.7322],[-74.1421,40.731]]]}},{"type":"Feature","properties":{"geoid":"34013007600","clusterId":"new-york-west"},"geometry":{"type":"Polygon","coordinates":[[[-74.1594,40.7297],[-74.1554,40.728],[-74.1527,40.7285],[-74.1518,40.7311],[-74.1569,40.7322],[-74.1594,40.7297]]]}},{"type":"Feature","properties":{"geoid":"34013007700","clusterId":"new-york-west"},"geometry":{"type":"Polygon","coordinates":[[[-74.164,40.728],[-74.157,40.7259],[-74.1555,40.7279],[-74.1615,40.7312],[-74.164,40.728]]]}},{"type":"Feature","properties":{"geoid":"34013007800","clusterId":"new-york-west"},"geometry":{"type":"Polygon","coordinates":[[[-74.1716,40.7274],[-74.1646,40.7246],[-74.1632,40.7277],[-74.1695,40.7296],[-74.1716,40.7274]]]}},{"type":"Feature","properties":{"geoid":"34013007900","clusterId":"new-york-west"},"geometry":{"type":"Polygon","coordinates":[[[-74.1695,40.7296],[-74.164,40.728],[-74.1615,40.7312],[-74.1594,40.7297],[-74.1555,40.7319],[-74.1553,40.7335],[-74.162,40.736],[-74.1695,40.7296]]]}},{"type":"Feature","properties":{"geoid":"34013008000","clusterId":"new-york-west"},"geometry":{"type":"Polygon","coordinates":[[[-74.1766,40.7278],[-74.1728,40.7263],[-74.162,40.736],[-74.1638,40.7392],[-74.1676,40.7395],[-74.1689,40.7414],[-74.1766,40.7278]]]}},{"type":"Feature","properties":{"geoid":"34013008100","clusterId":"new-york-west"},"geometry":{"type":"Polygon","coordinates":[[[-74.1824,40.7292],[-74.1768,40.7275],[-74.1703,40.7387],[-74.1774,40.7407],[-74.1824,40.7292]]]}},{"type":"Feature","properties":{"geoid":"34013008200","clusterId":"new-york-west"},"geometry":{"type":"Polygon","coordinates":[[[-74.1932,40.739],[-74.1895,40.7385],[-74.1905,40.735],[-74.1883,40.7345],[-74.1837,40.7428],[-74.1897,40.7454],[-74.1932,40.739]]]}},{"type":"Feature","properties":{"geoid":"34013008700","clusterId":"new-york-west"},"geometry":{"type":"Polygon","coordinates":[[[-74.1756,40.7592],[-74.1706,40.7534],[-74.1701,40.7497],[-74.1655,40.751],[-74.1645,40.7563],[-74.1699,40.7568],[-74.1693,40.759],[-74.1748,40.7607],[-74.1756,40.7592]]]}},{"type":"Feature","properties":{"geoid":"34013008800","clusterId":"new-york-west"},"geometry":{"type":"Polygon","coordinates":[[[-74.1762,40.7522],[-74.1707,40.751],[-74.1706,40.7534],[-74.1742,40.7553],[-74.1745,40.7528],[-74.1762,40.7522]]]}},{"type":"Feature","properties":{"geoid":"34013008900","clusterId":"new-york-west"},"geometry":{"type":"Polygon","coordinates":[[[-74.1784,40.7539],[-74.1745,40.7528],[-74.1742,40.7553],[-74.1724,40.7553],[-74.1751,40.7583],[-74.1784,40.7539]]]}},{"type":"Feature","properties":{"geoid":"34013009000","clusterId":"new-york-west"},"geometry":{"type":"Polygon","coordinates":[[[-74.1852,40.7569],[-74.1843,40.7511],[-74.1794,40.7497],[-74.1755,40.7511],[-74.1757,40.7531],[-74.1801,40.7543],[-74.179,40.7567],[-74.1848,40.7585],[-74.1852,40.7569]]]}},{"type":"Feature","properties":{"geoid":"34013009100","clusterId":"new-york-west"},"geometry":{"type":"Polygon","coordinates":[[[-74.1848,40.7585],[-74.179,40.7567],[-74.1801,40.7543],[-74.1784,40.7539],[-74.1751,40.7583],[-74.1798,40.7654],[-74.1848,40.7585]]]}},{"type":"Feature","properties":{"geoid":"34013009200","clusterId":"new-york-west"},"geometry":{"type":"Polygon","coordinates":[[[-74.1738,40.7604],[-74.1693,40.759],[-74.1699,40.7568],[-74.1645,40.7563],[-74.1621,40.7614],[-74.1721,40.7625],[-74.1738,40.7604]]]}},{"type":"Feature","properties":{"geoid":"34013009300","clusterId":"new-york-west"},"geometry":{"type":"Polygon","coordinates":[[[-74.1717,40.7631],[-74.1682,40.7614],[-74.1673,40.7626],[-74.163,40.7616],[-74.1603,40.7656],[-74.1652,40.7654],[-74.1618,40.7722],[-74.1645,40.773],[-74.1681,40.766],[-74.17,40.7666],[-74.1717,40.7631]]]}},{"type":"Feature","properties":{"geoid":"34013009400","clusterId":"new-york-west"},"geometry":{"type":"Polygon","coordinates":[[[-74.1779,40.7627],[-74.1756,40.7592],[-74.1738,40.7604],[-74.1678,40.7717],[-74.1725,40.7731],[-74.1779,40.7627]]]}},{"type":"Feature","properties":{"geoid":"34013009500","clusterId":"new-york-west"},"geometry":{"type":"Polygon","coordinates":[[[-74.1726,40.7768],[-74.1714,40.7751],[-74.1725,40.7731],[-74.1678,40.7717],[-74.17,40.7666],[-74.1681,40.766],[-74.1626,40.7768],[-74.1648,40.7775],[-74.1637,40.7795],[-74.1666,40.7804],[-74.1687,40.7763],[-74.1726,40.7768]]]}},{"type":"Feature","properties":{"geoid":"34013009600","clusterId":"new-york-west"},"geometry":{"type":"Polygon","coordinates":[[[-74.1652,40.7654],[-74.1603,40.7656],[-74.1621,40.7614],[-74.1483,40.7799],[-74.1592,40.7831],[-74.161,40.7798],[-74.157,40.7778],[-74.1652,40.7654]]]}},{"type":"Feature","properties":{"geoid":"34013009700","clusterId":"new-york-west"},"geometry":{"type":"Polygon","coordinates":[[[-74.1637,40.7795],[-74.1648,40.7775],[-74.1626,40.7768],[-74.1645,40.773],[-74.1618,40.7722],[-74.157,40.7778],[-74.161,40.7798],[-74.1592,40.7831],[-74.1613,40.7842],[-74.1637,40.7795]]]}},{"type":"Feature","properties":{"geoid":"34013009900","clusterId":"new-york-west"},"geometry":{"type":"Polygon","coordinates":[[[-74.2225,40.7769],[-74.2212,40.778],[-74.2176,40.7771],[-74.2149,40.7868],[-74.2185,40.7882],[-74.2225,40.7769]]]}},{"type":"Feature","properties":{"geoid":"34013010000","clusterId":"new-york-west"},"geometry":{"type":"Polygon","coordinates":[[[-74.2231,40.7753],[-74.2178,40.7727],[-74.2066,40.7837],[-74.2149,40.7868],[-74.2176,40.7771],[-74.2212,40.778],[-74.2231,40.7753]]]}},{"type":"Feature","properties":{"geoid":"34013010100","clusterId":"new-york-west"},"geometry":{"type":"Polygon","coordinates":[[[-74.2134,40.777],[-74.2048,40.7719],[-74.2012,40.7778],[-74.2014,40.7817],[-74.2066,40.7837],[-74.2134,40.777]]]}},{"type":"Feature","properties":{"geoid":"34013010200","clusterId":"new-york-west"},"geometry":{"type":"Polygon","coordinates":[[[-74.2048,40.7725],[-74.1915,40.7652],[-74.1898,40.7686],[-74.2014,40.7817],[-74.2012,40.7778],[-74.2048,40.7725]]]}},{"type":"Feature","properties":{"geoid":"34013010300","clusterId":"new-york-west"},"geometry":{"type":"Polygon","coordinates":[[[-74.2048,40.7719],[-74.2046,40.7665],[-74.1936,40.7612],[-74.1915,40.7652],[-74.2048,40.7719]]]}},{"type":"Feature","properties":{"geoid":"34013010400","clusterId":"new-york-west"},"geometry":{"type":"Polygon","coordinates":[[[-74.2177,40.7727],[-74.2046,40.7665],[-74.2048,40.7719],[-74.2134,40.7769],[-74.2177,40.7727]]]}},{"type":"Feature","properties":{"geoid":"34013010500","clusterId":"new-york-west"},"geometry":{"type":"Polygon","coordinates":[[[-74.2235,40.7743],[-74.2203,40.769],[-74.2143,40.7661],[-74.2157,40.7649],[-74.2149,40.7642],[-74.2097,40.7689],[-74.2235,40.7743]]]}},{"type":"Feature","properties":{"geoid":"34013010600","clusterId":"new-york-west"},"geometry":{"type":"Polygon","coordinates":[[[-74.2151,40.7644],[-74.2085,40.76],[-74.2046,40.7665],[-74.2097,40.7689],[-74.2151,40.7644]]]}},{"type":"Feature","properties":{"geoid":"34013010700","clusterId":"new-york-west"},"geometry":{"type":"Polygon","coordinates":[[[-74.2085,40.76],[-74.2008,40.7577],[-74.1981,40.7633],[-74.2046,40.7665],[-74.2085,40.76]]]}},{"type":"Feature","properties":{"geoid":"34013010800","clusterId":"new-york-west"},"geometry":{"type":"Polygon","coordinates":[[[-74.2008,40.758],[-74.1971,40.7567],[-74.1936,40.7612],[-74.1981,40.7633],[-74.2008,40.758]]]}},{"type":"Feature","properties":{"geoid":"34013010900","clusterId":"new-york-west"},"geometry":{"type":"Polygon","coordinates":[[[-74.2126,40.7492],[-74.2039,40.7488],[-74.1971,40.7567],[-74.2085,40.76],[-74.2126,40.7492]]]}},{"type":"Feature","properties":{"geoid":"34013011100","clusterId":"new-york-west"},"geometry":{"type":"Polygon","coordinates":[[[-74.2145,40.756],[-74.2152,40.755],[-74.2111,40.7531],[-74.2085,40.76],[-74.2108,40.7611],[-74.2145,40.756]]]}},{"type":"Feature","properties":{"geoid":"34013011200","clusterId":"new-york-west"},"geometry":{"type":"Polygon","coordinates":[[[-74.2212,40.7592],[-74.2152,40.755],[-74.2108,40.7611],[-74.2168,40.7642],[-74.2212,40.7592]]]}},{"type":"Feature","properties":{"geoid":"34013011300","clusterId":"new-york-west"},"geometry":{"type":"Polygon","coordinates":[[[-74.2261,40.763],[-74.2212,40.7592],[-74.2143,40.7661],[-74.2203,40.769],[-74.2261,40.763]]]}},{"type":"Feature","properties":{"geoid":"34013011400","clusterId":"new-york-west"},"geometry":{"type":"Polygon","coordinates":[[[-74.2382,40.7522],[-74.2347,40.7506],[-74.2303,40.7514],[-74.2238,40.761],[-74.2265,40.7627],[-74.2382,40.7522]]]}},{"type":"Feature","properties":{"geoid":"34013011500","clusterId":"new-york-west"},"geometry":{"type":"Polygon","coordinates":[[[-74.2302,40.7514],[-74.2264,40.7512],[-74.2219,40.7596],[-74.2238,40.761],[-74.2263,40.759],[-74.2302,40.7514]]]}},{"type":"Feature","properties":{"geoid":"34013011600","clusterId":"new-york-west"},"geometry":{"type":"Polygon","coordinates":[[[-74.2237,40.7561],[-74.2156,40.7524],[-74.2145,40.7545],[-74.2219,40.7596],[-74.2237,40.7561]]]}},{"type":"Feature","properties":{"geoid":"34013011700","clusterId":"new-york-west"},"geometry":{"type":"Polygon","coordinates":[[[-74.2264,40.7512],[-74.2187,40.7489],[-74.2126,40.7491],[-74.2111,40.7531],[-74.2145,40.7545],[-74.2156,40.7524],[-74.2241,40.7553],[-74.2264,40.7512]]]}},{"type":"Feature","properties":{"geoid":"34013011800","clusterId":"new-york-west"},"geometry":{"type":"Polygon","coordinates":[[[-74.2289,40.7464],[-74.2217,40.7451],[-74.2201,40.7488],[-74.2187,40.7489],[-74.2264,40.7511],[-74.2289,40.7464]]]}},{"type":"Feature","properties":{"geoid":"34013011900","clusterId":"new-york-west"},"geometry":{"type":"Polygon","coordinates":[[[-74.234,40.7279],[-74.2336,40.7251],[-74.2275,40.7241],[-74.2248,40.7273],[-74.2219,40.7279],[-74.2252,40.7304],[-74.2296,40.7271],[-74.234,40.7279]]]}},{"type":"Feature","properties":{"geoid":"34013012000","clusterId":"new-york-west"},"geometry":{"type":"Polygon","coordinates":[[[-74.2559,40.7134],[-74.2429,40.7113],[-74.238,40.7158],[-74.2502,40.7223],[-74.2527,40.7153],[-74.2559,40.7134]]]}},{"type":"Feature","properties":{"geoid":"34013012100","clusterId":"new-york-west"},"geometry":{"type":"Polygon","coordinates":[[[-74.2501,40.723],[-74.2447,40.7193],[-74.2369,40.7252],[-74.2501,40.723]]]}},{"type":"Feature","properties":{"geoid":"34013012200","clusterId":"new-york-west"},"geometry":{"type":"Polygon","coordinates":[[[-74.2496,40.7236],[-74.2335,40.7257],[-74.2337,40.7287],[-74.2441,40.7306],[-74.2496,40.7236]]]}},{"type":"Feature","properties":{"geoid":"34013012300","clusterId":"new-york-west"},"geometry":{"type":"Polygon","coordinates":[[[-74.2437,40.7303],[-74.2315,40.7282],[-74.228,40.7356],[-74.2345,40.7357],[-74.2437,40.7303]]]}},{"type":"Feature","properties":{"geoid":"34013012400","clusterId":"new-york-west"},"geometry":{"type":"Polygon","coordinates":[[[-74.2446,40.7194],[-74.238,40.7158],[-74.23,40.7252],[-74.2369,40.7252],[-74.2446,40.7194]]]}},{"type":"Feature","properties":{"geoid":"34013012500","clusterId":"new-york-west"},"geometry":{"type":"Polygon","coordinates":[[[-74.2315,40.7282],[-74.2296,40.7271],[-74.2212,40.7392],[-74.2285,40.7365],[-74.2315,40.7282]]]}},{"type":"Feature","properties":{"geoid":"34013012600","clusterId":"new-york-west"},"geometry":{"type":"Polygon","coordinates":[[[-74.2273,40.7299],[-74.2235,40.7296],[-74.2153,40.7416],[-74.2212,40.7392],[-74.2273,40.7299]]]}},{"type":"Feature","properties":{"geoid":"34013012700","clusterId":"new-york-west"},"geometry":{"type":"Polygon","coordinates":[[[-74.2438,40.7112],[-74.2286,40.7085],[-74.2267,40.7106],[-74.2269,40.7123],[-74.2303,40.714],[-74.238,40.7158],[-74.2438,40.7112]]]}},{"type":"Feature","properties":{"geoid":"34013012800","clusterId":"new-york-west"},"geometry":{"type":"Polygon","coordinates":[[[-74.2373,40.7166],[-74.238,40.7158],[-74.2355,40.7145],[-74.2269,40.7123],[-74.2242,40.7152],[-74.2333,40.7219],[-74.2373,40.7166]]]}},{"type":"Feature","properties":{"geoid":"34013012900","clusterId":"new-york-west"},"geometry":{"type":"Polygon","coordinates":[[[-74.2326,40.7226],[-74.2274,40.7176],[-74.2206,40.7282],[-74.2248,40.7273],[-74.2275,40.7241],[-74.23,40.7252],[-74.2326,40.7226]]]}},{"type":"Feature","properties":{"geoid":"34013013000","clusterId":"new-york-west"},"geometry":{"type":"Polygon","coordinates":[[[-74.2235,40.7296],[-74.2207,40.7282],[-74.2185,40.7313],[-74.2214,40.7324],[-74.2235,40.7296]]]}},{"type":"Feature","properties":{"geoid":"34013013100","clusterId":"new-york-west"},"geometry":{"type":"Polygon","coordinates":[[[-74.2274,40.7176],[-74.2242,40.7152],[-74.2223,40.7164],[-74.2174,40.7221],[-74.2151,40.7295],[-74.2207,40.7282],[-74.2274,40.7176]]]}},{"type":"Feature","properties":{"geoid":"34013013200","clusterId":"new-york-west"},"geometry":{"type":"Polygon","coordinates":[[[-74.2214,40.7324],[-74.2185,40.7313],[-74.2207,40.7282],[-74.2151,40.7295],[-74.2134,40.7339],[-74.2188,40.7362],[-74.2214,40.7324]]]}},{"type":"Feature","properties":{"geoid":"34013013300","clusterId":"new-york-west"},"geometry":{"type":"Polygon","coordinates":[[[-74.2188,40.7362],[-74.2134,40.7339],[-74.2093,40.7429],[-74.2153,40.7416],[-74.2188,40.7362]]]}},{"type":"Feature","properties":{"geoid":"34013013400","clusterId":"new-york-west"},"geometry":{"type":"Polygon","coordinates":[[[-74.1696,40.8289],[-74.1563,40.8229],[-74.1481,40.83],[-74.1627,40.8378],[-74.1696,40.8289]]]}},{"type":"Feature","properties":{"geoid":"34013013500","clusterId":"new-york-west"},"geometry":{"type":"Polygon","coordinates":[[[-74.1595,40.8192],[-74.1569,40.8184],[-74.1571,40.8166],[-74.1457,40.8147],[-74.142,40.8233],[-74.1409,40.8229],[-74.1396,40.8253],[-74.1481,40.83],[-74.1595,40.8192]]]}},{"type":"Feature","properties":{"geoid":"34013013600","clusterId":"new-york-west"},"geometry":{"type":"Polygon","coordinates":[[[-74.1526,40.807],[-74.1396,40.8054],[-74.137,40.8173],[-74.13,40.8199],[-74.1396,40.8253],[-74.1409,40.8229],[-74.142,40.8233],[-74.1457,40.8147],[-74.149,40.8154],[-74.1526,40.807]]]}},{"type":"Feature","properties":{"geoid":"34013013700","clusterId":"new-york-west"},"geometry":{"type":"Polygon","coordinates":[[[-74.1666,40.8086],[-74.1526,40.807],[-74.149,40.8154],[-74.1571,40.8166],[-74.1569,40.8184],[-74.1595,40.8192],[-74.1666,40.8086]]]}},{"type":"Feature","properties":{"geoid":"34013013800","clusterId":"new-york-west"},"geometry":{"type":"Polygon","coordinates":[[[-74.1762,40.822],[-74.1625,40.8151],[-74.1563,40.8229],[-74.1696,40.8289],[-74.1749,40.8219],[-74.1762,40.822]]]}},{"type":"Feature","properties":{"geoid":"34013013900","clusterId":"new-york-west"},"geometry":{"type":"Polygon","coordinates":[[[-74.184,40.8123],[-74.1666,40.8085],[-74.1625,40.8151],[-74.1763,40.8219],[-74.184,40.8123]]]}},{"type":"Feature","properties":{"geoid":"34013014000","clusterId":"new-york-west"},"geometry":{"type":"Polygon","coordinates":[[[-74.1794,40.795],[-74.1741,40.7929],[-74.1716,40.79],[-74.1678,40.8087],[-74.1754,40.8095],[-74.1794,40.795]]]}},{"type":"Feature","properties":{"geoid":"34013014100","clusterId":"new-york-west"},"geometry":{"type":"Polygon","coordinates":[[[-74.1708,40.7932],[-74.1656,40.7904],[-74.1618,40.7976],[-74.1644,40.8013],[-74.1592,40.8077],[-74.1685,40.808],[-74.1708,40.7932]]]}},{"type":"Feature","properties":{"geoid":"34013014200","clusterId":"new-york-west"},"geometry":{"type":"Polygon","coordinates":[[[-74.1644,40.8013],[-74.1609,40.7964],[-74.1564,40.7947],[-74.1526,40.807],[-74.1592,40.8077],[-74.1644,40.8013]]]}},{"type":"Feature","properties":{"geoid":"34013014300","clusterId":"new-york-west"},"geometry":{"type":"Polygon","coordinates":[[[-74.1564,40.7947],[-74.1501,40.7937],[-74.1459,40.8027],[-74.1464,40.8063],[-74.1526,40.807],[-74.1564,40.7947]]]}},{"type":"Feature","properties":{"geoid":"34013014400","clusterId":"new-york-west"},"geometry":{"type":"Polygon","coordinates":[[[-74.1545,40.7813],[-74.1483,40.7799],[-74.1476,40.7864],[-74.1382,40.7985],[-74.1396,40.8054],[-74.1464,40.8063],[-74.1459,40.8027],[-74.1545,40.7813]]]}},{"type":"Feature","properties":{"geoid":"34013014500","clusterId":"new-york-west"},"geometry":{"type":"Polygon","coordinates":[[[-74.1715,40.7902],[-74.1698,40.787],[-74.1659,40.7867],[-74.1545,40.7813],[-74.1521,40.7894],[-74.1576,40.7912],[-74.1592,40.7874],[-74.1708,40.7932],[-74.1715,40.7902]]]}},{"type":"Feature","properties":{"geoid":"34013014600","clusterId":"new-york-west"},"geometry":{"type":"Polygon","coordinates":[[[-74.165,40.7923],[-74.1656,40.7904],[-74.1592,40.7874],[-74.1576,40.7912],[-74.1521,40.7894],[-74.1501,40.7937],[-74.1577,40.7945],[-74.1618,40.7976],[-74.165,40.7923]]]}},{"type":"Feature","properties":{"geoid":"34013014700","clusterId":"new-york-west"},"geometry":{"type":"Polygon","coordinates":[[[-74.1866,40.7751],[-74.1845,40.7748],[-74.1806,40.7779],[-74.1778,40.7774],[-74.177,40.7834],[-74.1717,40.7882],[-74.1698,40.787],[-74.1741,40.7929],[-74.1795,40.7948],[-74.1866,40.7751]]]}},{"type":"Feature","properties":{"geoid":"34013014800","clusterId":"new-york-west"},"geometry":{"type":"Polygon","coordinates":[[[-74.1944,40.829],[-74.1771,40.8287],[-74.1796,40.834],[-74.1799,40.8473],[-74.1827,40.8488],[-74.1944,40.829]]]}},{"type":"Feature","properties":{"geoid":"34013014900","clusterId":"new-york-west"},"geometry":{"type":"Polygon","coordinates":[[[-74.1802,40.8449],[-74.1796,40.834],[-74.1761,40.826],[-74.1778,40.8194],[-74.1627,40.8378],[-74.1799,40.8473],[-74.1802,40.8449]]]}},{"type":"Feature","properties":{"geoid":"34013015000","clusterId":"new-york-west"},"geometry":{"type":"Polygon","coordinates":[[[-74.1974,40.8132],[-74.1937,40.8125],[-74.1929,40.8157],[-74.1905,40.8156],[-74.1852,40.8194],[-74.1815,40.8228],[-74.1789,40.8286],[-74.1917,40.8282],[-74.1974,40.8132]]]}},{"type":"Feature","properties":{"geoid":"34013015100","clusterId":"new-york-west"},"geometry":{"type":"Polygon","coordinates":[[[-74.1934,40.8146],[-74.1937,40.8125],[-74.1893,40.8106],[-74.1838,40.8121],[-74.1766,40.823],[-74.1771,40.8287],[-74.1794,40.828],[-74.1834,40.821],[-74.1934,40.8146]]]}},{"type":"Feature","properties":{"geoid":"34013015200","clusterId":"new-york-west"},"geometry":{"type":"Polygon","coordinates":[[[-74.1937,40.8125],[-74.1918,40.8083],[-74.1927,40.8035],[-74.1909,40.7977],[-74.1805,40.811],[-74.1838,40.8122],[-74.1893,40.8106],[-74.1937,40.8125]]]}},{"type":"Feature","properties":{"geoid":"34013015300","clusterId":"new-york-west"},"geometry":{"type":"Polygon","coordinates":[[[-74.1909,40.7977],[-74.1795,40.7948],[-74.1754,40.8095],[-74.1805,40.811],[-74.1909,40.7977]]]}},{"type":"Feature","properties":{"geoid":"34013015400","clusterId":"new-york-west"},"geometry":{"type":"Polygon","coordinates":[[[-74.2015,40.7958],[-74.1994,40.7919],[-74.197,40.7922],[-74.1955,40.7896],[-74.1927,40.7923],[-74.1909,40.7977],[-74.1927,40.8035],[-74.1918,40.8083],[-74.1937,40.8125],[-74.1955,40.8126],[-74.197,40.8045],[-74.2013,40.7984],[-74.1999,40.7965],[-74.2015,40.7958]]]}},{"type":"Feature","properties":{"geoid":"34013015500","clusterId":"new-york-west"},"geometry":{"type":"Polygon","coordinates":[[[-74.1955,40.7896],[-74.195,40.7886],[-74.1888,40.7897],[-74.1821,40.7866],[-74.1795,40.7948],[-74.1909,40.7977],[-74.193,40.7918],[-74.1955,40.7896]]]}},{"type":"Feature","properties":{"geoid":"34013015600","clusterId":"new-york-west"},"geometry":{"type":"Polygon","coordinates":[[[-74.2119,40.7857],[-74.2014,40.7817],[-74.1998,40.7864],[-74.1955,40.7896],[-74.197,40.7922],[-74.1994,40.7919],[-74.2016,40.7957],[-74.2119,40.7857]]]}},{"type":"Feature","properties":{"geoid":"34013015700","clusterId":"new-york-west"},"geometry":{"type":"Polygon","coordinates":[[[-74.2015,40.7825],[-74.2004,40.7805],[-74.1902,40.7804],[-74.1955,40.7896],[-74.1995,40.7867],[-74.2015,40.7825]]]}},{"type":"Feature","properties":{"geoid":"34013015800","clusterId":"new-york-west"},"geometry":{"type":"Polygon","coordinates":[[[-74.195,40.7886],[-74.1902,40.7804],[-74.1845,40.7804],[-74.1821,40.7866],[-74.1888,40.7897],[-74.195,40.7886]]]}},{"type":"Feature","properties":{"geoid":"34013015900","clusterId":"new-york-west"},"geometry":{"type":"Polygon","coordinates":[[[-74.2004,40.7805],[-74.1895,40.7683],[-74.1845,40.7804],[-74.2004,40.7805]]]}},{"type":"Feature","properties":{"geoid":"34013016000","clusterId":"new-york-west"},"geometry":{"type":"Polygon","coordinates":[[[-74.2185,40.7882],[-74.2119,40.7857],[-74.2041,40.7944],[-74.1999,40.7965],[-74.2013,40.7984],[-74.197,40.8045],[-74.1955,40.8126],[-74.1973,40.8136],[-74.1914,40.8289],[-74.1944,40.8289],[-74.2185,40.7882]]]}},{"type":"Feature","properties":{"geoid":"34013016100","clusterId":"new-york-west"},"geometry":{"type":"Polygon","coordinates":[[[-74.2156,40.8438],[-74.2108,40.8438],[-74.212,40.8419],[-74.2044,40.8404],[-74.2002,40.8483],[-74.1978,40.8479],[-74.1956,40.8525],[-74.1943,40.8509],[-74.1923,40.8541],[-74.1983,40.8573],[-74.197,40.8595],[-74.2017,40.8604],[-74.202,40.8594],[-74.2052,40.861],[-74.2072,40.8588],[-74.2076,40.8528],[-74.2098,40.8521],[-74.2156,40.8438]]]}},{"type":"Feature","properties":{"geoid":"34013016200","clusterId":"new-york-west"},"geometry":{"type":"Polygon","coordinates":[[[-74.2041,40.8415],[-74.2044,40.8404],[-74.1891,40.8379],[-74.1827,40.8488],[-74.1923,40.8541],[-74.1943,40.8509],[-74.1956,40.8525],[-74.1978,40.8479],[-74.2002,40.8483],[-74.2041,40.8415]]]}},{"type":"Feature","properties":{"geoid":"34013016300","clusterId":"new-york-west"},"geometry":{"type":"Polygon","coordinates":[[[-74.2094,40.8413],[-74.2069,40.8307],[-74.1948,40.8283],[-74.1891,40.8379],[-74.2094,40.8413]]]}},{"type":"Feature","properties":{"geoid":"34013016400","clusterId":"new-york-west"},"geometry":{"type":"Polygon","coordinates":[[[-74.2283,40.826],[-74.2211,40.8203],[-74.2185,40.8249],[-74.2144,40.823],[-74.2069,40.8307],[-74.2094,40.8413],[-74.212,40.8419],[-74.2108,40.8438],[-74.2155,40.8429],[-74.2213,40.8318],[-74.2283,40.826]]]}},{"type":"Feature","properties":{"geoid":"34013016500","clusterId":"new-york-west"},"geometry":{"type":"Polygon","coordinates":[[[-74.2131,40.8245],[-74.2144,40.823],[-74.2112,40.8215],[-74.2078,40.8255],[-74.2095,40.8161],[-74.2037,40.8132],[-74.1948,40.8283],[-74.2076,40.831],[-74.2131,40.8245]]]}},{"type":"Feature","properties":{"geoid":"34013016600","clusterId":"new-york-west"},"geometry":{"type":"Polygon","coordinates":[[[-74.221,40.8205],[-74.2115,40.8146],[-74.2095,40.8161],[-74.2078,40.8255],[-74.2112,40.8215],[-74.2185,40.8249],[-74.221,40.8205]]]}},{"type":"Feature","properties":{"geoid":"34013016700","clusterId":"new-york-west"},"geometry":{"type":"Polygon","coordinates":[[[-74.2126,40.8105],[-74.2083,40.8055],[-74.2037,40.8132],[-74.2101,40.8165],[-74.213,40.8125],[-74.2116,40.8116],[-74.2126,40.8105]]]}},{"type":"Feature","properties":{"geoid":"34013016800","clusterId":"new-york-west"},"geometry":{"type":"Polygon","coordinates":[[[-74.2248,40.8153],[-74.2228,40.8148],[-74.2227,40.8124],[-74.2179,40.8128],[-74.2183,40.8114],[-74.214,40.809],[-74.2116,40.8116],[-74.213,40.8125],[-74.2115,40.8146],[-74.2228,40.8215],[-74.2248,40.8153]]]}},{"type":"Feature","properties":{"geoid":"34013016900","clusterId":"new-york-west"},"geometry":{"type":"Polygon","coordinates":[[[-74.2376,40.804],[-74.2282,40.7957],[-74.2274,40.7965],[-74.2227,40.8112],[-74.2228,40.8148],[-74.2248,40.8153],[-74.2228,40.8215],[-74.2279,40.825],[-74.2291,40.8199],[-74.2376,40.804]]]}},{"type":"Feature","properties":{"geoid":"34013017000","clusterId":"new-york-west"},"geometry":{"type":"Polygon","coordinates":[[[-74.2256,40.8009],[-74.219,40.798],[-74.2188,40.8004],[-74.2173,40.7996],[-74.2152,40.8015],[-74.214,40.8035],[-74.2168,40.8059],[-74.214,40.809],[-74.2183,40.8114],[-74.2179,40.8128],[-74.2227,40.8124],[-74.2256,40.8009]]]}},{"type":"Feature","properties":{"geoid":"34013017100","clusterId":"new-york-west"},"geometry":{"type":"Polygon","coordinates":[[[-74.2167,40.8061],[-74.214,40.8035],[-74.2157,40.8019],[-74.2117,40.7998],[-74.2083,40.8055],[-74.213,40.8101],[-74.2167,40.8061]]]}},{"type":"Feature","properties":{"geoid":"34013017200","clusterId":"new-york-west"},"geometry":{"type":"Polygon","coordinates":[[[-74.2281,40.7958],[-74.2185,40.7882],[-74.2117,40.7998],[-74.2152,40.8015],[-74.2173,40.7996],[-74.2188,40.8004],[-74.219,40.798],[-74.2259,40.8001],[-74.2281,40.7958]]]}},{"type":"Feature","properties":{"geoid":"34013017301","clusterId":"new-york-west"},"geometry":{"type":"Polygon","coordinates":[[[-74.2823,40.8035],[-74.2664,40.798],[-74.2598,40.8118],[-74.2509,40.8243],[-74.2648,40.8251],[-74.269,40.8268],[-74.2823,40.8035]]]}},{"type":"Feature","properties":{"geoid":"34013017302","clusterId":"new-york-west"},"geometry":{"type":"Polygon","coordinates":[[[-74.3041,40.7594],[-74.3047,40.7579],[-74.2917,40.7575],[-74.2878,40.7633],[-74.2866,40.7688],[-74.2758,40.7823],[-74.2664,40.798],[-74.2823,40.8035],[-74.3041,40.7594]]]}},{"type":"Feature","properties":{"geoid":"34013017400","clusterId":"new-york-west"},"geometry":{"type":"Polygon","coordinates":[[[-74.2747,40.7849],[-74.2683,40.7815],[-74.267,40.7793],[-74.2618,40.7783],[-74.2506,40.8009],[-74.2478,40.8029],[-74.2406,40.803],[-74.2394,40.7988],[-74.2323,40.8143],[-74.2509,40.8243],[-74.2598,40.8118],[-74.2658,40.7988],[-74.2747,40.7849]]]}},{"type":"Feature","properties":{"geoid":"34013017500","clusterId":"new-york-west"},"geometry":{"type":"Polygon","coordinates":[[[-74.2618,40.7783],[-74.261,40.7745],[-74.2559,40.7776],[-74.2441,40.7751],[-74.2415,40.7762],[-74.2417,40.7786],[-74.2387,40.7788],[-74.2364,40.7836],[-74.2381,40.786],[-74.2362,40.7895],[-74.2392,40.7911],[-74.2384,40.793],[-74.2345,40.794],[-74.2345,40.8008],[-74.2373,40.8032],[-74.2394,40.7988],[-74.2405,40.8029],[-74.2478,40.8029],[-74.2502,40.8012],[-74.2618,40.7783]]]}},{"type":"Feature","properties":{"geoid":"34013017600","clusterId":"new-york-west"},"geometry":{"type":"Polygon","coordinates":[[[-74.2391,40.7913],[-74.2363,40.7888],[-74.2311,40.788],[-74.2279,40.7918],[-74.2245,40.7908],[-74.2238,40.7922],[-74.2345,40.8008],[-74.2345,40.794],[-74.2384,40.793],[-74.2391,40.7913]]]}},{"type":"Feature","properties":{"geoid":"34013017700","clusterId":"new-york-west"},"geometry":{"type":"Polygon","coordinates":[[[-74.2375,40.7808],[-74.2386,40.779],[-74.2367,40.7784],[-74.2206,40.7898],[-74.2238,40.7922],[-74.2245,40.7908],[-74.2279,40.7918],[-74.2311,40.788],[-74.2363,40.7888],[-74.2381,40.786],[-74.2366,40.7854],[-74.2375,40.7808]]]}},{"type":"Feature","properties":{"geoid":"34013017800","clusterId":"new-york-west"},"geometry":{"type":"Polygon","coordinates":[[[-74.2503,40.767],[-74.2485,40.7681],[-74.2452,40.7671],[-74.2369,40.7785],[-74.2411,40.7795],[-74.2415,40.7762],[-74.2459,40.7753],[-74.2503,40.767]]]}},{"type":"Feature","properties":{"geoid":"34013017900","clusterId":"new-york-west"},"geometry":{"type":"Polygon","coordinates":[[[-74.2616,40.7605],[-74.2553,40.7581],[-74.2459,40.7753],[-74.2526,40.7769],[-74.2549,40.7702],[-74.2616,40.7605]]]}},{"type":"Feature","properties":{"geoid":"34013018000","clusterId":"new-york-west"},"geometry":{"type":"Polygon","coordinates":[[[-74.2917,40.7577],[-74.2678,40.7623],[-74.2617,40.7603],[-74.2549,40.7702],[-74.2526,40.7769],[-74.2562,40.7776],[-74.261,40.7745],[-74.2618,40.7783],[-74.267,40.7793],[-74.2703,40.7828],[-74.275,40.7843],[-74.2866,40.7688],[-74.2878,40.7633],[-74.2917,40.7577]]]}},{"type":"Feature","properties":{"geoid":"34013018100","clusterId":"new-york-west"},"geometry":{"type":"Polygon","coordinates":[[[-74.2309,40.7821],[-74.2266,40.7798],[-74.2258,40.781],[-74.2211,40.7807],[-74.2185,40.7882],[-74.2206,40.7898],[-74.2309,40.7821]]]}},{"type":"Feature","properties":{"geoid":"34013018200","clusterId":"new-york-west"},"geometry":{"type":"Polygon","coordinates":[[[-74.2367,40.7784],[-74.2313,40.7765],[-74.23,40.7781],[-74.2232,40.7751],[-74.2211,40.781],[-74.2258,40.781],[-74.2266,40.7798],[-74.231,40.782],[-74.2367,40.7784]]]}},{"type":"Feature","properties":{"geoid":"34013018300","clusterId":"new-york-west"},"geometry":{"type":"Polygon","coordinates":[[[-74.2383,40.7763],[-74.2252,40.7703],[-74.2232,40.7751],[-74.23,40.7781],[-74.2313,40.7765],[-74.2369,40.7785],[-74.2383,40.7763]]]}},{"type":"Feature","properties":{"geoid":"34013018400","clusterId":"new-york-west"},"geometry":{"type":"Polygon","coordinates":[[[-74.2296,40.7644],[-74.2265,40.7627],[-74.2205,40.768],[-74.22,40.7701],[-74.2235,40.7742],[-74.2296,40.7644]]]}},{"type":"Feature","properties":{"geoid":"34013018600","clusterId":"new-york-west"},"geometry":{"type":"Polygon","coordinates":[[[-74.2452,40.7671],[-74.2441,40.7659],[-74.2395,40.7693],[-74.2296,40.7644],[-74.2252,40.77],[-74.2384,40.7762],[-74.2452,40.7671]]]}},{"type":"Feature","properties":{"geoid":"34013018700","clusterId":"new-york-west"},"geometry":{"type":"Polygon","coordinates":[[[-74.2438,40.7662],[-74.2347,40.7606],[-74.2355,40.7558],[-74.2265,40.7627],[-74.2395,40.7693],[-74.2438,40.7662]]]}},{"type":"Feature","properties":{"geoid":"34013018800","clusterId":"new-york-west"},"geometry":{"type":"Polygon","coordinates":[[[-74.2551,40.7584],[-74.2402,40.7519],[-74.2331,40.7567],[-74.2355,40.7558],[-74.2347,40.7606],[-74.2413,40.7645],[-74.247,40.7591],[-74.2529,40.761],[-74.2551,40.7584]]]}},{"type":"Feature","properties":{"geoid":"34013018900","clusterId":"new-york-west"},"geometry":{"type":"Polygon","coordinates":[[[-74.2524,40.7615],[-74.247,40.7591],[-74.2413,40.7645],[-74.2485,40.7681],[-74.2524,40.7615]]]}},{"type":"Feature","properties":{"geoid":"34013019000","clusterId":"new-york-west"},"geometry":{"type":"Polygon","coordinates":[[[-74.2831,40.7479],[-74.2731,40.7422],[-74.2676,40.7453],[-74.2659,40.7448],[-74.2597,40.7555],[-74.2561,40.7584],[-74.2678,40.7623],[-74.2768,40.7604],[-74.2831,40.7479]]]}},{"type":"Feature","properties":{"geoid":"34013019100","clusterId":"new-york-west"},"geometry":{"type":"Polygon","coordinates":[[[-74.2612,40.7511],[-74.2515,40.7462],[-74.2526,40.745],[-74.2415,40.7459],[-74.2445,40.7422],[-74.2406,40.7406],[-74.2347,40.7506],[-74.2561,40.7584],[-74.2599,40.7552],[-74.2612,40.7511]]]}},{"type":"Feature","properties":{"geoid":"34013019200","clusterId":"new-york-west"},"geometry":{"type":"Polygon","coordinates":[[[-74.2619,40.7359],[-74.2514,40.7375],[-74.2451,40.7405],[-74.2415,40.7459],[-74.2526,40.745],[-74.2515,40.7462],[-74.256,40.7479],[-74.258,40.7457],[-74.2562,40.7442],[-74.2619,40.7359]]]}},{"type":"Feature","properties":{"geoid":"34013019300","clusterId":"new-york-west"},"geometry":{"type":"Polygon","coordinates":[[[-74.2728,40.7425],[-74.2621,40.7357],[-74.2562,40.7442],[-74.258,40.7457],[-74.256,40.7479],[-74.2613,40.7508],[-74.2659,40.7448],[-74.2728,40.7425]]]}},{"type":"Feature","properties":{"geoid":"34013019400","clusterId":"new-york-west"},"geometry":{"type":"Polygon","coordinates":[[[-74.2931,40.7522],[-74.2889,40.7364],[-74.2862,40.739],[-74.2837,40.7393],[-74.2778,40.7366],[-74.2792,40.7346],[-74.2751,40.7313],[-74.267,40.7386],[-74.2831,40.7479],[-74.2768,40.7604],[-74.2909,40.7573],[-74.2931,40.7522]]]}},{"type":"Feature","properties":{"geoid":"34013019500","clusterId":"new-york-west"},"geometry":{"type":"Polygon","coordinates":[[[-74.2739,40.7266],[-74.2674,40.7257],[-74.2603,40.7225],[-74.2586,40.7259],[-74.261,40.7275],[-74.2578,40.7326],[-74.2571,40.7368],[-74.2624,40.7356],[-74.267,40.7386],[-74.2708,40.735],[-74.2739,40.7266]]]}},{"type":"Feature","properties":{"geoid":"34013019600","clusterId":"new-york-west"},"geometry":{"type":"Polygon","coordinates":[[[-74.261,40.7274],[-74.2586,40.7259],[-74.2603,40.7225],[-74.2496,40.7235],[-74.2431,40.732],[-74.2497,40.7348],[-74.252,40.7384],[-74.2571,40.7368],[-74.2578,40.7326],[-74.261,40.7274]]]}},{"type":"Feature","properties":{"geoid":"34013019700","clusterId":"new-york-west"},"geometry":{"type":"Polygon","coordinates":[[[-74.2724,40.7203],[-74.2719,40.7181],[-74.2558,40.7134],[-74.2527,40.7153],[-74.2496,40.7235],[-74.2724,40.7203]]]}},{"type":"Feature","properties":{"geoid":"34013019800","clusterId":"new-york-west"},"geometry":{"type":"Polygon","coordinates":[[[-74.2853,40.7227],[-74.2719,40.7181],[-74.2724,40.7203],[-74.2582,40.7223],[-74.2739,40.7265],[-74.2803,40.7225],[-74.2853,40.7227]]]}},{"type":"Feature","properties":{"geoid":"34013019900","clusterId":"new-york-west"},"geometry":{"type":"Polygon","coordinates":[[[-74.2889,40.7364],[-74.2853,40.7227],[-74.2823,40.722],[-74.2742,40.7262],[-74.2706,40.7349],[-74.2751,40.7313],[-74.2792,40.7346],[-74.2778,40.7366],[-74.2837,40.7393],[-74.2862,40.739],[-74.2889,40.7364]]]}},{"type":"Feature","properties":{"geoid":"34013020000","clusterId":"new-york-west"},"geometry":{"type":"Polygon","coordinates":[[[-74.3724,40.7407],[-74.3563,40.735],[-74.3387,40.7234],[-74.3315,40.7268],[-74.3204,40.7246],[-74.3084,40.7257],[-74.3118,40.7282],[-74.3154,40.736],[-74.3186,40.7358],[-74.3266,40.7396],[-74.3401,40.7508],[-74.344,40.7562],[-74.3494,40.7591],[-74.3675,40.761],[-74.3678,40.7581],[-74.3612,40.7557],[-74.3581,40.7561],[-74.3575,40.7546],[-74.3596,40.751],[-74.3676,40.7491],[-74.3648,40.746],[-74.3687,40.7428],[-74.3718,40.7439],[-74.3724,40.7407]]]}},{"type":"Feature","properties":{"geoid":"34013020100","clusterId":"new-york-west"},"geometry":{"type":"Polygon","coordinates":[[[-74.3494,40.7591],[-74.344,40.7562],[-74.3401,40.7508],[-74.3266,40.7396],[-74.3186,40.7358],[-74.3154,40.736],[-74.3118,40.7282],[-74.3084,40.7257],[-74.3014,40.7268],[-74.2889,40.7364],[-74.2931,40.7522],[-74.2922,40.7562],[-74.2902,40.7575],[-74.3494,40.7591]]]}},{"type":"Feature","properties":{"geoid":"34013020200","clusterId":"new-york-west"},"geometry":{"type":"Polygon","coordinates":[[[-74.3068,40.7197],[-74.2999,40.7141],[-74.2946,40.7175],[-74.2925,40.7209],[-74.2852,40.7222],[-74.2889,40.7364],[-74.3014,40.7268],[-74.3048,40.7268],[-74.3049,40.7204],[-74.3068,40.7197]]]}},{"type":"Feature","properties":{"geoid":"34013020300","clusterId":"new-york-west"},"geometry":{"type":"Polygon","coordinates":[[[-74.3386,40.7235],[-74.3256,40.7171],[-74.3206,40.7193],[-74.3163,40.7193],[-74.3093,40.7144],[-74.3035,40.7132],[-74.2999,40.7141],[-74.3068,40.7192],[-74.3049,40.7204],[-74.3053,40.7259],[-74.3154,40.7244],[-74.3315,40.7268],[-74.3386,40.7235]]]}},{"type":"Feature","properties":{"geoid":"34013020400","clusterId":"new-york-west"},"geometry":{"type":"Polygon","coordinates":[[[-74.3589,40.8007],[-74.3511,40.7972],[-74.3416,40.7959],[-74.3154,40.7959],[-74.3145,40.8049],[-74.3104,40.8122],[-74.3133,40.8132],[-74.3138,40.811],[-74.3168,40.8115],[-74.3173,40.8099],[-74.3221,40.8108],[-74.3222,40.8124],[-74.326,40.8123],[-74.3271,40.8155],[-74.3344,40.8182],[-74.3389,40.8128],[-74.3441,40.8137],[-74.3491,40.8126],[-74.3509,40.8069],[-74.3589,40.8007]]]}},{"type":"Feature","properties":{"geoid":"34013020500","clusterId":"new-york-west"},"geometry":{"type":"Polygon","coordinates":[[[-74.3159,40.8004],[-74.3136,40.79],[-74.3003,40.7815],[-74.2999,40.7786],[-74.2955,40.7828],[-74.2924,40.7837],[-74.2806,40.8067],[-74.2838,40.8081],[-74.2869,40.8069],[-74.2946,40.8104],[-74.2968,40.8105],[-74.2993,40.8081],[-74.3107,40.8119],[-74.3159,40.8004]]]}},{"type":"Feature","properties":{"geoid":"34013020600","clusterId":"new-york-west"},"geometry":{"type":"Polygon","coordinates":[[[-74.3267,40.7728],[-74.32,40.7626],[-74.3228,40.7592],[-74.3152,40.7572],[-74.3051,40.7577],[-74.2924,40.7837],[-74.3002,40.7786],[-74.3003,40.7815],[-74.3136,40.79],[-74.3136,40.7861],[-74.3171,40.7797],[-74.3267,40.7728]]]}},{"type":"Feature","properties":{"geoid":"34013020700","clusterId":"new-york-west"},"geometry":{"type":"Polygon","coordinates":[[[-74.3336,40.7857],[-74.3244,40.7742],[-74.3174,40.7794],[-74.3144,40.7839],[-74.3134,40.7884],[-74.3154,40.7959],[-74.3249,40.7952],[-74.3278,40.789],[-74.3336,40.7857]]]}},{"type":"Feature","properties":{"geoid":"34013020800","clusterId":"new-york-west"},"geometry":{"type":"Polygon","coordinates":[[[-74.3774,40.7614],[-74.3746,40.758],[-74.3671,40.7611],[-74.3236,40.7582],[-74.32,40.7626],[-74.3274,40.7724],[-74.3244,40.7742],[-74.3336,40.7857],[-74.3278,40.789],[-74.3249,40.7952],[-74.3498,40.7969],[-74.359,40.8007],[-74.364,40.7993],[-74.3671,40.7933],[-74.3668,40.7805],[-74.373,40.7756],[-74.3705,40.7745],[-74.3695,40.7714],[-74.372,40.7677],[-74.37,40.7668],[-74.3706,40.7642],[-74.3774,40.7614]]]}},{"type":"Feature","properties":{"geoid":"34013020901","clusterId":"new-york-west"},"geometry":{"type":"Polygon","coordinates":[[[-74.3002,40.8325],[-74.2904,40.825],[-74.2915,40.8239],[-74.2849,40.8192],[-74.285,40.8179],[-74.2802,40.8181],[-74.2764,40.8146],[-74.269,40.8268],[-74.2648,40.8251],[-74.2593,40.8348],[-74.2651,40.8353],[-74.2672,40.8324],[-74.2662,40.8313],[-74.2689,40.8297],[-74.2749,40.8325],[-74.2769,40.8312],[-74.2825,40.8352],[-74.2852,40.8336],[-74.2879,40.8344],[-74.3002,40.8325]]]}},{"type":"Feature","properties":{"geoid":"34013020902","clusterId":"new-york-west"},"geometry":{"type":"Polygon","coordinates":[[[-74.3349,40.8276],[-74.3322,40.8217],[-74.3344,40.8182],[-74.3271,40.8155],[-74.326,40.8123],[-74.3222,40.8124],[-74.3221,40.8108],[-74.3173,40.8099],[-74.3168,40.8115],[-74.3138,40.811],[-74.3133,40.8132],[-74.3108,40.8131],[-74.3097,40.8114],[-74.2993,40.8081],[-74.2968,40.8105],[-74.2946,40.8104],[-74.2869,40.8069],[-74.2838,40.8081],[-74.2806,40.8067],[-74.2764,40.8146],[-74.2802,40.8181],[-74.285,40.8179],[-74.2849,40.8192],[-74.2915,40.8239],[-74.2904,40.825],[-74.2987,40.8314],[-74.2997,40.8303],[-74.2984,40.8296],[-74.3016,40.8268],[-74.3121,40.8331],[-74.329,40.8385],[-74.329,40.8313],[-74.3349,40.8276]]]}},{"type":"Feature","properties":{"geoid":"34013021000","clusterId":"new-york-west"},"geometry":{"type":"Polygon","coordinates":[[[-74.2645,40.8255],[-74.2566,40.8247],[-74.2523,40.8342],[-74.2442,40.8311],[-74.2416,40.8384],[-74.2379,40.8401],[-74.2353,40.8451],[-74.2516,40.8496],[-74.2645,40.8255]]]}},{"type":"Feature","properties":{"geoid":"34013021100","clusterId":"new-york-west"},"geometry":{"type":"Polygon","coordinates":[[[-74.2442,40.8311],[-74.2348,40.8262],[-74.2279,40.8249],[-74.2288,40.8257],[-74.2202,40.8338],[-74.2271,40.8362],[-74.2274,40.8333],[-74.2368,40.836],[-74.2331,40.8439],[-74.2353,40.8451],[-74.2379,40.8401],[-74.2416,40.8384],[-74.2442,40.8311]]]}},{"type":"Feature","properties":{"geoid":"34013021200","clusterId":"new-york-west"},"geometry":{"type":"Polygon","coordinates":[[[-74.2565,40.8248],[-74.251,40.8244],[-74.2323,40.8143],[-74.2279,40.8249],[-74.2348,40.8262],[-74.2523,40.8342],[-74.2565,40.8248]]]}},{"type":"Feature","properties":{"geoid":"34013021300","clusterId":"new-york-west"},"geometry":{"type":"Polygon","coordinates":[[[-74.251,40.851],[-74.2516,40.8496],[-74.2364,40.8454],[-74.2349,40.8498],[-74.2306,40.8545],[-74.2267,40.856],[-74.2152,40.8664],[-74.2403,40.8804],[-74.2468,40.881],[-74.2499,40.8772],[-74.2415,40.8746],[-74.2431,40.8625],[-74.2486,40.8565],[-74.251,40.851]]]}},{"type":"Feature","properties":{"geoid":"34013021400","clusterId":"new-york-west"},"geometry":{"type":"Polygon","coordinates":[[[-74.2366,40.8363],[-74.2274,40.8333],[-74.2271,40.8362],[-74.2204,40.8342],[-74.2162,40.8394],[-74.2156,40.8438],[-74.2098,40.8521],[-74.2076,40.8528],[-74.2072,40.8588],[-74.2052,40.861],[-74.2152,40.8664],[-74.2267,40.856],[-74.2301,40.855],[-74.2353,40.8489],[-74.2363,40.8454],[-74.2331,40.8439],[-74.2366,40.8363]]]}},{"type":"Feature","properties":{"geoid":"34013021601","clusterId":"new-york-west"},"geometry":{"type":"Polygon","coordinates":[[[-74.3405,40.8808],[-74.3352,40.8774],[-74.3379,40.8755],[-74.3344,40.8732],[-74.3376,40.8722],[-74.336,40.8706],[-74.3382,40.8699],[-74.3366,40.8693],[-74.3369,40.8667],[-74.3328,40.8692],[-74.3321,40.8672],[-74.3249,40.8647],[-74.3212,40.8641],[-74.3193,40.8661],[-74.3175,40.8652],[-74.3176,40.8635],[-74.3209,40.862],[-74.3192,40.8583],[-74.324,40.8583],[-74.326,40.8567],[-74.3252,40.8541],[-74.3304,40.8487],[-74.329,40.8457],[-74.2932,40.8698],[-74.2774,40.8615],[-74.2701,40.8598],[-74.2736,40.8715],[-74.2705,40.8748],[-74.2548,40.8831],[-74.2583,40.8831],[-74.2643,40.8869],[-74.2663,40.894],[-74.2702,40.8968],[-74.28,40.898],[-74.2845,40.8949],[-74.2839,40.898],[-74.2873,40.8985],[-74.2818,40.9008],[-74.291,40.8996],[-74.2925,40.901],[-74.2914,40.902],[-74.2924,40.9058],[-74.303,40.9043],[-74.3032,40.9072],[-74.3054,40.9054],[-74.3121,40.9055],[-74.3185,40.9032],[-74.3188,40.9079],[-74.3229,40.9067],[-74.3234,40.909],[-74.3278,40.9077],[-74.3255,40.9076],[-74.325,40.9059],[-74.3279,40.9053],[-74.3303,40.9087],[-74.3309,40.9067],[-74.3343,40.9055],[-74.3376,40.8986],[-74.334,40.8967],[-74.339,40.8948],[-74.3357,40.8931],[-74.3393,40.8914],[-74.3399,40.8889],[-74.3382,40.8871],[-74.3405,40.8808]]]}},{"type":"Feature","properties":{"geoid":"34013021602","clusterId":"new-york-west"},"geometry":{"type":"Polygon","coordinates":[[[-74.2736,40.8715],[-74.2685,40.8527],[-74.26,40.8465],[-74.2621,40.8424],[-74.2659,40.8404],[-74.2631,40.8388],[-74.2636,40.8352],[-74.2598,40.8349],[-74.2484,40.8548],[-74.2486,40.8565],[-74.2431,40.8625],[-74.2415,40.8746],[-74.2499,40.8772],[-74.2468,40.881],[-74.2532,40.8816],[-74.2548,40.8831],[-74.2705,40.8748],[-74.2736,40.8715]]]}},{"type":"Feature","properties":{"geoid":"34013021701","clusterId":"new-york-west"},"geometry":{"type":"Polygon","coordinates":[[[-74.2863,40.8456],[-74.271,40.836],[-74.2632,40.8358],[-74.2631,40.8388],[-74.2678,40.8423],[-74.2746,40.8447],[-74.2735,40.8469],[-74.2754,40.8479],[-74.2768,40.8463],[-74.2802,40.8482],[-74.2863,40.8456]]]}},{"type":"Feature","properties":{"geoid":"34013021702","clusterId":"new-york-west"},"geometry":{"type":"Polygon","coordinates":[[[-74.2933,40.8343],[-74.2893,40.8354],[-74.2878,40.8335],[-74.2852,40.8336],[-74.2825,40.8352],[-74.2769,40.8312],[-74.2749,40.8325],[-74.2689,40.8297],[-74.2662,40.8313],[-74.2672,40.8324],[-74.2651,40.8353],[-74.2711,40.836],[-74.2836,40.8449],[-74.2871,40.8457],[-74.2906,40.8418],[-74.2878,40.8405],[-74.2883,40.8387],[-74.2913,40.8387],[-74.2933,40.8343]]]}},{"type":"Feature","properties":{"geoid":"34013021801","clusterId":"new-york-west"},"geometry":{"type":"Polygon","coordinates":[[[-74.3295,40.8415],[-74.329,40.8385],[-74.3121,40.8331],[-74.3016,40.8268],[-74.2984,40.8296],[-74.2997,40.8303],[-74.2995,40.8331],[-74.2879,40.8344],[-74.2893,40.8354],[-74.2935,40.834],[-74.2913,40.8387],[-74.2883,40.8387],[-74.2878,40.8405],[-74.2906,40.8418],[-74.2932,40.8388],[-74.3017,40.8412],[-74.3036,40.8395],[-74.3244,40.8488],[-74.329,40.8457],[-74.3256,40.8432],[-74.3295,40.8415]]]}},{"type":"Feature","properties":{"geoid":"34013021802","clusterId":"new-york-west"},"geometry":{"type":"Polygon","coordinates":[[[-74.3244,40.8488],[-74.3036,40.8395],[-74.3017,40.8412],[-74.2932,40.8388],[-74.2911,40.8413],[-74.294,40.843],[-74.2893,40.8465],[-74.2908,40.8479],[-74.2881,40.85],[-74.2852,40.848],[-74.2806,40.8532],[-74.2767,40.852],[-74.2738,40.8571],[-74.2787,40.8594],[-74.2772,40.8615],[-74.284,40.866],[-74.2932,40.8698],[-74.3244,40.8488]]]}},{"type":"Feature","properties":{"geoid":"34013021803","clusterId":"new-york-west"},"geometry":{"type":"Polygon","coordinates":[[[-74.293,40.8439],[-74.294,40.843],[-74.2911,40.8413],[-74.2852,40.847],[-74.2802,40.8482],[-74.2768,40.8463],[-74.2754,40.8479],[-74.2735,40.8469],[-74.2746,40.8447],[-74.2659,40.8404],[-74.2621,40.8424],[-74.26,40.8465],[-74.2685,40.8527],[-74.2701,40.8598],[-74.2772,40.8615],[-74.2787,40.8594],[-74.2738,40.8571],[-74.2767,40.852],[-74.2806,40.8532],[-74.2852,40.848],[-74.2881,40.85],[-74.2908,40.8479],[-74.2893,40.8465],[-74.293,40.8439]]]}},{"type":"Feature","properties":{"geoid":"34013022700","clusterId":"new-york-west"},"geometry":{"type":"Polygon","coordinates":[[[-74.1919,40.7195],[-74.1927,40.7174],[-74.1908,40.7169],[-74.1897,40.7189],[-74.188,40.7183],[-74.186,40.7216],[-74.1805,40.7244],[-74.1914,40.727],[-74.1927,40.7239],[-74.1871,40.7233],[-74.1907,40.7224],[-74.1919,40.7195]]]}},{"type":"Feature","properties":{"geoid":"34013022800","clusterId":"new-york-west"},"geometry":{"type":"Polygon","coordinates":[[[-74.1888,40.7334],[-74.1893,40.7321],[-74.182,40.7304],[-74.1797,40.7364],[-74.1883,40.7347],[-74.1888,40.7334]]]}},{"type":"Feature","properties":{"geoid":"34013022900","clusterId":"new-york-west"},"geometry":{"type":"Polygon","coordinates":[[[-74.1846,40.7509],[-74.1741,40.747],[-74.1773,40.7407],[-74.1703,40.7387],[-74.1689,40.7414],[-74.1676,40.7395],[-74.1638,40.7392],[-74.166,40.7452],[-74.1655,40.751],[-74.1701,40.7497],[-74.1707,40.751],[-74.1777,40.7512],[-74.1793,40.7497],[-74.1846,40.7509]]]}},{"type":"Feature","properties":{"geoid":"34013023000","clusterId":"new-york-west"},"geometry":{"type":"Polygon","coordinates":[[[-74.1984,40.7385],[-74.199,40.7369],[-74.1953,40.7361],[-74.1963,40.7331],[-74.1887,40.7346],[-74.1905,40.735],[-74.1896,40.7386],[-74.198,40.7396],[-74.1984,40.7385]]]}},{"type":"Feature","properties":{"geoid":"34013023100","clusterId":"new-york-west"},"geometry":{"type":"Polygon","coordinates":[[[-74.2102,40.7332],[-74.2109,40.7316],[-74.2082,40.7308],[-74.2038,40.7316],[-74.2011,40.7391],[-74.2047,40.7399],[-74.2069,40.7367],[-74.2087,40.737],[-74.2102,40.7332]]]}},{"type":"Feature","properties":{"geoid":"34013023200","clusterId":"new-york-west"},"geometry":{"type":"Polygon","coordinates":[[[-74.1994,40.7233],[-74.2002,40.7215],[-74.1936,40.7216],[-74.1967,40.7141],[-74.1943,40.7124],[-74.1921,40.715],[-74.1916,40.7171],[-74.1927,40.7174],[-74.1907,40.7224],[-74.1871,40.7233],[-74.1986,40.7252],[-74.1994,40.7233]]]}},{"type":"Feature","properties":{"geoid":"34013980100","clusterId":"new-york-west"},"geometry":{"type":"Polygon","coordinates":[[[-74.1841,40.7135],[-74.182,40.71],[-74.1711,40.7109],[-74.16,40.7097],[-74.1517,40.7169],[-74.1554,40.7181],[-74.1841,40.7135]]]}},{"type":"Feature","properties":{"geoid":"34017000101","clusterId":"new-york-west"},"geometry":{"type":"Polygon","coordinates":[[[-74.0579,40.7542],[-74.0548,40.7529],[-74.0489,40.7584],[-74.0521,40.7609],[-74.0579,40.7542]]]}},{"type":"Feature","properties":{"geoid":"34017000102","clusterId":"new-york-west"},"geometry":{"type":"Polygon","coordinates":[[[-74.0548,40.7529],[-74.0471,40.7537],[-74.0458,40.7574],[-74.0489,40.7584],[-74.0548,40.7529]]]}},{"type":"Feature","properties":{"geoid":"34017000200","clusterId":"new-york-west"},"geometry":{"type":"Polygon","coordinates":[[[-74.0513,40.7531],[-74.0504,40.7512],[-74.0468,40.7498],[-74.0432,40.7549],[-74.0437,40.7566],[-74.0458,40.7574],[-74.0471,40.7537],[-74.0513,40.7531]]]}},{"type":"Feature","properties":{"geoid":"34017000300","clusterId":"new-york-west"},"geometry":{"type":"Polygon","coordinates":[[[-74.0468,40.7498],[-74.0413,40.7472],[-74.0378,40.7503],[-74.0424,40.7524],[-74.0432,40.7549],[-74.0468,40.7498]]]}},{"type":"Feature","properties":{"geoid":"34017000400","clusterId":"new-york-west"},"geometry":{"type":"Polygon","coordinates":[[[-74.0639,40.748],[-74.0578,40.7453],[-74.0531,40.7522],[-74.0579,40.7542],[-74.0639,40.748]]]}},{"type":"Feature","properties":{"geoid":"34017000500","clusterId":"new-york-west"},"geometry":{"type":"Polygon","coordinates":[[[-74.0549,40.7498],[-74.0513,40.7475],[-74.0504,40.7489],[-74.048,40.7479],[-74.0468,40.7498],[-74.0522,40.7527],[-74.0549,40.7498]]]}},{"type":"Feature","properties":{"geoid":"34017000600","clusterId":"new-york-west"},"geometry":{"type":"Polygon","coordinates":[[[-74.0576,40.7457],[-74.0516,40.7428],[-74.048,40.7479],[-74.0553,40.749],[-74.0576,40.7457]]]}},{"type":"Feature","properties":{"geoid":"34017000700","clusterId":"new-york-west"},"geometry":{"type":"Polygon","coordinates":[[[-74.0508,40.7438],[-74.0494,40.7425],[-74.0477,40.7451],[-74.0452,40.7442],[-74.0429,40.7478],[-74.0471,40.7493],[-74.0508,40.7438]]]}},{"type":"Feature","properties":{"geoid":"34017000800","clusterId":"new-york-west"},"geometry":{"type":"Polygon","coordinates":[[[-74.0494,40.7425],[-74.0444,40.7409],[-74.0452,40.7396],[-74.0436,40.7401],[-74.0387,40.7484],[-74.0429,40.7478],[-74.0452,40.7442],[-74.0477,40.7451],[-74.0494,40.7425]]]}},{"type":"Feature","properties":{"geoid":"34017000902","clusterId":"new-york-west"},"geometry":{"type":"Polygon","coordinates":[[[-74.0665,40.7363],[-74.0593,40.7349],[-74.0582,40.7388],[-74.0604,40.7394],[-74.0605,40.7447],[-74.0639,40.7478],[-74.0636,40.7413],[-74.0665,40.7363]]]}},{"type":"Feature","properties":{"geoid":"34017001000","clusterId":"new-york-west"},"geometry":{"type":"Polygon","coordinates":[[[-74.0622,40.7458],[-74.0571,40.7425],[-74.0557,40.7444],[-74.0618,40.747],[-74.0622,40.7458]]]}},{"type":"Feature","properties":{"geoid":"34017001100","clusterId":"new-york-west"},"geometry":{"type":"Polygon","coordinates":[[[-74.061,40.744],[-74.0597,40.7427],[-74.0604,40.7394],[-74.0532,40.7371],[-74.0511,40.7369],[-74.0477,40.7418],[-74.0557,40.7445],[-74.0571,40.7425],[-74.061,40.744]]]}},{"type":"Feature","properties":{"geoid":"34017001201","clusterId":"new-york-west"},"geometry":{"type":"Polygon","coordinates":[[[-74.0588,40.7371],[-74.0557,40.7343],[-74.0532,40.7371],[-74.0576,40.7393],[-74.0588,40.7371]]]}},{"type":"Feature","properties":{"geoid":"34017001202","clusterId":"new-york-west"},"geometry":{"type":"Polygon","coordinates":[[[-74.0591,40.7354],[-74.054,40.7274],[-74.0516,40.7311],[-74.0588,40.737],[-74.0591,40.7354]]]}},{"type":"Feature","properties":{"geoid":"34017001300","clusterId":"new-york-west"},"geometry":{"type":"Polygon","coordinates":[[[-74.0511,40.737],[-74.0485,40.7346],[-74.0427,40.7366],[-74.0437,40.7403],[-74.0452,40.7396],[-74.0444,40.7409],[-74.0477,40.7418],[-74.0511,40.737]]]}},{"type":"Feature","properties":{"geoid":"34017001400","clusterId":"new-york-west"},"geometry":{"type":"Polygon","coordinates":[[[-74.0556,40.7344],[-74.052,40.7312],[-74.0485,40.7346],[-74.0527,40.7377],[-74.0556,40.7344]]]}},{"type":"Feature","properties":{"geoid":"34017001701","clusterId":"new-york-west"},"geometry":{"type":"Polygon","coordinates":[[[-74.0893,40.7384],[-74.0726,40.7324],[-74.0714,40.7372],[-74.0667,40.7358],[-74.065,40.7393],[-74.0757,40.7382],[-74.0831,40.7401],[-74.0893,40.7384]]]}},{"type":"Feature","properties":{"geoid":"34017001800","clusterId":"new-york-west"},"geometry":{"type":"Polygon","coordinates":[[[-74.0727,40.7348],[-74.0726,40.7324],[-74.0688,40.7316],[-74.0667,40.7358],[-74.0714,40.7372],[-74.0727,40.7348]]]}},{"type":"Feature","properties":{"geoid":"34017001900","clusterId":"new-york-west"},"geometry":{"type":"Polygon","coordinates":[[[-74.0667,40.7358],[-74.0635,40.7327],[-74.0643,40.7308],[-74.0613,40.7304],[-74.058,40.7333],[-74.0593,40.7349],[-74.0667,40.7358]]]}},{"type":"Feature","properties":{"geoid":"34017002001","clusterId":"new-york-west"},"geometry":{"type":"Polygon","coordinates":[[[-74.0685,40.732],[-74.0643,40.7308],[-74.0635,40.7327],[-74.0669,40.7354],[-74.0685,40.732]]]}},{"type":"Feature","properties":{"geoid":"34017002002","clusterId":"new-york-west"},"geometry":{"type":"Polygon","coordinates":[[[-74.0695,40.7292],[-74.0639,40.7266],[-74.0613,40.7304],[-74.0678,40.7314],[-74.0695,40.7292]]]}},{"type":"Feature","properties":{"geoid":"34017002200","clusterId":"new-york-west"},"geometry":{"type":"Polygon","coordinates":[[[-74.0531,40.7269],[-74.0507,40.7244],[-74.0514,40.7219],[-74.0498,40.7216],[-74.0484,40.7279],[-74.0531,40.7269]]]}},{"type":"Feature","properties":{"geoid":"34017002300","clusterId":"new-york-west"},"geometry":{"type":"Polygon","coordinates":[[[-74.0494,40.7222],[-74.0467,40.7207],[-74.0462,40.7216],[-74.0469,40.7271],[-74.0486,40.7272],[-74.0494,40.7222]]]}},{"type":"Feature","properties":{"geoid":"34017002400","clusterId":"new-york-west"},"geometry":{"type":"Polygon","coordinates":[[[-74.0472,40.7249],[-74.0439,40.7239],[-74.0432,40.7289],[-74.0466,40.7292],[-74.0472,40.7249]]]}},{"type":"Feature","properties":{"geoid":"34017002700","clusterId":"new-york-west"},"geometry":{"type":"Polygon","coordinates":[[[-74.094,40.7351],[-74.0808,40.7285],[-74.0819,40.7269],[-74.0782,40.7245],[-74.0739,40.7304],[-74.0719,40.7296],[-74.0707,40.732],[-74.0812,40.7345],[-74.0893,40.7384],[-74.094,40.7351]]]}},{"type":"Feature","properties":{"geoid":"34017002800","clusterId":"new-york-west"},"geometry":{"type":"Polygon","coordinates":[[[-74.0772,40.7258],[-74.0709,40.7229],[-74.0693,40.7247],[-74.0722,40.7259],[-74.0698,40.7288],[-74.0739,40.7304],[-74.0772,40.7258]]]}},{"type":"Feature","properties":{"geoid":"34017002900","clusterId":"new-york-west"},"geometry":{"type":"Polygon","coordinates":[[[-74.0718,40.7261],[-74.0681,40.7253],[-74.0669,40.7285],[-74.0695,40.7292],[-74.0678,40.7314],[-74.0707,40.732],[-74.0719,40.7296],[-74.0698,40.7288],[-74.0718,40.7261]]]}},{"type":"Feature","properties":{"geoid":"34017003000","clusterId":"new-york-west"},"geometry":{"type":"Polygon","coordinates":[[[-74.0709,40.7229],[-74.0667,40.7202],[-74.0639,40.7266],[-74.0669,40.7285],[-74.0709,40.7229]]]}},{"type":"Feature","properties":{"geoid":"34017003101","clusterId":"new-york-west"},"geometry":{"type":"Polygon","coordinates":[[[-74.0659,40.7198],[-74.0617,40.723],[-74.0642,40.7238],[-74.0659,40.7198]]]}},{"type":"Feature","properties":{"geoid":"34017003102","clusterId":"new-york-west"},"geometry":{"type":"Polygon","coordinates":[[[-74.0675,40.7186],[-74.0672,40.7163],[-74.0642,40.7238],[-74.0606,40.724],[-74.0636,40.7277],[-74.0675,40.7186]]]}},{"type":"Feature","properties":{"geoid":"34017003500","clusterId":"new-york-west"},"geometry":{"type":"Polygon","coordinates":[[[-74.0508,40.7196],[-74.0481,40.718],[-74.0467,40.7207],[-74.0498,40.7216],[-74.0508,40.7196]]]}},{"type":"Feature","properties":{"geoid":"34017004000","clusterId":"new-york-west"},"geometry":{"type":"Polygon","coordinates":[[[-74.0986,40.7272],[-74.0991,40.7261],[-74.0908,40.7226],[-74.0918,40.721],[-74.0847,40.7173],[-74.0782,40.7245],[-74.0819,40.7269],[-74.0808,40.7285],[-74.0947,40.7345],[-74.0986,40.7272]]]}},{"type":"Feature","properties":{"geoid":"34017004102","clusterId":"new-york-west"},"geometry":{"type":"Polygon","coordinates":[[[-74.0753,40.7185],[-74.071,40.7166],[-74.0667,40.7202],[-74.0709,40.7229],[-74.0753,40.7185]]]}},{"type":"Feature","properties":{"geoid":"34017004103","clusterId":"new-york-west"},"geometry":{"type":"Polygon","coordinates":[[[-74.0807,40.7217],[-74.0814,40.7209],[-74.0754,40.7184],[-74.0734,40.7203],[-74.0795,40.7231],[-74.0807,40.7217]]]}},{"type":"Feature","properties":{"geoid":"34017004104","clusterId":"new-york-west"},"geometry":{"type":"Polygon","coordinates":[[[-74.0789,40.7237],[-74.0734,40.7203],[-74.0709,40.7229],[-74.0773,40.7257],[-74.0789,40.7237]]]}},{"type":"Feature","properties":{"geoid":"34017004200","clusterId":"new-york-west"},"geometry":{"type":"Polygon","coordinates":[[[-74.0842,40.7179],[-74.0799,40.715],[-74.0778,40.7168],[-74.0757,40.7157],[-74.0741,40.7179],[-74.0814,40.7209],[-74.0842,40.7179]]]}},{"type":"Feature","properties":{"geoid":"34017004300","clusterId":"new-york-west"},"geometry":{"type":"Polygon","coordinates":[[[-74.0757,40.7157],[-74.073,40.7143],[-74.0672,40.7149],[-74.0675,40.7186],[-74.0692,40.7193],[-74.071,40.7166],[-74.0741,40.7179],[-74.0757,40.7157]]]}},{"type":"Feature","properties":{"geoid":"34017004400","clusterId":"new-york-west"},"geometry":{"type":"Polygon","coordinates":[[[-74.0801,40.7147],[-74.0751,40.7119],[-74.073,40.7143],[-74.0778,40.7168],[-74.0801,40.7147]]]}},{"type":"Feature","properties":{"geoid":"34017004500","clusterId":"new-york-west"},"geometry":{"type":"Polygon","coordinates":[[[-74.0769,40.7086],[-74.0733,40.7066],[-74.0671,40.7148],[-74.073,40.7143],[-74.0769,40.7086]]]}},{"type":"Feature","properties":{"geoid":"34017004600","clusterId":"new-york-west"},"geometry":{"type":"Polygon","coordinates":[[[-74.0735,40.7062],[-74.0718,40.7049],[-74.0602,40.7132],[-74.0615,40.7142],[-74.0646,40.713],[-74.0671,40.7148],[-74.0735,40.7062]]]}},{"type":"Feature","properties":{"geoid":"34017004700","clusterId":"new-york-west"},"geometry":{"type":"Polygon","coordinates":[[[-74.0724,40.7025],[-74.0688,40.701],[-74.0555,40.7098],[-74.0542,40.7127],[-74.0559,40.7163],[-74.0718,40.7049],[-74.0701,40.7035],[-74.0724,40.7025]]]}},{"type":"Feature","properties":{"geoid":"34017004800","clusterId":"new-york-west"},"geometry":{"type":"Polygon","coordinates":[[[-74.1038,40.7187],[-74.1056,40.7175],[-74.0923,40.7119],[-74.0847,40.7173],[-74.0918,40.721],[-74.0908,40.7226],[-74.0991,40.7261],[-74.1038,40.7187]]]}},{"type":"Feature","properties":{"geoid":"34017004900","clusterId":"new-york-west"},"geometry":{"type":"Polygon","coordinates":[[[-74.09,40.7132],[-74.0856,40.7099],[-74.0799,40.715],[-74.0846,40.7175],[-74.09,40.7132]]]}},{"type":"Feature","properties":{"geoid":"34017005200","clusterId":"new-york-west"},"geometry":{"type":"Polygon","coordinates":[[[-74.0926,40.7117],[-74.0847,40.7061],[-74.0833,40.7072],[-74.0795,40.7046],[-74.0781,40.7065],[-74.0844,40.7113],[-74.0856,40.7099],[-74.0903,40.7131],[-74.0926,40.7117]]]}},{"type":"Feature","properties":{"geoid":"34017005300","clusterId":"new-york-west"},"geometry":{"type":"Polygon","coordinates":[[[-74.08,40.7041],[-74.0766,40.7005],[-74.0701,40.7035],[-74.0733,40.7066],[-74.0773,40.7079],[-74.08,40.7041]]]}},{"type":"Feature","properties":{"geoid":"34017005400","clusterId":"new-york-west"},"geometry":{"type":"Polygon","coordinates":[[[-74.1169,40.7105],[-74.1128,40.7031],[-74.1146,40.7011],[-74.1065,40.6972],[-74.0998,40.7063],[-74.0983,40.7046],[-74.0947,40.7098],[-74.0866,40.7045],[-74.0847,40.7061],[-74.0962,40.7145],[-74.0971,40.7136],[-74.1056,40.7175],[-74.1169,40.7105]]]}},{"type":"Feature","properties":{"geoid":"34017005500","clusterId":"new-york-west"},"geometry":{"type":"Polygon","coordinates":[[[-74.0873,40.7039],[-74.0866,40.7024],[-74.0853,40.7036],[-74.0823,40.7017],[-74.0795,40.7046],[-74.0833,40.7072],[-74.0873,40.7039]]]}},{"type":"Feature","properties":{"geoid":"34017005600","clusterId":"new-york-west"},"geometry":{"type":"Polygon","coordinates":[[[-74.0958,40.7088],[-74.0892,40.7022],[-74.0866,40.7045],[-74.0947,40.7098],[-74.0958,40.7088]]]}},{"type":"Feature","properties":{"geoid":"34017005801","clusterId":"new-york-west"},"geometry":{"type":"Polygon","coordinates":[[[-74.0886,40.7027],[-74.0837,40.6975],[-74.0854,40.6962],[-74.0839,40.695],[-74.0766,40.7005],[-74.0806,40.7035],[-74.0823,40.7017],[-74.0853,40.7036],[-74.0886,40.7027]]]}},{"type":"Feature","properties":{"geoid":"34017005802","clusterId":"new-york-west"},"geometry":{"type":"Polygon","coordinates":[[[-74.0986,40.6823],[-74.0981,40.6807],[-74.0658,40.6669],[-74.0496,40.6616],[-74.0358,40.6846],[-74.0528,40.6908],[-74.0725,40.7024],[-74.0839,40.695],[-74.0986,40.6823]]]}},{"type":"Feature","properties":{"geoid":"34017005901","clusterId":"new-york-west"},"geometry":{"type":"Polygon","coordinates":[[[-74.1019,40.7024],[-74.0973,40.6974],[-74.0944,40.7001],[-74.0998,40.7063],[-74.1019,40.7024]]]}},{"type":"Feature","properties":{"geoid":"34017005902","clusterId":"new-york-west"},"geometry":{"type":"Polygon","coordinates":[[[-74.098,40.7059],[-74.0944,40.7001],[-74.0892,40.7022],[-74.0964,40.7082],[-74.098,40.7059]]]}},{"type":"Feature","properties":{"geoid":"34017006000","clusterId":"new-york-west"},"geometry":{"type":"Polygon","coordinates":[[[-74.0937,40.7007],[-74.0914,40.6951],[-74.0874,40.6977],[-74.0854,40.6962],[-74.0837,40.6975],[-74.0892,40.7022],[-74.0937,40.7007]]]}},{"type":"Feature","properties":{"geoid":"34017006101","clusterId":"new-york-west"},"geometry":{"type":"Polygon","coordinates":[[[-74.1065,40.6972],[-74.1015,40.6932],[-74.0973,40.6974],[-74.1019,40.7024],[-74.1065,40.6972]]]}},{"type":"Feature","properties":{"geoid":"34017006102","clusterId":"new-york-west"},"geometry":{"type":"Polygon","coordinates":[[[-74.102,40.6906],[-74.0998,40.6858],[-74.0938,40.6908],[-74.0984,40.6963],[-74.102,40.6906]]]}},{"type":"Feature","properties":{"geoid":"34017006200","clusterId":"new-york-west"},"geometry":{"type":"Polygon","coordinates":[[[-74.0978,40.6968],[-74.095,40.6921],[-74.0914,40.6951],[-74.0944,40.7001],[-74.0978,40.6968]]]}},{"type":"Feature","properties":{"geoid":"34017006300","clusterId":"new-york-west"},"geometry":{"type":"Polygon","coordinates":[[[-74.0998,40.6858],[-74.0987,40.6822],[-74.0839,40.695],[-74.0874,40.6977],[-74.095,40.6921],[-74.0938,40.6908],[-74.0998,40.6858]]]}},{"type":"Feature","properties":{"geoid":"34017006400","clusterId":"new-york-west"},"geometry":{"type":"Polygon","coordinates":[[[-74.0512,40.719],[-74.0427,40.7158],[-74.0413,40.719],[-74.0467,40.7207],[-74.0481,40.718],[-74.0512,40.719]]]}},{"type":"Feature","properties":{"geoid":"34017006500","clusterId":"new-york-west"},"geometry":{"type":"Polygon","coordinates":[[[-74.0561,40.7176],[-74.0456,40.7162],[-74.0516,40.7182],[-74.0498,40.7216],[-74.0514,40.7219],[-74.0507,40.7244],[-74.0532,40.7266],[-74.0561,40.7176]]]}},{"type":"Feature","properties":{"geoid":"34017006600","clusterId":"new-york-west"},"geometry":{"type":"Polygon","coordinates":[[[-74.062,40.7266],[-74.0606,40.7241],[-74.0617,40.723],[-74.0552,40.721],[-74.0543,40.7234],[-74.0595,40.7295],[-74.062,40.7266]]]}},{"type":"Feature","properties":{"geoid":"34017006700","clusterId":"new-york-west"},"geometry":{"type":"Polygon","coordinates":[[[-74.0672,40.7163],[-74.0646,40.713],[-74.0615,40.7142],[-74.0602,40.7132],[-74.0559,40.7163],[-74.0552,40.721],[-74.0617,40.723],[-74.0672,40.7163]]]}},{"type":"Feature","properties":{"geoid":"34017006800","clusterId":"new-york-west"},"geometry":{"type":"Polygon","coordinates":[[[-74.0834,40.7107],[-74.0781,40.7065],[-74.0751,40.7119],[-74.0802,40.7146],[-74.0834,40.7107]]]}},{"type":"Feature","properties":{"geoid":"34017007001","clusterId":"new-york-west"},"geometry":{"type":"Polygon","coordinates":[[[-74.0458,40.7227],[-74.0409,40.7222],[-74.0405,40.7251],[-74.0436,40.7261],[-74.0458,40.7227]]]}},{"type":"Feature","properties":{"geoid":"34017007002","clusterId":"new-york-west"},"geometry":{"type":"Polygon","coordinates":[[[-74.0464,40.7212],[-74.0413,40.719],[-74.0409,40.7222],[-74.0458,40.7226],[-74.0464,40.7212]]]}},{"type":"Feature","properties":{"geoid":"34017007100","clusterId":"new-york-west"},"geometry":{"type":"Polygon","coordinates":[[[-74.0632,40.7281],[-74.062,40.7266],[-74.0595,40.7295],[-74.0543,40.7234],[-74.0532,40.7266],[-74.058,40.7333],[-74.0632,40.7281]]]}},{"type":"Feature","properties":{"geoid":"34017007200","clusterId":"new-york-west"},"geometry":{"type":"Polygon","coordinates":[[[-74.0539,40.7276],[-74.0469,40.7271],[-74.0466,40.7292],[-74.0432,40.7289],[-74.0436,40.7261],[-74.042,40.7259],[-74.0415,40.7294],[-74.0516,40.7311],[-74.0539,40.7276]]]}},{"type":"Feature","properties":{"geoid":"34017007300","clusterId":"new-york-west"},"geometry":{"type":"Polygon","coordinates":[[[-74.0561,40.7173],[-74.0542,40.7101],[-74.0521,40.7099],[-74.0516,40.712],[-74.0387,40.7102],[-74.0415,40.7111],[-74.0427,40.7158],[-74.0561,40.7173]]]}},{"type":"Feature","properties":{"geoid":"34017007400","clusterId":"new-york-west"},"geometry":{"type":"Polygon","coordinates":[[[-74.0417,40.7125],[-74.0415,40.7111],[-74.025,40.7095],[-74.024,40.7158],[-74.0356,40.7173],[-74.0364,40.7129],[-74.0415,40.7135],[-74.0417,40.7125]]]}},{"type":"Feature","properties":{"geoid":"34017007500","clusterId":"new-york-west"},"geometry":{"type":"Polygon","coordinates":[[[-74.0429,40.7145],[-74.0364,40.7129],[-74.0356,40.7173],[-74.0413,40.719],[-74.0429,40.7145]]]}},{"type":"Feature","properties":{"geoid":"34017007601","clusterId":"new-york-west"},"geometry":{"type":"Polygon","coordinates":[[[-74.0412,40.7198],[-74.0372,40.7177],[-74.0357,40.7245],[-74.0405,40.7251],[-74.0412,40.7198]]]}},{"type":"Feature","properties":{"geoid":"34017007602","clusterId":"new-york-west"},"geometry":{"type":"Polygon","coordinates":[[[-74.0372,40.7177],[-74.024,40.7158],[-74.0223,40.7236],[-74.0359,40.7243],[-74.0372,40.7177]]]}},{"type":"Feature","properties":{"geoid":"34017007701","clusterId":"new-york-west"},"geometry":{"type":"Polygon","coordinates":[[[-74.0403,40.7258],[-74.0223,40.7236],[-74.0214,40.7275],[-74.0397,40.73],[-74.0403,40.7258]]]}},{"type":"Feature","properties":{"geoid":"34017007702","clusterId":"new-york-west"},"geometry":{"type":"Polygon","coordinates":[[[-74.0396,40.7308],[-74.0346,40.7294],[-74.034,40.7327],[-74.039,40.7342],[-74.0396,40.7308]]]}},{"type":"Feature","properties":{"geoid":"34017007703","clusterId":"new-york-west"},"geometry":{"type":"Polygon","coordinates":[[[-74.0438,40.7361],[-74.044,40.735],[-74.0342,40.7331],[-74.0346,40.7292],[-74.0214,40.7275],[-74.0206,40.7304],[-74.0386,40.7363],[-74.0438,40.7361]]]}},{"type":"Feature","properties":{"geoid":"34017007800","clusterId":"new-york-west"},"geometry":{"type":"Polygon","coordinates":[[[-74.0519,40.7313],[-74.0415,40.7294],[-74.0421,40.7252],[-74.0405,40.7251],[-74.039,40.7342],[-74.0444,40.736],[-74.0483,40.7351],[-74.0519,40.7313]]]}},{"type":"Feature","properties":{"geoid":"34017010100","clusterId":"new-york-west"},"geometry":{"type":"Polygon","coordinates":[[[-74.1229,40.6912],[-74.1057,40.6827],[-74.101,40.6882],[-74.1029,40.6954],[-74.1146,40.7011],[-74.1229,40.6912]]]}},{"type":"Feature","properties":{"geoid":"34017010200","clusterId":"new-york-west"},"geometry":{"type":"Polygon","coordinates":[[[-74.1095,40.6782],[-74.1074,40.6768],[-74.1008,40.6846],[-74.0998,40.6858],[-74.101,40.6882],[-74.1095,40.6782]]]}},{"type":"Feature","properties":{"geoid":"34017010300","clusterId":"new-york-west"},"geometry":{"type":"Polygon","coordinates":[[[-74.1069,40.6774],[-74.1044,40.6753],[-74.1019,40.6784],[-74.0513,40.6589],[-74.0496,40.6616],[-74.0658,40.6669],[-74.0981,40.6807],[-74.0998,40.6858],[-74.1069,40.6774]]]}},{"type":"Feature","properties":{"geoid":"34017010400","clusterId":"new-york-west"},"geometry":{"type":"Polygon","coordinates":[[[-74.1146,40.6722],[-74.1154,40.6712],[-74.1131,40.6701],[-74.1114,40.6721],[-74.1078,40.6691],[-74.0937,40.6674],[-74.0532,40.6557],[-74.0513,40.6589],[-74.1019,40.6784],[-74.1044,40.6753],[-74.1097,40.6779],[-74.1146,40.6722]]]}},{"type":"Feature","properties":{"geoid":"34017010500","clusterId":"new-york-west"},"geometry":{"type":"Polygon","coordinates":[[[-74.1314,40.6809],[-74.1146,40.6722],[-74.1057,40.6827],[-74.1229,40.6912],[-74.1314,40.6809]]]}},{"type":"Feature","properties":{"geoid":"34017010601","clusterId":"new-york-west"},"geometry":{"type":"Polygon","coordinates":[[[-74.1379,40.6731],[-74.1257,40.6656],[-74.1185,40.6744],[-74.1314,40.6809],[-74.1379,40.6731]]]}},{"type":"Feature","properties":{"geoid":"34017010602","clusterId":"new-york-west"},"geometry":{"type":"Polygon","coordinates":[[[-74.1234,40.6688],[-74.124,40.668],[-74.1199,40.6659],[-74.1146,40.6722],[-74.1187,40.6742],[-74.1234,40.6688]]]}},{"type":"Feature","properties":{"geoid":"34017010701","clusterId":"new-york-west"},"geometry":{"type":"Polygon","coordinates":[[[-74.1185,40.6676],[-74.1192,40.6667],[-74.1168,40.6656],[-74.1138,40.6692],[-74.1109,40.6677],[-74.109,40.671],[-74.1114,40.6721],[-74.1131,40.6701],[-74.1154,40.6712],[-74.1185,40.6676]]]}},{"type":"Feature","properties":{"geoid":"34017010702","clusterId":"new-york-west"},"geometry":{"type":"Polygon","coordinates":[[[-74.1168,40.6656],[-74.114,40.6641],[-74.1109,40.6677],[-74.1138,40.6692],[-74.1168,40.6656]]]}},{"type":"Feature","properties":{"geoid":"34017010800","clusterId":"new-york-west"},"geometry":{"type":"Polygon","coordinates":[[[-74.125,40.6544],[-74.1203,40.6516],[-74.121,40.644],[-74.1098,40.6481],[-74.0934,40.6481],[-74.087,40.6515],[-74.0557,40.6515],[-74.0532,40.6557],[-74.0937,40.6674],[-74.1093,40.6696],[-74.1197,40.6568],[-74.125,40.6544]]]}},{"type":"Feature","properties":{"geoid":"34017010900","clusterId":"new-york-west"},"geometry":{"type":"Polygon","coordinates":[[[-74.1219,40.6596],[-74.1201,40.6579],[-74.1213,40.6558],[-74.114,40.6641],[-74.1168,40.6656],[-74.1219,40.6596]]]}},{"type":"Feature","properties":{"geoid":"34017011000","clusterId":"new-york-west"},"geometry":{"type":"Polygon","coordinates":[[[-74.1242,40.6608],[-74.1224,40.659],[-74.1168,40.6656],[-74.1192,40.6667],[-74.1242,40.6608]]]}},{"type":"Feature","properties":{"geoid":"34017011100","clusterId":"new-york-west"},"geometry":{"type":"Polygon","coordinates":[[[-74.1382,40.6727],[-74.1401,40.6704],[-74.125,40.6637],[-74.127,40.6613],[-74.1247,40.6602],[-74.1199,40.6659],[-74.124,40.668],[-74.1257,40.6656],[-74.1382,40.6727]]]}},{"type":"Feature","properties":{"geoid":"34017011200","clusterId":"new-york-west"},"geometry":{"type":"Polygon","coordinates":[[[-74.1524,40.6556],[-74.153,40.6548],[-74.1377,40.6535],[-74.1291,40.6542],[-74.1247,40.6602],[-74.127,40.6613],[-74.125,40.6637],[-74.1401,40.6704],[-74.1524,40.6556]]]}},{"type":"Feature","properties":{"geoid":"34017011300","clusterId":"new-york-west"},"geometry":{"type":"Polygon","coordinates":[[[-74.1291,40.6551],[-74.1243,40.6546],[-74.1201,40.6579],[-74.1247,40.6602],[-74.1291,40.6551]]]}},{"type":"Feature","properties":{"geoid":"34017011400","clusterId":"new-york-west"},"geometry":{"type":"Polygon","coordinates":[[[-74.1303,40.65],[-74.1304,40.6484],[-74.1257,40.6485],[-74.1255,40.6424],[-74.121,40.644],[-74.1206,40.6521],[-74.125,40.6544],[-74.1291,40.6542],[-74.1303,40.65]]]}},{"type":"Feature","properties":{"geoid":"34017011500","clusterId":"new-york-west"},"geometry":{"type":"Polygon","coordinates":[[[-74.1614,40.6447],[-74.1422,40.6421],[-74.1401,40.6471],[-74.1376,40.6488],[-74.1304,40.6484],[-74.129,40.6542],[-74.153,40.6548],[-74.1614,40.6447]]]}},{"type":"Feature","properties":{"geoid":"34017011600","clusterId":"new-york-west"},"geometry":{"type":"Polygon","coordinates":[[[-74.1422,40.6421],[-74.1329,40.6437],[-74.1255,40.6424],[-74.1257,40.6485],[-74.1376,40.6488],[-74.1401,40.6471],[-74.1422,40.6421]]]}},{"type":"Feature","properties":{"geoid":"34017012300","clusterId":"new-york-west"},"geometry":{"type":"Polygon","coordinates":[[[-74.139,40.7751],[-74.1361,40.7733],[-74.1304,40.7776],[-74.1346,40.7798],[-74.139,40.7751]]]}},{"type":"Feature","properties":{"geoid":"34017012400","clusterId":"new-york-west"},"geometry":{"type":"Polygon","coordinates":[[[-74.1485,40.7828],[-74.1478,40.7792],[-74.139,40.7751],[-74.1346,40.7798],[-74.1475,40.7865],[-74.1485,40.7828]]]}},{"type":"Feature","properties":{"geoid":"34017012500","clusterId":"new-york-west"},"geometry":{"type":"Polygon","coordinates":[[[-74.1564,40.7689],[-74.1532,40.7685],[-74.1482,40.7648],[-74.1424,40.7761],[-74.1483,40.7797],[-74.1564,40.7689]]]}},{"type":"Feature","properties":{"geoid":"34017012600","clusterId":"new-york-west"},"geometry":{"type":"Polygon","coordinates":[[[-74.1475,40.7661],[-74.145,40.7649],[-74.1376,40.7742],[-74.142,40.7769],[-74.1475,40.7661]]]}},{"type":"Feature","properties":{"geoid":"34017012700","clusterId":"new-york-west"},"geometry":{"type":"Polygon","coordinates":[[[-74.145,40.7649],[-74.1358,40.7621],[-74.1403,40.7553],[-74.1389,40.7477],[-74.1396,40.7449],[-74.142,40.744],[-74.1409,40.7429],[-74.1397,40.7438],[-74.1368,40.7415],[-74.1228,40.7421],[-74.1176,40.7396],[-74.117,40.7371],[-74.1214,40.721],[-74.1171,40.7104],[-74.1038,40.7187],[-74.094,40.7352],[-74.077,40.7432],[-74.0752,40.7474],[-74.0787,40.7506],[-74.0906,40.7488],[-74.0936,40.7509],[-74.0955,40.7534],[-74.0908,40.762],[-74.0925,40.7634],[-74.0959,40.7629],[-74.0988,40.7676],[-74.0976,40.7701],[-74.0984,40.7725],[-74.101,40.7738],[-74.1009,40.776],[-74.1053,40.7772],[-74.1094,40.7778],[-74.114,40.7763],[-74.1182,40.7718],[-74.1272,40.7713],[-74.1297,40.7737],[-74.1304,40.7776],[-74.1361,40.7733],[-74.1376,40.7742],[-74.145,40.7649]]]}},{"type":"Feature","properties":{"geoid":"34017012800","clusterId":"new-york-west"},"geometry":{"type":"Polygon","coordinates":[[[-74.1505,40.7534],[-74.1455,40.7519],[-74.1459,40.748],[-74.142,40.744],[-74.1401,40.7445],[-74.1389,40.7477],[-74.1403,40.7553],[-74.1358,40.7621],[-74.1435,40.764],[-74.1505,40.7534]]]}},{"type":"Feature","properties":{"geoid":"34017012900","clusterId":"new-york-west"},"geometry":{"type":"Polygon","coordinates":[[[-74.154,40.7545],[-74.1505,40.7533],[-74.1435,40.764],[-74.1458,40.7653],[-74.154,40.7545]]]}},{"type":"Feature","properties":{"geoid":"34017013000","clusterId":"new-york-west"},"geometry":{"type":"Polygon","coordinates":[[[-74.1573,40.7527],[-74.1558,40.7516],[-74.1458,40.7653],[-74.1475,40.7661],[-74.1573,40.7527]]]}},{"type":"Feature","properties":{"geoid":"34017013100","clusterId":"new-york-west"},"geometry":{"type":"Polygon","coordinates":[[[-74.1577,40.7661],[-74.1496,40.7626],[-74.1482,40.7648],[-74.1533,40.7686],[-74.1564,40.7689],[-74.1577,40.7661]]]}},{"type":"Feature","properties":{"geoid":"34017013200","clusterId":"new-york-west"},"geometry":{"type":"Polygon","coordinates":[[[-74.1604,40.7534],[-74.1575,40.7522],[-74.1496,40.7626],[-74.1521,40.7636],[-74.1604,40.7534]]]}},{"type":"Feature","properties":{"geoid":"34017013300","clusterId":"new-york-west"},"geometry":{"type":"Polygon","coordinates":[[[-74.1648,40.7547],[-74.1605,40.7529],[-74.1521,40.7636],[-74.1577,40.7661],[-74.1625,40.7608],[-74.1648,40.7547]]]}},{"type":"Feature","properties":{"geoid":"34017013400","clusterId":"new-york-west"},"geometry":{"type":"Polygon","coordinates":[[[-74.1661,40.7474],[-74.1629,40.7482],[-74.1626,40.7498],[-74.1581,40.7491],[-74.1575,40.7522],[-74.1648,40.7547],[-74.1661,40.7474]]]}},{"type":"Feature","properties":{"geoid":"34017013500","clusterId":"new-york-west"},"geometry":{"type":"Polygon","coordinates":[[[-74.1578,40.7505],[-74.155,40.7503],[-74.1541,40.7468],[-74.145,40.7482],[-74.1455,40.7519],[-74.1542,40.7542],[-74.1558,40.7516],[-74.1575,40.7523],[-74.1578,40.7505]]]}},{"type":"Feature","properties":{"geoid":"34017013600","clusterId":"new-york-west"},"geometry":{"type":"Polygon","coordinates":[[[-74.1589,40.7491],[-74.1582,40.7462],[-74.1541,40.7468],[-74.155,40.7503],[-74.1589,40.7491]]]}},{"type":"Feature","properties":{"geoid":"34017013700","clusterId":"new-york-west"},"geometry":{"type":"Polygon","coordinates":[[[-74.1661,40.7472],[-74.166,40.7451],[-74.1582,40.7462],[-74.1589,40.7491],[-74.1626,40.7498],[-74.1629,40.7482],[-74.1661,40.7472]]]}},{"type":"Feature","properties":{"geoid":"34017013800","clusterId":"new-york-west"},"geometry":{"type":"Polygon","coordinates":[[[-74.166,40.7451],[-74.1621,40.7361],[-74.1553,40.7335],[-74.1562,40.7465],[-74.166,40.7451]]]}},{"type":"Feature","properties":{"geoid":"34017013900","clusterId":"new-york-west"},"geometry":{"type":"Polygon","coordinates":[[[-74.1562,40.7465],[-74.1553,40.7335],[-74.1472,40.7344],[-74.1427,40.7393],[-74.1368,40.7415],[-74.1397,40.7438],[-74.1409,40.7429],[-74.1459,40.748],[-74.1562,40.7465]]]}},{"type":"Feature","properties":{"geoid":"34017014000","clusterId":"new-york-north"},"geometry":{"type":"Polygon","coordinates":[[[-74.0097,40.8062],[-74.0052,40.8037],[-74.001,40.8099],[-74.0051,40.8121],[-74.0097,40.8062]]]}},{"type":"Feature","properties":{"geoid":"34017014101","clusterId":"new-york-north"},"geometry":{"type":"Polygon","coordinates":[[[-74.0015,40.793],[-73.9917,40.7881],[-73.9847,40.7977],[-73.9933,40.8013],[-73.9932,40.8058],[-73.9943,40.8064],[-73.9986,40.7939],[-74.0015,40.793]]]}},{"type":"Feature","properties":{"geoid":"34017014102","clusterId":"new-york-north"},"geometry":{"type":"Polygon","coordinates":[[[-74.0079,40.8],[-73.9986,40.7952],[-73.9943,40.8064],[-74.001,40.8099],[-74.0079,40.8]]]}},{"type":"Feature","properties":{"geoid":"34017014200","clusterId":"new-york-west"},"geometry":{"type":"Polygon","coordinates":[[[-74.0104,40.7967],[-74.0015,40.793],[-73.9986,40.7939],[-73.9986,40.7952],[-74.0081,40.7997],[-74.0104,40.7967]]]}},{"type":"Feature","properties":{"geoid":"34017014300","clusterId":"new-york-west"},"geometry":{"type":"Polygon","coordinates":[[[-74.0149,40.7987],[-74.0107,40.7964],[-74.0052,40.8037],[-74.0101,40.8057],[-74.0149,40.7987]]]}},{"type":"Feature","properties":{"geoid":"34017014401","clusterId":"new-york-north"},"geometry":{"type":"Polygon","coordinates":[[[-74.0147,40.8089],[-74.0097,40.8062],[-74.0051,40.8121],[-74.0096,40.8145],[-74.0147,40.8089]]]}},{"type":"Feature","properties":{"geoid":"34017014402","clusterId":"new-york-west"},"geometry":{"type":"Polygon","coordinates":[[[-74.0186,40.8045],[-74.0162,40.8028],[-74.0173,40.8013],[-74.0143,40.8],[-74.0097,40.8062],[-74.0152,40.8084],[-74.0186,40.8045]]]}},{"type":"Feature","properties":{"geoid":"34017014501","clusterId":"new-york-west"},"geometry":{"type":"Polygon","coordinates":[[[-74.023,40.7971],[-74.018,40.7945],[-74.0143,40.8],[-74.0191,40.8039],[-74.023,40.7971]]]}},{"type":"Feature","properties":{"geoid":"34017014502","clusterId":"new-york-west"},"geometry":{"type":"Polygon","coordinates":[[[-74.0272,40.7935],[-74.0231,40.7903],[-74.018,40.7945],[-74.023,40.7969],[-74.0223,40.8001],[-74.0272,40.7935]]]}},{"type":"Feature","properties":{"geoid":"34017014600","clusterId":"new-york-west"},"geometry":{"type":"Polygon","coordinates":[[[-74.0432,40.8076],[-74.0449,40.8076],[-74.0337,40.8033],[-74.0412,40.7956],[-74.0336,40.7924],[-74.0415,40.781],[-74.0397,40.7797],[-74.037,40.784],[-74.0333,40.7825],[-74.0329,40.7848],[-74.0247,40.7813],[-74.0228,40.7836],[-74.0231,40.7903],[-74.0272,40.7935],[-74.0096,40.8145],[-74.0125,40.8165],[-74.0113,40.8208],[-74.0138,40.8231],[-74.0176,40.8234],[-74.0205,40.8207],[-74.0203,40.8187],[-74.023,40.8185],[-74.0232,40.8167],[-74.025,40.8163],[-74.024,40.8147],[-74.0274,40.8161],[-74.0287,40.813],[-74.0317,40.8133],[-74.0356,40.8082],[-74.0432,40.8076]]]}},{"type":"Feature","properties":{"geoid":"34017014700","clusterId":"new-york-west"},"geometry":{"type":"Polygon","coordinates":[[[-74.0397,40.7797],[-74.0323,40.7771],[-74.0315,40.779],[-74.0283,40.7776],[-74.0247,40.7813],[-74.0329,40.7848],[-74.0333,40.7825],[-74.037,40.784],[-74.0397,40.7797]]]}},{"type":"Feature","properties":{"geoid":"34017014801","clusterId":"new-york-west"},"geometry":{"type":"Polygon","coordinates":[[[-74.0521,40.7609],[-74.0511,40.7602],[-74.0491,40.7629],[-74.0437,40.7605],[-74.0409,40.7684],[-74.0347,40.7736],[-74.0419,40.7762],[-74.0521,40.7609]]]}},{"type":"Feature","properties":{"geoid":"34017014802","clusterId":"new-york-west"},"geometry":{"type":"Polygon","coordinates":[[[-74.0569,40.769],[-74.0521,40.7609],[-74.0419,40.7762],[-74.0347,40.7736],[-74.0318,40.7751],[-74.0323,40.7771],[-74.0415,40.781],[-74.0428,40.7801],[-74.0501,40.7824],[-74.055,40.7797],[-74.0569,40.769]]]}},{"type":"Feature","properties":{"geoid":"34017014900","clusterId":"new-york-west"},"geometry":{"type":"Polygon","coordinates":[[[-74.0511,40.7602],[-74.0458,40.7574],[-74.0437,40.7605],[-74.0491,40.7629],[-74.0511,40.7602]]]}},{"type":"Feature","properties":{"geoid":"34017015001","clusterId":"new-york-west"},"geometry":{"type":"Polygon","coordinates":[[[-74.0019,40.7897],[-73.993,40.7864],[-73.9917,40.7881],[-74.0015,40.793],[-74.0004,40.7914],[-74.0019,40.7897]]]}},{"type":"Feature","properties":{"geoid":"34017015003","clusterId":"new-york-west"},"geometry":{"type":"Polygon","coordinates":[[[-74.0103,40.7937],[-74.0068,40.792],[-74.0048,40.7945],[-74.0083,40.7962],[-74.0103,40.7937]]]}},{"type":"Feature","properties":{"geoid":"34017015004","clusterId":"new-york-west"},"geometry":{"type":"Polygon","coordinates":[[[-74.0065,40.7923],[-74.0019,40.7897],[-74.0004,40.7914],[-74.0048,40.7945],[-74.0065,40.7923]]]}},{"type":"Feature","properties":{"geoid":"34017015100","clusterId":"new-york-west"},"geometry":{"type":"Polygon","coordinates":[[[-74.0155,40.7968],[-74.0103,40.7937],[-74.0088,40.7956],[-74.0138,40.7985],[-74.0155,40.7968]]]}},{"type":"Feature","properties":{"geoid":"34017015201","clusterId":"new-york-central"},"geometry":{"type":"Polygon","coordinates":[[[-74.0085,40.7852],[-73.9974,40.7803],[-73.993,40.7864],[-74.0012,40.7901],[-74.0058,40.7854],[-74.0085,40.7852]]]}},{"type":"Feature","properties":{"geoid":"34017015202","clusterId":"new-york-west"},"geometry":{"type":"Polygon","coordinates":[[[-74.0146,40.7912],[-74.0153,40.7902],[-74.008,40.7868],[-74.0085,40.7852],[-74.0058,40.7854],[-74.0024,40.7888],[-74.0052,40.7901],[-74.0066,40.7883],[-74.0146,40.7912]]]}},{"type":"Feature","properties":{"geoid":"34017015300","clusterId":"new-york-west"},"geometry":{"type":"Polygon","coordinates":[[[-74.0098,40.7906],[-74.0066,40.7883],[-74.0052,40.7901],[-74.0019,40.7897],[-74.0084,40.7923],[-74.0098,40.7906]]]}},{"type":"Feature","properties":{"geoid":"34017015500","clusterId":"new-york-west"},"geometry":{"type":"Polygon","coordinates":[[[-74.0234,40.7896],[-74.0178,40.7869],[-74.0146,40.7912],[-74.0196,40.7935],[-74.0234,40.7896]]]}},{"type":"Feature","properties":{"geoid":"34017015600","clusterId":"new-york-west"},"geometry":{"type":"Polygon","coordinates":[[[-74.0163,40.7889],[-74.0092,40.7855],[-74.008,40.7868],[-74.0153,40.7902],[-74.0163,40.7889]]]}},{"type":"Feature","properties":{"geoid":"34017015700","clusterId":"new-york-west"},"geometry":{"type":"Polygon","coordinates":[[[-74.0173,40.7876],[-74.0109,40.7838],[-74.0092,40.7855],[-74.0164,40.7888],[-74.0173,40.7876]]]}},{"type":"Feature","properties":{"geoid":"34017015801","clusterId":"new-york-central"},"geometry":{"type":"Polygon","coordinates":[[[-74.0118,40.7797],[-74.0016,40.7745],[-73.9974,40.7803],[-74.0085,40.7852],[-74.0118,40.7797]]]}},{"type":"Feature","properties":{"geoid":"34017015802","clusterId":"new-york-west"},"geometry":{"type":"Polygon","coordinates":[[[-74.0211,40.7825],[-74.0119,40.7797],[-74.0085,40.7852],[-74.0109,40.7838],[-74.0125,40.7846],[-74.0139,40.7828],[-74.0154,40.7835],[-74.0169,40.7818],[-74.0211,40.7825]]]}},{"type":"Feature","properties":{"geoid":"34017015900","clusterId":"new-york-west"},"geometry":{"type":"Polygon","coordinates":[[[-74.02,40.784],[-74.0169,40.7818],[-74.0125,40.7846],[-74.0177,40.787],[-74.02,40.784]]]}},{"type":"Feature","properties":{"geoid":"34017016000","clusterId":"new-york-west"},"geometry":{"type":"Polygon","coordinates":[[[-74.0236,40.7879],[-74.0231,40.7829],[-74.0215,40.7821],[-74.0178,40.7869],[-74.0234,40.7895],[-74.0236,40.7879]]]}},{"type":"Feature","properties":{"geoid":"34017016100","clusterId":"new-york-west"},"geometry":{"type":"Polygon","coordinates":[[[-74.0206,40.7811],[-74.0188,40.7794],[-74.0203,40.7778],[-74.0187,40.777],[-74.0149,40.7796],[-74.0206,40.7811]]]}},{"type":"Feature","properties":{"geoid":"34017016200","clusterId":"new-york-west"},"geometry":{"type":"Polygon","coordinates":[[[-74.0273,40.7786],[-74.0243,40.7764],[-74.0191,40.7816],[-74.0232,40.7829],[-74.0273,40.7786]]]}},{"type":"Feature","properties":{"geoid":"34017016300","clusterId":"new-york-west"},"geometry":{"type":"Polygon","coordinates":[[[-74.0239,40.777],[-74.0206,40.7746],[-74.0188,40.7794],[-74.0211,40.7805],[-74.0239,40.777]]]}},{"type":"Feature","properties":{"geoid":"34017016400","clusterId":"new-york-west"},"geometry":{"type":"Polygon","coordinates":[[[-74.029,40.7769],[-74.0219,40.7721],[-74.0206,40.7746],[-74.0279,40.778],[-74.029,40.7769]]]}},{"type":"Feature","properties":{"geoid":"34017016500","clusterId":"new-york-west"},"geometry":{"type":"Polygon","coordinates":[[[-74.0285,40.7712],[-74.0254,40.7676],[-74.0219,40.7721],[-74.0261,40.7741],[-74.0285,40.7712]]]}},{"type":"Feature","properties":{"geoid":"34017016600","clusterId":"new-york-west"},"geometry":{"type":"Polygon","coordinates":[[[-74.0324,40.7768],[-74.0285,40.7712],[-74.0257,40.7747],[-74.0315,40.779],[-74.0324,40.7768]]]}},{"type":"Feature","properties":{"geoid":"34017016700","clusterId":"new-york-west"},"geometry":{"type":"Polygon","coordinates":[[[-74.0359,40.772],[-74.0331,40.7703],[-74.0304,40.7735],[-74.033,40.7751],[-74.0359,40.772]]]}},{"type":"Feature","properties":{"geoid":"34017016800","clusterId":"new-york-west"},"geometry":{"type":"Polygon","coordinates":[[[-74.0331,40.7703],[-74.0291,40.7678],[-74.0276,40.7701],[-74.0304,40.7735],[-74.0331,40.7703]]]}},{"type":"Feature","properties":{"geoid":"34017016900","clusterId":"new-york-west"},"geometry":{"type":"Polygon","coordinates":[[[-74.0346,40.7668],[-74.031,40.7647],[-74.0291,40.7678],[-74.0329,40.7694],[-74.0346,40.7668]]]}},{"type":"Feature","properties":{"geoid":"34017017000","clusterId":"new-york-west"},"geometry":{"type":"Polygon","coordinates":[[[-74.0398,40.7692],[-74.035,40.7661],[-74.0329,40.7694],[-74.036,40.7717],[-74.0398,40.7692]]]}},{"type":"Feature","properties":{"geoid":"34017017100","clusterId":"new-york-west"},"geometry":{"type":"Polygon","coordinates":[[[-74.0424,40.7659],[-74.0423,40.7623],[-74.038,40.7607],[-74.035,40.7661],[-74.0406,40.7687],[-74.0424,40.7659]]]}},{"type":"Feature","properties":{"geoid":"34017017200","clusterId":"new-york-west"},"geometry":{"type":"Polygon","coordinates":[[[-74.0364,40.764],[-74.0329,40.7619],[-74.031,40.7647],[-74.035,40.7661],[-74.0364,40.764]]]}},{"type":"Feature","properties":{"geoid":"34017017300","clusterId":"new-york-west"},"geometry":{"type":"Polygon","coordinates":[[[-74.0341,40.76],[-74.0325,40.7586],[-74.0275,40.7617],[-74.0317,40.7637],[-74.0341,40.76]]]}},{"type":"Feature","properties":{"geoid":"34017017400","clusterId":"new-york-west"},"geometry":{"type":"Polygon","coordinates":[[[-74.0376,40.7622],[-74.038,40.7607],[-74.0345,40.7593],[-74.0329,40.7619],[-74.0368,40.7635],[-74.0376,40.7622]]]}},{"type":"Feature","properties":{"geoid":"34017017500","clusterId":"new-york-west"},"geometry":{"type":"Polygon","coordinates":[[[-74.0402,40.7582],[-74.0378,40.7567],[-74.0345,40.7593],[-74.038,40.7607],[-74.0402,40.7582]]]}},{"type":"Feature","properties":{"geoid":"34017017600","clusterId":"new-york-west"},"geometry":{"type":"Polygon","coordinates":[[[-74.0428,40.7599],[-74.0435,40.7589],[-74.0405,40.7577],[-74.038,40.7607],[-74.0423,40.7623],[-74.0428,40.7599]]]}},{"type":"Feature","properties":{"geoid":"34017017700","clusterId":"new-york-west"},"geometry":{"type":"Polygon","coordinates":[[[-74.0458,40.7574],[-74.0424,40.7546],[-74.0405,40.7577],[-74.0435,40.7589],[-74.0423,40.7605],[-74.0434,40.761],[-74.0458,40.7574]]]}},{"type":"Feature","properties":{"geoid":"34017017800","clusterId":"new-york-west"},"geometry":{"type":"Polygon","coordinates":[[[-74.0432,40.7549],[-74.0424,40.7524],[-74.0378,40.7503],[-74.0325,40.7586],[-74.0345,40.7593],[-74.0378,40.7567],[-74.0405,40.7577],[-74.0432,40.7549]]]}},{"type":"Feature","properties":{"geoid":"34017017900","clusterId":"new-york-west"},"geometry":{"type":"Polygon","coordinates":[[[-74.0276,40.7575],[-74.0142,40.7567],[-74.0016,40.7745],[-74.0119,40.7797],[-74.0167,40.7709],[-74.0206,40.7709],[-74.0216,40.7674],[-74.0235,40.7686],[-74.0276,40.7575]]]}},{"type":"Feature","properties":{"geoid":"34017018000","clusterId":"new-york-west"},"geometry":{"type":"Polygon","coordinates":[[[-74.0197,40.7758],[-74.0153,40.7739],[-74.0119,40.7797],[-74.0139,40.7807],[-74.0197,40.7758]]]}},{"type":"Feature","properties":{"geoid":"34017018100","clusterId":"new-york-west"},"geometry":{"type":"Polygon","coordinates":[[[-74.0243,40.7691],[-74.0216,40.7674],[-74.0207,40.7708],[-74.0169,40.7707],[-74.0153,40.7739],[-74.0197,40.7758],[-74.0243,40.7691]]]}},{"type":"Feature","properties":{"geoid":"34017018200","clusterId":"new-york-west"},"geometry":{"type":"Polygon","coordinates":[[[-74.0326,40.7593],[-74.0277,40.7571],[-74.0235,40.7686],[-74.0254,40.7676],[-74.0276,40.7701],[-74.0317,40.7637],[-74.0275,40.7617],[-74.0326,40.7593]]]}},{"type":"Feature","properties":{"geoid":"34017018301","clusterId":"new-york-west"},"geometry":{"type":"Polygon","coordinates":[[[-74.0352,40.7355],[-74.0206,40.7304],[-74.016,40.7494],[-74.0256,40.7509],[-74.026,40.7494],[-74.0228,40.7454],[-74.0277,40.7409],[-74.0288,40.7371],[-74.0273,40.7359],[-74.0352,40.7355]]]}},{"type":"Feature","properties":{"geoid":"34017018302","clusterId":"new-york-west"},"geometry":{"type":"Polygon","coordinates":[[[-74.0284,40.7549],[-74.0288,40.7537],[-74.025,40.753],[-74.0256,40.7509],[-74.016,40.7494],[-74.0142,40.7567],[-74.0236,40.7577],[-74.0277,40.7571],[-74.0284,40.7549]]]}},{"type":"Feature","properties":{"geoid":"34017018401","clusterId":"new-york-west"},"geometry":{"type":"Polygon","coordinates":[[[-74.0333,40.7519],[-74.0336,40.7507],[-74.0283,40.7487],[-74.0272,40.7525],[-74.0333,40.7519]]]}},{"type":"Feature","properties":{"geoid":"34017018402","clusterId":"new-york-west"},"geometry":{"type":"Polygon","coordinates":[[[-74.0365,40.7524],[-74.0372,40.7512],[-74.0336,40.7507],[-74.0332,40.7522],[-74.0272,40.7525],[-74.0288,40.7537],[-74.0277,40.7571],[-74.0323,40.7588],[-74.0365,40.7524]]]}},{"type":"Feature","properties":{"geoid":"34017018501","clusterId":"new-york-west"},"geometry":{"type":"Polygon","coordinates":[[[-74.0396,40.747],[-74.036,40.746],[-74.0352,40.7485],[-74.0306,40.7478],[-74.0298,40.7503],[-74.0372,40.7512],[-74.0396,40.747]]]}},{"type":"Feature","properties":{"geoid":"34017018502","clusterId":"new-york-west"},"geometry":{"type":"Polygon","coordinates":[[[-74.0356,40.7473],[-74.036,40.746],[-74.0323,40.7454],[-74.0315,40.7479],[-74.0352,40.7485],[-74.0356,40.7473]]]}},{"type":"Feature","properties":{"geoid":"34017018600","clusterId":"new-york-west"},"geometry":{"type":"Polygon","coordinates":[[[-74.0319,40.7466],[-74.0323,40.7454],[-74.0295,40.7449],[-74.0283,40.7487],[-74.0302,40.749],[-74.0319,40.7466]]]}},{"type":"Feature","properties":{"geoid":"34017018701","clusterId":"new-york-west"},"geometry":{"type":"Polygon","coordinates":[[[-74.0303,40.7423],[-74.0271,40.7409],[-74.0231,40.7444],[-74.026,40.7495],[-74.0276,40.7445],[-74.0295,40.7449],[-74.0303,40.7423]]]}},{"type":"Feature","properties":{"geoid":"34017018702","clusterId":"new-york-west"},"geometry":{"type":"Polygon","coordinates":[[[-74.0291,40.7461],[-74.0295,40.7449],[-74.0276,40.7445],[-74.025,40.753],[-74.0269,40.7534],[-74.0291,40.7461]]]}},{"type":"Feature","properties":{"geoid":"34017018800","clusterId":"new-york-west"},"geometry":{"type":"Polygon","coordinates":[[[-74.0337,40.7406],[-74.0341,40.7393],[-74.0313,40.7389],[-74.0295,40.7449],[-74.0323,40.7454],[-74.0337,40.7406]]]}},{"type":"Feature","properties":{"geoid":"34017018900","clusterId":"new-york-west"},"geometry":{"type":"Polygon","coordinates":[[[-74.0408,40.7455],[-74.0334,40.7419],[-74.0323,40.7454],[-74.0398,40.7467],[-74.0408,40.7455]]]}},{"type":"Feature","properties":{"geoid":"34017019000","clusterId":"new-york-west"},"geometry":{"type":"Polygon","coordinates":[[[-74.0424,40.7412],[-74.0337,40.7406],[-74.0334,40.7419],[-74.0408,40.7455],[-74.0424,40.7412]]]}},{"type":"Feature","properties":{"geoid":"34017019100","clusterId":"new-york-west"},"geometry":{"type":"Polygon","coordinates":[[[-74.0402,40.7417],[-74.0401,40.739],[-74.0345,40.7381],[-74.0337,40.7406],[-74.0402,40.7417]]]}},{"type":"Feature","properties":{"geoid":"34017019200","clusterId":"new-york-west"},"geometry":{"type":"Polygon","coordinates":[[[-74.0438,40.7377],[-74.0428,40.736],[-74.0353,40.7354],[-74.0345,40.7381],[-74.0401,40.739],[-74.0397,40.7403],[-74.0424,40.7412],[-74.0438,40.7377]]]}},{"type":"Feature","properties":{"geoid":"34017019300","clusterId":"new-york-west"},"geometry":{"type":"Polygon","coordinates":[[[-74.0347,40.7375],[-74.035,40.7362],[-74.0273,40.7359],[-74.0317,40.7376],[-74.0313,40.7389],[-74.0341,40.7393],[-74.0347,40.7375]]]}},{"type":"Feature","properties":{"geoid":"34017019400","clusterId":"new-york-west"},"geometry":{"type":"Polygon","coordinates":[[[-74.0313,40.7389],[-74.0317,40.7376],[-74.0288,40.7371],[-74.0277,40.7409],[-74.0305,40.7414],[-74.0313,40.7389]]]}},{"type":"Feature","properties":{"geoid":"34017019800","clusterId":"new-york-west"},"geometry":{"type":"Polygon","coordinates":[[[-74.067,40.8011],[-74.0502,40.788],[-74.0472,40.7808],[-74.0423,40.7801],[-74.0336,40.7924],[-74.0412,40.7956],[-74.0337,40.8033],[-74.0424,40.8073],[-74.06,40.806],[-74.067,40.8011]]]}},{"type":"Feature","properties":{"geoid":"34017019900","clusterId":"new-york-west"},"geometry":{"type":"Polygon","coordinates":[[[-74.0817,40.7876],[-74.0702,40.7612],[-74.0647,40.7638],[-74.06,40.7626],[-74.06,40.7657],[-74.0563,40.7698],[-74.0553,40.7739],[-74.0564,40.7766],[-74.055,40.7797],[-74.0501,40.7824],[-74.0471,40.781],[-74.0502,40.788],[-74.0672,40.8008],[-74.069,40.7983],[-74.0768,40.7956],[-74.0817,40.7876]],[[-74.0701,40.7906],[-74.0637,40.7964],[-74.0546,40.788],[-74.0622,40.7756],[-74.0662,40.7777],[-74.0611,40.7878],[-74.0701,40.7906]]]}},{"type":"Feature","properties":{"geoid":"34017020000","clusterId":"new-york-west"},"geometry":{"type":"Polygon","coordinates":[[[-74.0704,40.7907],[-74.0611,40.7878],[-74.0662,40.7777],[-74.0622,40.7756],[-74.0546,40.788],[-74.0637,40.7964],[-74.0704,40.7907]]]}},{"type":"Feature","properties":{"geoid":"34017020100","clusterId":"new-york-west"},"geometry":{"type":"Polygon","coordinates":[[[-74.0953,40.7541],[-74.0906,40.7488],[-74.0787,40.7506],[-74.0752,40.7527],[-74.0765,40.7548],[-74.0749,40.7557],[-74.0748,40.7581],[-74.0702,40.7612],[-74.0817,40.7876],[-74.09,40.7782],[-74.0878,40.7649],[-74.0944,40.7572],[-74.0953,40.7541]]]}},{"type":"Feature","properties":{"geoid":"34017032400","clusterId":"new-york-west"},"geometry":{"type":"Polygon","coordinates":[[[-74.0196,40.7935],[-74.0107,40.7894],[-74.0084,40.7923],[-74.0068,40.792],[-74.0157,40.7966],[-74.0196,40.7935]]]}},{"type":"Feature","properties":{"geoid":"34039030200","clusterId":"new-york-west"},"geometry":{"type":"Polygon","coordinates":[[[-74.1974,40.6574],[-74.1936,40.6531],[-74.1868,40.6586],[-74.1916,40.6605],[-74.1974,40.6574]]]}},{"type":"Feature","properties":{"geoid":"34039030400","clusterId":"new-york-west"},"geometry":{"type":"Polygon","coordinates":[[[-74.1936,40.6531],[-74.1876,40.6467],[-74.1813,40.65],[-74.1883,40.6566],[-74.1936,40.6531]]]}},{"type":"Feature","properties":{"geoid":"34039030500","clusterId":"new-york-west"},"geometry":{"type":"Polygon","coordinates":[[[-74.2035,40.6456],[-74.2004,40.6424],[-74.1972,40.6417],[-74.1857,40.646],[-74.1936,40.6531],[-74.2035,40.6456]]]}},{"type":"Feature","properties":{"geoid":"34039030600","clusterId":"new-york-west"},"geometry":{"type":"Polygon","coordinates":[[[-74.2184,40.6452],[-74.2007,40.6329],[-74.1878,40.6446],[-74.1972,40.6417],[-74.2009,40.6428],[-74.2052,40.6476],[-74.2087,40.6469],[-74.2097,40.65],[-74.2161,40.6504],[-74.2161,40.6472],[-74.2184,40.6452]]]}},{"type":"Feature","properties":{"geoid":"34039030701","clusterId":"new-york-west"},"geometry":{"type":"Polygon","coordinates":[[[-74.2282,40.6519],[-74.2184,40.6452],[-74.2161,40.6472],[-74.226,40.654],[-74.2282,40.6519]]]}},{"type":"Feature","properties":{"geoid":"34039030703","clusterId":"new-york-west"},"geometry":{"type":"Polygon","coordinates":[[[-74.2252,40.6548],[-74.226,40.654],[-74.2164,40.6474],[-74.2157,40.6552],[-74.221,40.6557],[-74.2208,40.659],[-74.2252,40.6548]]]}},{"type":"Feature","properties":{"geoid":"34039030704","clusterId":"new-york-west"},"geometry":{"type":"Polygon","coordinates":[[[-74.2207,40.6565],[-74.2157,40.6552],[-74.2152,40.661],[-74.2179,40.6621],[-74.2208,40.659],[-74.2207,40.6565]]]}},{"type":"Feature","properties":{"geoid":"34039030802","clusterId":"new-york-west"},"geometry":{"type":"Polygon","coordinates":[[[-74.216,40.6521],[-74.2161,40.6504],[-74.2097,40.65],[-74.2085,40.6539],[-74.2105,40.658],[-74.2091,40.6597],[-74.2152,40.661],[-74.216,40.6521]]]}},{"type":"Feature","properties":{"geoid":"34039030900","clusterId":"new-york-west"},"geometry":{"type":"Polygon","coordinates":[[[-74.2101,40.651],[-74.2087,40.6469],[-74.2052,40.6476],[-74.2035,40.6455],[-74.1968,40.6514],[-74.2014,40.6566],[-74.2088,40.6544],[-74.2101,40.651]]]}},{"type":"Feature","properties":{"geoid":"34039031000","clusterId":"new-york-west"},"geometry":{"type":"Polygon","coordinates":[[[-74.2022,40.6576],[-74.1968,40.6514],[-74.1936,40.6531],[-74.1993,40.6592],[-74.2022,40.6576]]]}},{"type":"Feature","properties":{"geoid":"34039031100","clusterId":"new-york-west"},"geometry":{"type":"Polygon","coordinates":[[[-74.2116,40.6612],[-74.2088,40.6593],[-74.2105,40.658],[-74.2088,40.6544],[-74.2014,40.6566],[-74.2022,40.6576],[-74.1986,40.6596],[-74.211,40.6639],[-74.2116,40.6612]]]}},{"type":"Feature","properties":{"geoid":"34039031200","clusterId":"new-york-west"},"geometry":{"type":"Polygon","coordinates":[[[-74.2111,40.664],[-74.2,40.6603],[-74.1976,40.6573],[-74.1916,40.6605],[-74.1987,40.6634],[-74.1972,40.6655],[-74.2058,40.6684],[-74.2091,40.6687],[-74.2111,40.664]]]}},{"type":"Feature","properties":{"geoid":"34039031301","clusterId":"new-york-west"},"geometry":{"type":"Polygon","coordinates":[[[-74.2024,40.6768],[-74.2034,40.6746],[-74.2002,40.6737],[-74.2013,40.6718],[-74.1961,40.6671],[-74.1906,40.6747],[-74.1973,40.6774],[-74.1952,40.6806],[-74.197,40.6842],[-74.2024,40.6768]]]}},{"type":"Feature","properties":{"geoid":"34039031302","clusterId":"new-york-west"},"geometry":{"type":"Polygon","coordinates":[[[-74.2068,40.6696],[-74.1972,40.6655],[-74.1961,40.6671],[-74.2013,40.6718],[-74.2002,40.6737],[-74.2034,40.6746],[-74.2068,40.6696]]]}},{"type":"Feature","properties":{"geoid":"34039031400","clusterId":"new-york-west"},"geometry":{"type":"Polygon","coordinates":[[[-74.2135,40.6702],[-74.2141,40.6694],[-74.2109,40.6682],[-74.2063,40.6677],[-74.2054,40.6692],[-74.2068,40.6696],[-74.2034,40.6746],[-74.2091,40.6762],[-74.2135,40.6702]]]}},{"type":"Feature","properties":{"geoid":"34039031500","clusterId":"new-york-west"},"geometry":{"type":"Polygon","coordinates":[[[-74.2091,40.6762],[-74.2034,40.6746],[-74.197,40.6842],[-74.1952,40.6806],[-74.1931,40.6872],[-74.2018,40.6868],[-74.2091,40.6762]]]}},{"type":"Feature","properties":{"geoid":"34039031601","clusterId":"new-york-west"},"geometry":{"type":"Polygon","coordinates":[[[-74.2158,40.6698],[-74.2141,40.6694],[-74.2057,40.681],[-74.2143,40.6823],[-74.213,40.6747],[-74.2158,40.6698]]]}},{"type":"Feature","properties":{"geoid":"34039031602","clusterId":"new-york-west"},"geometry":{"type":"Polygon","coordinates":[[[-74.2149,40.6889],[-74.2143,40.6823],[-74.2057,40.681],[-74.2018,40.6868],[-74.2092,40.6907],[-74.2149,40.6889]]]}},{"type":"Feature","properties":{"geoid":"34039031700","clusterId":"new-york-west"},"geometry":{"type":"Polygon","coordinates":[[[-74.2224,40.6751],[-74.2196,40.6711],[-74.214,40.6721],[-74.213,40.6752],[-74.2147,40.6866],[-74.2224,40.6751]]]}},{"type":"Feature","properties":{"geoid":"34039031801","clusterId":"new-york-west"},"geometry":{"type":"Polygon","coordinates":[[[-74.2343,40.6663],[-74.2212,40.6675],[-74.2249,40.6733],[-74.2299,40.6738],[-74.2343,40.6663]]]}},{"type":"Feature","properties":{"geoid":"34039031802","clusterId":"new-york-west"},"geometry":{"type":"Polygon","coordinates":[[[-74.2286,40.6738],[-74.2249,40.6733],[-74.2211,40.6674],[-74.2194,40.668],[-74.2189,40.6704],[-74.2219,40.675],[-74.2257,40.6758],[-74.2286,40.6738]]]}},{"type":"Feature","properties":{"geoid":"34039031903","clusterId":"new-york-west"},"geometry":{"type":"Polygon","coordinates":[[[-74.2297,40.6663],[-74.2287,40.6619],[-74.2236,40.6564],[-74.2208,40.659],[-74.2244,40.667],[-74.2297,40.6663]]]}},{"type":"Feature","properties":{"geoid":"34039031904","clusterId":"new-york-west"},"geometry":{"type":"Polygon","coordinates":[[[-74.2243,40.667],[-74.2208,40.659],[-74.2179,40.6621],[-74.2187,40.667],[-74.2194,40.668],[-74.2243,40.667]]]}},{"type":"Feature","properties":{"geoid":"34039032002","clusterId":"new-york-west"},"geometry":{"type":"Polygon","coordinates":[[[-74.235,40.657],[-74.2334,40.6544],[-74.2282,40.6519],[-74.2236,40.6564],[-74.2276,40.6606],[-74.235,40.657]]]}},{"type":"Feature","properties":{"geoid":"34039032003","clusterId":"new-york-west"},"geometry":{"type":"Polygon","coordinates":[[[-74.237,40.6637],[-74.2343,40.6592],[-74.2366,40.6581],[-74.2354,40.6568],[-74.2276,40.6606],[-74.2297,40.6663],[-74.237,40.6637]]]}},{"type":"Feature","properties":{"geoid":"34039032004","clusterId":"new-york-west"},"geometry":{"type":"Polygon","coordinates":[[[-74.2435,40.6628],[-74.2366,40.6581],[-74.2343,40.6592],[-74.237,40.6637],[-74.2435,40.6628]]]}},{"type":"Feature","properties":{"geoid":"34039032101","clusterId":"new-york-west"},"geometry":{"type":"Polygon","coordinates":[[[-74.2491,40.6675],[-74.2467,40.6632],[-74.2339,40.6641],[-74.2343,40.6663],[-74.231,40.6717],[-74.2342,40.6742],[-74.2396,40.6667],[-74.2426,40.6685],[-74.2491,40.6675]]]}},{"type":"Feature","properties":{"geoid":"34039032102","clusterId":"new-york-west"},"geometry":{"type":"Polygon","coordinates":[[[-74.2541,40.6703],[-74.2491,40.6675],[-74.2426,40.6685],[-74.2396,40.6667],[-74.2339,40.6744],[-74.2356,40.677],[-74.2393,40.6726],[-74.2462,40.6732],[-74.2541,40.6703]]]}},{"type":"Feature","properties":{"geoid":"34039032200","clusterId":"new-york-west"},"geometry":{"type":"Polygon","coordinates":[[[-74.2316,40.7024],[-74.2253,40.6987],[-74.2177,40.6975],[-74.213,40.7008],[-74.2219,40.7073],[-74.2259,40.708],[-74.2316,40.7024]]]}},{"type":"Feature","properties":{"geoid":"34039032300","clusterId":"new-york-west"},"geometry":{"type":"Polygon","coordinates":[[[-74.2468,40.7077],[-74.2445,40.7082],[-74.2445,40.7026],[-74.24,40.7033],[-74.2385,40.6987],[-74.2319,40.6989],[-74.2252,40.6948],[-74.2291,40.6894],[-74.2124,40.6993],[-74.213,40.7008],[-74.2173,40.6975],[-74.2253,40.6987],[-74.2316,40.7024],[-74.2259,40.708],[-74.2444,40.7113],[-74.2468,40.7077]]]}},{"type":"Feature","properties":{"geoid":"34039032401","clusterId":"new-york-west"},"geometry":{"type":"Polygon","coordinates":[[[-74.2377,40.6898],[-74.2373,40.6865],[-74.2344,40.6862],[-74.2291,40.6894],[-74.2252,40.6948],[-74.2319,40.6989],[-74.2366,40.6935],[-74.2377,40.6898]]]}},{"type":"Feature","properties":{"geoid":"34039032402","clusterId":"new-york-west"},"geometry":{"type":"Polygon","coordinates":[[[-74.2491,40.7005],[-74.2461,40.697],[-74.24,40.6958],[-74.2377,40.6898],[-74.2366,40.6935],[-74.2319,40.6989],[-74.2385,40.6987],[-74.24,40.7033],[-74.2445,40.7026],[-74.2445,40.7082],[-74.2471,40.7072],[-74.2491,40.7005]]]}},{"type":"Feature","properties":{"geoid":"34039032500","clusterId":"new-york-west"},"geometry":{"type":"Polygon","coordinates":[[[-74.2344,40.6862],[-74.232,40.6868],[-74.2292,40.6846],[-74.2256,40.6795],[-74.2264,40.6772],[-74.2224,40.6751],[-74.2147,40.6866],[-74.2149,40.6889],[-74.2092,40.6907],[-74.2124,40.6993],[-74.2344,40.6862]]]}},{"type":"Feature","properties":{"geoid":"34039032600","clusterId":"new-york-west"},"geometry":{"type":"Polygon","coordinates":[[[-74.2604,40.7067],[-74.2576,40.7015],[-74.2582,40.6964],[-74.249,40.7011],[-74.2444,40.7113],[-74.2554,40.7133],[-74.2595,40.71],[-74.2604,40.7067]]]}},{"type":"Feature","properties":{"geoid":"34039032701","clusterId":"new-york-west"},"geometry":{"type":"Polygon","coordinates":[[[-74.289,40.7026],[-74.2756,40.6977],[-74.2713,40.701],[-74.2768,40.7082],[-74.2814,40.7112],[-74.289,40.7026]]]}},{"type":"Feature","properties":{"geoid":"34039032702","clusterId":"new-york-west"},"geometry":{"type":"Polygon","coordinates":[[[-74.2814,40.7112],[-74.2768,40.7082],[-74.2713,40.701],[-74.2652,40.706],[-74.2615,40.705],[-74.2595,40.71],[-74.2554,40.7133],[-74.2669,40.7167],[-74.2814,40.7112]]]}},{"type":"Feature","properties":{"geoid":"34039032800","clusterId":"new-york-west"},"geometry":{"type":"Polygon","coordinates":[[[-74.2973,40.7159],[-74.2842,40.7184],[-74.2822,40.7163],[-74.2814,40.7112],[-74.2669,40.7167],[-74.2855,40.7223],[-74.2925,40.7209],[-74.2973,40.7159]]]}},{"type":"Feature","properties":{"geoid":"34039032901","clusterId":"new-york-west"},"geometry":{"type":"Polygon","coordinates":[[[-74.2974,40.7145],[-74.296,40.7124],[-74.2969,40.7107],[-74.2913,40.7086],[-74.2951,40.7046],[-74.2892,40.7022],[-74.2814,40.7112],[-74.2822,40.7163],[-74.2842,40.7184],[-74.2933,40.717],[-74.2974,40.7145]]]}},{"type":"Feature","properties":{"geoid":"34039032902","clusterId":"new-york-west"},"geometry":{"type":"Polygon","coordinates":[[[-74.3099,40.7017],[-74.2943,40.695],[-74.2888,40.697],[-74.2849,40.7005],[-74.2951,40.7046],[-74.2913,40.7086],[-74.2963,40.7109],[-74.302,40.7078],[-74.3011,40.7046],[-74.3099,40.7017]]]}},{"type":"Feature","properties":{"geoid":"34039033000","clusterId":"new-york-west"},"geometry":{"type":"Polygon","coordinates":[[[-74.3123,40.6896],[-74.3111,40.6843],[-74.3069,40.6821],[-74.3084,40.6808],[-74.3074,40.6803],[-74.3052,40.6814],[-74.3046,40.6847],[-74.2984,40.6847],[-74.2987,40.6875],[-74.2947,40.688],[-74.2951,40.69],[-74.2927,40.6902],[-74.2918,40.6858],[-74.2854,40.688],[-74.2845,40.686],[-74.2798,40.6866],[-74.2782,40.6904],[-74.2736,40.6906],[-74.2762,40.689],[-74.2744,40.6866],[-74.2772,40.686],[-74.2757,40.6841],[-74.2707,40.69],[-74.2731,40.6922],[-74.273,40.6971],[-74.2849,40.7005],[-74.2913,40.6956],[-74.2947,40.6951],[-74.31,40.7016],[-74.3107,40.7],[-74.307,40.6988],[-74.3079,40.6963],[-74.3065,40.6936],[-74.3087,40.6909],[-74.3123,40.6896]]]}},{"type":"Feature","properties":{"geoid":"34039033100","clusterId":"new-york-west"},"geometry":{"type":"Polygon","coordinates":[[[-74.2756,40.6977],[-74.273,40.6971],[-74.2731,40.6922],[-74.2707,40.6894],[-74.2582,40.6964],[-74.2576,40.7015],[-74.2604,40.7064],[-74.2615,40.705],[-74.2652,40.706],[-74.2756,40.6977]]]}},{"type":"Feature","properties":{"geoid":"34039033200","clusterId":"new-york-west"},"geometry":{"type":"Polygon","coordinates":[[[-74.2677,40.6911],[-74.2666,40.6875],[-74.2596,40.6882],[-74.258,40.6835],[-74.2526,40.6852],[-74.2469,40.6893],[-74.2421,40.6871],[-74.2377,40.6898],[-74.24,40.6958],[-74.2461,40.697],[-74.249,40.7011],[-74.2677,40.6911]]]}},{"type":"Feature","properties":{"geoid":"34039033300","clusterId":"new-york-west"},"geometry":{"type":"Polygon","coordinates":[[[-74.2758,40.6839],[-74.2709,40.6788],[-74.258,40.6835],[-74.2596,40.6882],[-74.2666,40.6875],[-74.2677,40.6911],[-74.2758,40.6839]]]}},{"type":"Feature","properties":{"geoid":"34039033400","clusterId":"new-york-west"},"geometry":{"type":"Polygon","coordinates":[[[-74.2709,40.6789],[-74.267,40.6769],[-74.255,40.6784],[-74.2421,40.6871],[-74.2469,40.6893],[-74.2528,40.6851],[-74.2609,40.6834],[-74.2709,40.6789]]]}},{"type":"Feature","properties":{"geoid":"34039033501","clusterId":"new-york-west"},"geometry":{"type":"Polygon","coordinates":[[[-74.2742,40.6733],[-74.2713,40.6709],[-74.258,40.6721],[-74.2344,40.6862],[-74.2373,40.6865],[-74.2377,40.6898],[-74.24,40.6892],[-74.2542,40.6787],[-74.267,40.6769],[-74.2692,40.6781],[-74.2742,40.6733]]]}},{"type":"Feature","properties":{"geoid":"34039033502","clusterId":"new-york-west"},"geometry":{"type":"Polygon","coordinates":[[[-74.2577,40.6723],[-74.2542,40.6702],[-74.2462,40.6732],[-74.2393,40.6726],[-74.2356,40.677],[-74.2357,40.6755],[-74.231,40.6717],[-74.2299,40.6738],[-74.2256,40.6749],[-74.2261,40.6757],[-74.2222,40.675],[-74.2264,40.6771],[-74.2256,40.6795],[-74.2322,40.6869],[-74.2577,40.6723]]]}},{"type":"Feature","properties":{"geoid":"34039033600","clusterId":"new-york-west"},"geometry":{"type":"Polygon","coordinates":[[[-74.3141,40.6738],[-74.3078,40.6744],[-74.3067,40.6721],[-74.291,40.6732],[-74.2919,40.6717],[-74.2886,40.6709],[-74.284,40.6652],[-74.2753,40.6677],[-74.2761,40.6702],[-74.2713,40.6709],[-74.2742,40.6733],[-74.2692,40.6781],[-74.2724,40.6794],[-74.2712,40.6803],[-74.2772,40.686],[-74.2744,40.6866],[-74.2762,40.689],[-74.2736,40.6906],[-74.2782,40.6904],[-74.2792,40.6892],[-74.278,40.6883],[-74.2799,40.6866],[-74.2845,40.686],[-74.2854,40.688],[-74.2918,40.6858],[-74.2933,40.6902],[-74.2951,40.69],[-74.2947,40.688],[-74.2987,40.6875],[-74.2984,40.6847],[-74.3052,40.6844],[-74.3052,40.6814],[-74.3102,40.6797],[-74.3124,40.6761],[-74.3118,40.6742],[-74.3141,40.6738]]]}},{"type":"Feature","properties":{"geoid":"34039033700","clusterId":"new-york-west"},"geometry":{"type":"Polygon","coordinates":[[[-74.263,40.6691],[-74.2619,40.6644],[-74.2583,40.6617],[-74.2467,40.6632],[-74.2487,40.6673],[-74.258,40.6721],[-74.263,40.6691]]]}},{"type":"Feature","properties":{"geoid":"34039033800","clusterId":"new-york-west"},"geometry":{"type":"Polygon","coordinates":[[[-74.2854,40.6653],[-74.2839,40.6589],[-74.2789,40.6596],[-74.258,40.6721],[-74.2761,40.6702],[-74.2753,40.6677],[-74.2854,40.6653]]]}},{"type":"Feature","properties":{"geoid":"34039033900","clusterId":"new-york-west"},"geometry":{"type":"Polygon","coordinates":[[[-74.2838,40.6589],[-74.2583,40.6624],[-74.2619,40.6644],[-74.263,40.6691],[-74.2789,40.6596],[-74.2838,40.6589]]]}},{"type":"Feature","properties":{"geoid":"34039034000","clusterId":"new-york-west"},"geometry":{"type":"Polygon","coordinates":[[[-74.2832,40.6564],[-74.2852,40.655],[-74.2828,40.6543],[-74.281,40.6499],[-74.2774,40.6557],[-74.2405,40.6606],[-74.2447,40.6635],[-74.2834,40.6582],[-74.2832,40.6564]]]}},{"type":"Feature","properties":{"geoid":"34039034100","clusterId":"new-york-west"},"geometry":{"type":"Polygon","coordinates":[[[-74.2599,40.658],[-74.2588,40.653],[-74.2475,40.6546],[-74.2435,40.6491],[-74.2334,40.6544],[-74.2405,40.6606],[-74.2599,40.658]]]}},{"type":"Feature","properties":{"geoid":"34039034200","clusterId":"new-york-west"},"geometry":{"type":"Polygon","coordinates":[[[-74.2782,40.6534],[-74.2607,40.6476],[-74.2618,40.6526],[-74.2588,40.653],[-74.2599,40.658],[-74.2774,40.6557],[-74.2782,40.6534]]]}},{"type":"Feature","properties":{"geoid":"34039034300","clusterId":"new-york-west"},"geometry":{"type":"Polygon","coordinates":[[[-74.281,40.6499],[-74.2643,40.6372],[-74.2596,40.6426],[-74.2607,40.6476],[-74.2662,40.65],[-74.2784,40.6528],[-74.281,40.6499]]]}},{"type":"Feature","properties":{"geoid":"34039034400","clusterId":"new-york-west"},"geometry":{"type":"Polygon","coordinates":[[[-74.2618,40.6526],[-74.2596,40.6426],[-74.2435,40.6491],[-74.2475,40.6546],[-74.2618,40.6526]]]}},{"type":"Feature","properties":{"geoid":"34039034500","clusterId":"new-york-west"},"geometry":{"type":"Polygon","coordinates":[[[-74.2487,40.6473],[-74.2425,40.6435],[-74.2407,40.6452],[-74.2378,40.6428],[-74.2282,40.6519],[-74.2325,40.6549],[-74.2487,40.6473]]]}},{"type":"Feature","properties":{"geoid":"34039034600","clusterId":"new-york-west"},"geometry":{"type":"Polygon","coordinates":[[[-74.259,40.6432],[-74.2493,40.637],[-74.2425,40.6435],[-74.2487,40.6473],[-74.259,40.6432]]]}},{"type":"Feature","properties":{"geoid":"34039034700","clusterId":"new-york-west"},"geometry":{"type":"Polygon","coordinates":[[[-74.2633,40.6384],[-74.2643,40.6372],[-74.2547,40.6317],[-74.2492,40.6369],[-74.2592,40.643],[-74.2633,40.6384]]]}},{"type":"Feature","properties":{"geoid":"34039034800","clusterId":"new-york-west"},"geometry":{"type":"Polygon","coordinates":[[[-74.2877,40.6397],[-74.2815,40.6341],[-74.2768,40.6391],[-74.2674,40.634],[-74.2643,40.6372],[-74.2816,40.6502],[-74.2813,40.6436],[-74.2877,40.6397]]]}},{"type":"Feature","properties":{"geoid":"34039034900","clusterId":"new-york-west"},"geometry":{"type":"Polygon","coordinates":[[[-74.2852,40.6348],[-74.2748,40.6255],[-74.2717,40.6283],[-74.2659,40.6268],[-74.2586,40.6337],[-74.2643,40.6372],[-74.2674,40.634],[-74.2768,40.6391],[-74.2815,40.6341],[-74.2838,40.6359],[-74.2852,40.6348]]]}},{"type":"Feature","properties":{"geoid":"34039035000","clusterId":"new-york-west"},"geometry":{"type":"Polygon","coordinates":[[[-74.2748,40.6255],[-74.2653,40.6167],[-74.2557,40.6256],[-74.2584,40.626],[-74.2547,40.6317],[-74.2586,40.6337],[-74.2659,40.6268],[-74.2717,40.6283],[-74.2748,40.6255]]]}},{"type":"Feature","properties":{"geoid":"34039035100","clusterId":"new-york-west"},"geometry":{"type":"Polygon","coordinates":[[[-74.2584,40.6261],[-74.2557,40.6256],[-74.2376,40.6433],[-74.2407,40.6452],[-74.2543,40.6321],[-74.2584,40.6261]]]}},{"type":"Feature","properties":{"geoid":"34039035200","clusterId":"new-york-west"},"geometry":{"type":"Polygon","coordinates":[[[-74.2391,40.6416],[-74.2304,40.6388],[-74.2102,40.6399],[-74.2282,40.6519],[-74.2391,40.6416]]]}},{"type":"Feature","properties":{"geoid":"34039035300","clusterId":"new-york-west"},"geometry":{"type":"Polygon","coordinates":[[[-74.2557,40.6257],[-74.2398,40.6196],[-74.2365,40.6192],[-74.2336,40.6215],[-74.2496,40.6315],[-74.2557,40.6257]]]}},{"type":"Feature","properties":{"geoid":"34039035400","clusterId":"new-york-west"},"geometry":{"type":"Polygon","coordinates":[[[-74.2652,40.6168],[-74.2555,40.6077],[-74.2577,40.6023],[-74.2531,40.6008],[-74.242,40.5995],[-74.2359,40.6026],[-74.2334,40.5996],[-74.2302,40.5988],[-74.2196,40.6004],[-74.2145,40.6041],[-74.2126,40.603],[-74.2108,40.5976],[-74.2033,40.593],[-74.1996,40.5978],[-74.1996,40.6004],[-74.2048,40.6061],[-74.2024,40.6168],[-74.2039,40.6244],[-74.2024,40.6316],[-74.2007,40.6329],[-74.2102,40.6399],[-74.2304,40.6388],[-74.2395,40.6412],[-74.2496,40.6315],[-74.2336,40.6215],[-74.2365,40.6192],[-74.2398,40.6196],[-74.2557,40.6256],[-74.2652,40.6168]]]}},{"type":"Feature","properties":{"geoid":"34039035500","clusterId":"new-york-west"},"geometry":{"type":"Polygon","coordinates":[[[-74.295,40.6178],[-74.2926,40.6161],[-74.2848,40.6163],[-74.2772,40.6131],[-74.277,40.6106],[-74.2753,40.6098],[-74.2662,40.6176],[-74.2768,40.6274],[-74.295,40.6178]]]}},{"type":"Feature","properties":{"geoid":"34039035600","clusterId":"new-york-west"},"geometry":{"type":"Polygon","coordinates":[[[-74.305,40.6013],[-74.2967,40.596],[-74.2942,40.6057],[-74.2926,40.6072],[-74.2938,40.6074],[-74.2915,40.6161],[-74.2952,40.6176],[-74.3033,40.612],[-74.303,40.6073],[-74.3048,40.6067],[-74.3031,40.6057],[-74.305,40.6013]]]}},{"type":"Feature","properties":{"geoid":"34039035700","clusterId":"new-york-west"},"geometry":{"type":"Polygon","coordinates":[[[-74.2966,40.5965],[-74.2925,40.593],[-74.2907,40.5944],[-74.2903,40.6008],[-74.2846,40.6097],[-74.277,40.6106],[-74.2772,40.6131],[-74.2848,40.6163],[-74.2915,40.6161],[-74.2938,40.6074],[-74.2926,40.6072],[-74.2942,40.6057],[-74.2966,40.5965]]]}},{"type":"Feature","properties":{"geoid":"34039035800","clusterId":"new-york-west"},"geometry":{"type":"Polygon","coordinates":[[[-74.2925,40.593],[-74.291,40.5919],[-74.2596,40.5973],[-74.2577,40.6023],[-74.2632,40.6034],[-74.2656,40.6003],[-74.271,40.5992],[-74.2866,40.6049],[-74.2903,40.6008],[-74.2907,40.5944],[-74.2925,40.593]]]}},{"type":"Feature","properties":{"geoid":"34039035900","clusterId":"new-york-west"},"geometry":{"type":"Polygon","coordinates":[[[-74.2861,40.6057],[-74.2752,40.6003],[-74.2755,40.6038],[-74.2736,40.6074],[-74.2764,40.6109],[-74.2846,40.6097],[-74.2861,40.6057]]]}},{"type":"Feature","properties":{"geoid":"34039036000","clusterId":"new-york-west"},"geometry":{"type":"Polygon","coordinates":[[[-74.2755,40.6035],[-74.2752,40.6003],[-74.2677,40.5994],[-74.2632,40.6034],[-74.2577,40.6023],[-74.2555,40.6077],[-74.2662,40.6176],[-74.2753,40.6098],[-74.2736,40.6073],[-74.2755,40.6035]]]}},{"type":"Feature","properties":{"geoid":"34039036100","clusterId":"new-york-west"},"geometry":{"type":"Polygon","coordinates":[[[-74.2974,40.6291],[-74.2838,40.6359],[-74.2896,40.64],[-74.2914,40.6349],[-74.2974,40.6291]]]}},{"type":"Feature","properties":{"geoid":"34039036200","clusterId":"new-york-west"},"geometry":{"type":"Polygon","coordinates":[[[-74.3129,40.608],[-74.3029,40.6087],[-74.3033,40.612],[-74.2768,40.6274],[-74.2853,40.6347],[-74.2972,40.6288],[-74.2913,40.6351],[-74.2904,40.6399],[-74.3087,40.6223],[-74.3129,40.608]]]}},{"type":"Feature","properties":{"geoid":"34039036301","clusterId":"new-york-west"},"geometry":{"type":"Polygon","coordinates":[[[-74.3402,40.6171],[-74.3331,40.6123],[-74.3238,40.6219],[-74.3215,40.6206],[-74.3224,40.619],[-74.3114,40.615],[-74.3079,40.6234],[-74.2904,40.6399],[-74.2967,40.6382],[-74.3049,40.6335],[-74.3128,40.6383],[-74.3285,40.6205],[-74.331,40.6195],[-74.3298,40.6185],[-74.3359,40.6165],[-74.3402,40.6171]]]}},{"type":"Feature","properties":{"geoid":"34039036302","clusterId":"new-york-west"},"geometry":{"type":"Polygon","coordinates":[[[-74.3587,40.6041],[-74.313,40.6079],[-74.3114,40.615],[-74.3224,40.619],[-74.3215,40.6206],[-74.3238,40.6219],[-74.3331,40.6123],[-74.3403,40.6171],[-74.3397,40.614],[-74.3456,40.6117],[-74.3523,40.6117],[-74.3587,40.6041]]]}},{"type":"Feature","properties":{"geoid":"34039036400","clusterId":"new-york-west"},"geometry":{"type":"Polygon","coordinates":[[[-74.3514,40.6648],[-74.3499,40.659],[-74.3384,40.6515],[-74.3319,40.6523],[-74.3289,40.6571],[-74.3263,40.6575],[-74.3274,40.6625],[-74.3225,40.6768],[-74.3313,40.6823],[-74.3313,40.6784],[-74.3483,40.6725],[-74.3459,40.6713],[-74.3459,40.6685],[-74.3497,40.6658],[-74.3509,40.6664],[-74.3514,40.6648]]]}},{"type":"Feature","properties":{"geoid":"34039036500","clusterId":"new-york-west"},"geometry":{"type":"Polygon","coordinates":[[[-74.3788,40.6677],[-74.3657,40.6477],[-74.3619,40.6483],[-74.35,40.6599],[-74.3509,40.6664],[-74.3532,40.6676],[-74.3571,40.6647],[-74.3596,40.6662],[-74.3575,40.6681],[-74.3602,40.6697],[-74.3683,40.6685],[-74.3714,40.6658],[-74.3751,40.6686],[-74.3788,40.6677]]]}},{"type":"Feature","properties":{"geoid":"34039036600","clusterId":"new-york-west"},"geometry":{"type":"Polygon","coordinates":[[[-74.3657,40.6477],[-74.361,40.6393],[-74.3519,40.6481],[-74.3433,40.6493],[-74.3352,40.6449],[-74.3312,40.6483],[-74.334,40.6492],[-74.3319,40.6523],[-74.3384,40.6515],[-74.35,40.6599],[-74.3619,40.6483],[-74.3657,40.6477]]]}},{"type":"Feature","properties":{"geoid":"34039036700","clusterId":"new-york-west"},"geometry":{"type":"Polygon","coordinates":[[[-74.361,40.6393],[-74.3545,40.6359],[-74.3482,40.642],[-74.3365,40.6357],[-74.3265,40.6462],[-74.3312,40.6483],[-74.3352,40.6449],[-74.3433,40.6493],[-74.3519,40.6481],[-74.361,40.6393]]]}},{"type":"Feature","properties":{"geoid":"34039036800","clusterId":"new-york-west"},"geometry":{"type":"Polygon","coordinates":[[[-74.3545,40.6359],[-74.3374,40.6242],[-74.3343,40.6272],[-74.3251,40.6252],[-74.3128,40.6383],[-74.3266,40.6464],[-74.3365,40.6357],[-74.3482,40.642],[-74.3545,40.6359]]]}},{"type":"Feature","properties":{"geoid":"34039036900","clusterId":"new-york-west"},"geometry":{"type":"Polygon","coordinates":[[[-74.3336,40.6495],[-74.3197,40.6423],[-74.3166,40.6453],[-74.3207,40.6475],[-74.3125,40.6541],[-74.3194,40.6581],[-74.326,40.6562],[-74.3263,40.6575],[-74.3288,40.6571],[-74.3336,40.6495]]]}},{"type":"Feature","properties":{"geoid":"34039037000","clusterId":"new-york-west"},"geometry":{"type":"Polygon","coordinates":[[[-74.3139,40.6713],[-74.3102,40.6688],[-74.3108,40.6661],[-74.3082,40.6643],[-74.3085,40.6614],[-74.3024,40.6577],[-74.2987,40.6619],[-74.2904,40.658],[-74.2839,40.6589],[-74.2862,40.6687],[-74.2886,40.6709],[-74.2906,40.6704],[-74.2919,40.6717],[-74.291,40.6732],[-74.3067,40.6721],[-74.3078,40.6744],[-74.3131,40.6736],[-74.3139,40.6713]]]}},{"type":"Feature","properties":{"geoid":"34039037100","clusterId":"new-york-west"},"geometry":{"type":"Polygon","coordinates":[[[-74.3274,40.6626],[-74.326,40.6562],[-74.3194,40.6581],[-74.3151,40.6557],[-74.3076,40.657],[-74.3052,40.6595],[-74.3085,40.6614],[-74.3082,40.6643],[-74.3108,40.6659],[-74.3102,40.6688],[-74.3116,40.6709],[-74.3139,40.6711],[-74.3126,40.6727],[-74.3141,40.6738],[-74.3118,40.6742],[-74.3124,40.6761],[-74.3104,40.6785],[-74.3225,40.6768],[-74.3274,40.6626]]]}},{"type":"Feature","properties":{"geoid":"34039037200","clusterId":"new-york-west"},"geometry":{"type":"Polygon","coordinates":[[[-74.3151,40.6557],[-74.3061,40.6501],[-74.2966,40.6512],[-74.2943,40.6489],[-74.2831,40.6573],[-74.2839,40.6589],[-74.2904,40.658],[-74.2987,40.6619],[-74.3024,40.6577],[-74.3052,40.6595],[-74.3083,40.6564],[-74.3151,40.6557]]]}},{"type":"Feature","properties":{"geoid":"34039037300","clusterId":"new-york-west"},"geometry":{"type":"Polygon","coordinates":[[[-74.3055,40.6408],[-74.3035,40.6343],[-74.2958,40.6386],[-74.2879,40.6396],[-74.2813,40.6436],[-74.2828,40.6543],[-74.2858,40.655],[-74.2943,40.6489],[-74.2966,40.6512],[-74.3036,40.6502],[-74.3055,40.6408]]]}},{"type":"Feature","properties":{"geoid":"34039037400","clusterId":"new-york-west"},"geometry":{"type":"Polygon","coordinates":[[[-74.3207,40.6474],[-74.3166,40.6453],[-74.3197,40.6423],[-74.3049,40.6335],[-74.3035,40.6343],[-74.3055,40.6407],[-74.3036,40.6502],[-74.3061,40.6501],[-74.3125,40.6541],[-74.3207,40.6474]]]}},{"type":"Feature","properties":{"geoid":"34039037500","clusterId":"new-york-west"},"geometry":{"type":"Polygon","coordinates":[[[-74.3379,40.7124],[-74.3366,40.7114],[-74.3339,40.7149],[-74.3306,40.7156],[-74.326,40.7103],[-74.31,40.7016],[-74.3011,40.7046],[-74.302,40.7078],[-74.2972,40.71],[-74.296,40.7124],[-74.2972,40.7152],[-74.3035,40.7132],[-74.3093,40.7144],[-74.3163,40.7193],[-74.3206,40.7193],[-74.3256,40.7171],[-74.3324,40.7203],[-74.3305,40.7158],[-74.3333,40.7165],[-74.3379,40.7124]]]}},{"type":"Feature","properties":{"geoid":"34039037601","clusterId":"new-york-west"},"geometry":{"type":"Polygon","coordinates":[[[-74.3578,40.7],[-74.3596,40.6995],[-74.3365,40.6855],[-74.3168,40.7053],[-74.3265,40.7107],[-74.329,40.7148],[-74.3322,40.7156],[-74.3505,40.702],[-74.3578,40.7]]]}},{"type":"Feature","properties":{"geoid":"34039037602","clusterId":"new-york-west"},"geometry":{"type":"Polygon","coordinates":[[[-74.3365,40.6855],[-74.3225,40.6768],[-74.3104,40.6785],[-74.3102,40.6797],[-74.307,40.6803],[-74.3084,40.6808],[-74.3068,40.682],[-74.3111,40.6843],[-74.3123,40.6896],[-74.3067,40.6932],[-74.3079,40.6963],[-74.307,40.6988],[-74.3107,40.7],[-74.31,40.7016],[-74.3168,40.7053],[-74.3365,40.6855]]]}},{"type":"Feature","properties":{"geoid":"34039037700","clusterId":"new-york-west"},"geometry":{"type":"Polygon","coordinates":[[[-74.3801,40.7336],[-74.3775,40.7301],[-74.3792,40.729],[-74.3768,40.7294],[-74.368,40.7227],[-74.3643,40.7252],[-74.3618,40.7233],[-74.3596,40.7254],[-74.3561,40.7255],[-74.3551,40.723],[-74.3564,40.7162],[-74.3497,40.7141],[-74.3467,40.7145],[-74.3412,40.7185],[-74.3387,40.7234],[-74.3563,40.735],[-74.3691,40.7394],[-74.3717,40.7396],[-74.3706,40.736],[-74.3718,40.7342],[-74.3801,40.7336]]]}},{"type":"Feature","properties":{"geoid":"34039037800","clusterId":"new-york-west"},"geometry":{"type":"Polygon","coordinates":[[[-74.3914,40.7181],[-74.3914,40.7162],[-74.3862,40.7121],[-74.3771,40.7122],[-74.364,40.7168],[-74.358,40.7133],[-74.3551,40.7232],[-74.3561,40.7255],[-74.3596,40.7254],[-74.3611,40.7235],[-74.3643,40.7252],[-74.368,40.7227],[-74.3768,40.7294],[-74.3848,40.7243],[-74.3903,40.7259],[-74.3914,40.7181]]]}},{"type":"Feature","properties":{"geoid":"34039037900","clusterId":"new-york-west"},"geometry":{"type":"Polygon","coordinates":[[[-74.3861,40.7122],[-74.3814,40.6998],[-74.3837,40.6978],[-74.3795,40.6853],[-74.3732,40.6918],[-74.3619,40.6991],[-74.3526,40.7014],[-74.3532,40.7061],[-74.3515,40.7115],[-74.3601,40.7092],[-74.3632,40.7049],[-74.3659,40.7159],[-74.3771,40.7122],[-74.3861,40.7122]]]}},{"type":"Feature","properties":{"geoid":"34039038000","clusterId":"new-york-west"},"geometry":{"type":"Polygon","coordinates":[[[-74.3659,40.7159],[-74.3632,40.7049],[-74.3601,40.7092],[-74.3515,40.7115],[-74.3532,40.7061],[-74.3526,40.7014],[-74.3422,40.7084],[-74.3347,40.7157],[-74.3305,40.7158],[-74.3324,40.7203],[-74.3387,40.7234],[-74.3408,40.7189],[-74.3474,40.7143],[-74.3564,40.7162],[-74.358,40.7133],[-74.364,40.7168],[-74.3659,40.7159]]]}},{"type":"Feature","properties":{"geoid":"34039038101","clusterId":"new-york-west"},"geometry":{"type":"Polygon","coordinates":[[[-74.4182,40.687],[-74.4129,40.6795],[-74.4115,40.6803],[-74.4106,40.6792],[-74.4009,40.6851],[-74.3961,40.6862],[-74.396,40.6898],[-74.3834,40.6962],[-74.3837,40.6978],[-74.3814,40.6998],[-74.3846,40.7108],[-74.3864,40.7123],[-74.3911,40.7012],[-74.3968,40.6997],[-74.4182,40.687]]]}},{"type":"Feature","properties":{"geoid":"34039038103","clusterId":"new-york-west"},"geometry":{"type":"Polygon","coordinates":[[[-74.4286,40.6991],[-74.4248,40.6948],[-74.4205,40.6931],[-74.4209,40.6892],[-74.4182,40.687],[-74.4014,40.696],[-74.4021,40.6992],[-74.405,40.7016],[-74.4073,40.7134],[-74.4086,40.71],[-74.4128,40.7101],[-74.4147,40.7062],[-74.4268,40.7018],[-74.4286,40.6991]]]}},{"type":"Feature","properties":{"geoid":"34039038104","clusterId":"new-york-west"},"geometry":{"type":"Polygon","coordinates":[[[-74.4073,40.7134],[-74.405,40.7016],[-74.4021,40.6992],[-74.4014,40.696],[-74.3968,40.6997],[-74.3902,40.7018],[-74.3864,40.7123],[-74.3914,40.7162],[-74.3914,40.7181],[-74.402,40.7181],[-74.4073,40.7134]]]}},{"type":"Feature","properties":{"geoid":"34039038201","clusterId":"new-york-west"},"geometry":{"type":"Polygon","coordinates":[[[-74.4417,40.6826],[-74.44,40.6809],[-74.4398,40.6684],[-74.4335,40.6646],[-74.4298,40.665],[-74.42,40.6576],[-74.4085,40.6664],[-74.4051,40.6678],[-74.4035,40.6667],[-74.3979,40.6743],[-74.3864,40.679],[-74.3795,40.6853],[-74.3834,40.6962],[-74.396,40.6898],[-74.3961,40.6862],[-74.4009,40.6851],[-74.4106,40.6792],[-74.4115,40.6803],[-74.4129,40.6795],[-74.4182,40.687],[-74.4265,40.6821],[-74.4417,40.6826]]]}},{"type":"Feature","properties":{"geoid":"34039038202","clusterId":"new-york-west"},"geometry":{"type":"Polygon","coordinates":[[[-74.461,40.6735],[-74.4508,40.6541],[-74.4451,40.6566],[-74.4329,40.6645],[-74.44,40.6686],[-74.44,40.6809],[-74.4417,40.6826],[-74.4246,40.6827],[-74.4182,40.687],[-74.4209,40.6892],[-74.4205,40.6931],[-74.4248,40.6948],[-74.4286,40.6991],[-74.4309,40.6933],[-74.4347,40.6935],[-74.4379,40.6919],[-74.4381,40.6902],[-74.4453,40.688],[-74.4477,40.6856],[-74.4517,40.6856],[-74.4531,40.6825],[-74.4516,40.6793],[-74.454,40.6742],[-74.461,40.6735]]]}},{"type":"Feature","properties":{"geoid":"34039038300","clusterId":"new-york-west"},"geometry":{"type":"Polygon","coordinates":[[[-74.3871,40.6787],[-74.3789,40.6677],[-74.3751,40.6686],[-74.3714,40.6658],[-74.3683,40.6685],[-74.3602,40.6697],[-74.3575,40.6681],[-74.3596,40.6662],[-74.3571,40.6647],[-74.3532,40.6676],[-74.3497,40.6658],[-74.3459,40.6685],[-74.3459,40.6713],[-74.3483,40.6725],[-74.3313,40.6784],[-74.3313,40.6823],[-74.3596,40.6995],[-74.3732,40.6918],[-74.3871,40.6787]]]}},{"type":"Feature","properties":{"geoid":"34039038400","clusterId":"new-york-west"},"geometry":{"type":"Polygon","coordinates":[[[-74.4085,40.6444],[-74.4018,40.6404],[-74.3867,40.6533],[-74.3975,40.6594],[-74.3789,40.6677],[-74.3871,40.6787],[-74.3979,40.6743],[-74.4016,40.6707],[-74.4035,40.6667],[-74.4018,40.6643],[-74.4025,40.6568],[-74.4034,40.6538],[-74.407,40.6508],[-74.4064,40.6475],[-74.4085,40.6444]]]}},{"type":"Feature","properties":{"geoid":"34039038500","clusterId":"new-york-west"},"geometry":{"type":"Polygon","coordinates":[[[-74.3975,40.6594],[-74.3747,40.6466],[-74.3653,40.647],[-74.3789,40.6677],[-74.3975,40.6594]]]}},{"type":"Feature","properties":{"geoid":"34039038601","clusterId":"new-york-west"},"geometry":{"type":"Polygon","coordinates":[[[-74.3759,40.6364],[-74.3707,40.6326],[-74.3701,40.6251],[-74.367,40.6238],[-74.3649,40.6185],[-74.3659,40.6139],[-74.3565,40.6103],[-74.3434,40.6123],[-74.3392,40.6145],[-74.3402,40.6171],[-74.3359,40.6165],[-74.3299,40.6185],[-74.331,40.6195],[-74.3286,40.6204],[-74.3251,40.6252],[-74.3343,40.6272],[-74.3374,40.6242],[-74.3512,40.6329],[-74.3513,40.6348],[-74.3611,40.6393],[-74.3653,40.647],[-74.3724,40.6461],[-74.3759,40.6364]]]}},{"type":"Feature","properties":{"geoid":"34039038602","clusterId":"new-york-west"},"geometry":{"type":"Polygon","coordinates":[[[-74.3971,40.6081],[-74.3947,40.601],[-74.3587,40.6041],[-74.3535,40.6105],[-74.3603,40.6113],[-74.3659,40.6139],[-74.3649,40.6185],[-74.367,40.6238],[-74.3701,40.6251],[-74.3707,40.6326],[-74.3758,40.6363],[-74.3845,40.6305],[-74.3827,40.6295],[-74.3893,40.6235],[-74.3971,40.6081]]]}},{"type":"Feature","properties":{"geoid":"34039038701","clusterId":"new-york-west"},"geometry":{"type":"Polygon","coordinates":[[[-74.4018,40.6404],[-74.3845,40.6305],[-74.3758,40.6363],[-74.3939,40.6471],[-74.4018,40.6404]]]}},{"type":"Feature","properties":{"geoid":"34039038702","clusterId":"new-york-west"},"geometry":{"type":"Polygon","coordinates":[[[-74.3936,40.647],[-74.3758,40.6363],[-74.3719,40.6449],[-74.3726,40.6468],[-74.3747,40.6466],[-74.3867,40.6533],[-74.3936,40.647]]]}},{"type":"Feature","properties":{"geoid":"34039038800","clusterId":"new-york-west"},"geometry":{"type":"Polygon","coordinates":[[[-74.4151,40.6383],[-74.399,40.6292],[-74.3911,40.6343],[-74.4085,40.6443],[-74.4085,40.6427],[-74.4144,40.6407],[-74.4151,40.6383]]]}},{"type":"Feature","properties":{"geoid":"34039038900","clusterId":"new-york-west"},"geometry":{"type":"Polygon","coordinates":[[[-74.4234,40.6209],[-74.4222,40.6202],[-74.4155,40.6279],[-74.411,40.6254],[-74.4023,40.631],[-74.415,40.6377],[-74.4162,40.6293],[-74.4227,40.6252],[-74.4234,40.6209]]]}},{"type":"Feature","properties":{"geoid":"34039039000","clusterId":"new-york-west"},"geometry":{"type":"Polygon","coordinates":[[[-74.422,40.6204],[-74.4157,40.617],[-74.399,40.6292],[-74.4023,40.631],[-74.411,40.6254],[-74.4155,40.6279],[-74.422,40.6204]]]}},{"type":"Feature","properties":{"geoid":"34039039100","clusterId":"new-york-west"},"geometry":{"type":"Polygon","coordinates":[[[-74.4029,40.6267],[-74.4021,40.6202],[-74.3993,40.616],[-74.3972,40.6081],[-74.3893,40.6235],[-74.3827,40.6295],[-74.3911,40.6343],[-74.4029,40.6267]]]}},{"type":"Feature","properties":{"geoid":"34039039200","clusterId":"new-york-west"},"geometry":{"type":"Polygon","coordinates":[[[-74.4193,40.6132],[-74.4202,40.6125],[-74.4174,40.6106],[-74.4143,40.6132],[-74.3991,40.6152],[-74.4021,40.6202],[-74.4029,40.6267],[-74.4122,40.6207],[-74.4193,40.6132]]]}},{"type":"Feature","properties":{"geoid":"34039039301","clusterId":"new-york-west"},"geometry":{"type":"Polygon","coordinates":[[[-74.4329,40.614],[-74.4241,40.6091],[-74.4208,40.6119],[-74.4229,40.6133],[-74.4213,40.6147],[-74.4265,40.6179],[-74.4329,40.614]]]}},{"type":"Feature","properties":{"geoid":"34039039302","clusterId":"new-york-west"},"geometry":{"type":"Polygon","coordinates":[[[-74.4265,40.618],[-74.4213,40.6147],[-74.4229,40.6133],[-74.4208,40.6119],[-74.4157,40.617],[-74.4235,40.6209],[-74.4265,40.618]]]}},{"type":"Feature","properties":{"geoid":"34039039400","clusterId":"new-york-west"},"geometry":{"type":"Polygon","coordinates":[[[-74.4633,40.5992],[-74.4585,40.5948],[-74.4361,40.6094],[-74.4296,40.6045],[-74.4241,40.6091],[-74.4329,40.6139],[-74.438,40.6098],[-74.4457,40.609],[-74.4514,40.6035],[-74.454,40.604],[-74.4556,40.602],[-74.4633,40.5992]]]}},{"type":"Feature","properties":{"geoid":"34039039501","clusterId":"new-york-west"},"geometry":{"type":"Polygon","coordinates":[[[-74.4436,40.6007],[-74.4371,40.5975],[-74.4296,40.6045],[-74.4336,40.6071],[-74.4436,40.6007]]]}},{"type":"Feature","properties":{"geoid":"34039039502","clusterId":"new-york-west"},"geometry":{"type":"Polygon","coordinates":[[[-74.4563,40.5962],[-74.438,40.5974],[-74.4436,40.6007],[-74.4336,40.6071],[-74.4361,40.6094],[-74.4563,40.5962]]]}},{"type":"Feature","properties":{"geoid":"34039039600","clusterId":"new-york-west"},"geometry":{"type":"Polygon","coordinates":[[[-74.4371,40.5975],[-74.4161,40.5992],[-74.4172,40.6104],[-74.4202,40.6125],[-74.4371,40.5975]]]}},{"type":"Feature","properties":{"geoid":"34039039700","clusterId":"new-york-west"},"geometry":{"type":"Polygon","coordinates":[[[-74.4174,40.6106],[-74.4161,40.5992],[-74.3947,40.601],[-74.3991,40.6152],[-74.4143,40.6132],[-74.4174,40.6106]]]}},{"type":"Feature","properties":{"geoid":"34039039801","clusterId":"new-york-west"},"geometry":{"type":"Polygon","coordinates":[[[-74.1883,40.6566],[-74.1813,40.65],[-74.1874,40.6465],[-74.1614,40.6441],[-74.153,40.6548],[-74.1752,40.6552],[-74.1868,40.6586],[-74.1883,40.6566]]]}},{"type":"Feature","properties":{"geoid":"34039039900","clusterId":"new-york-west"},"geometry":{"type":"Polygon","coordinates":[[[-74.2198,40.6687],[-74.2171,40.6611],[-74.2116,40.6611],[-74.2095,40.6679],[-74.2158,40.6696],[-74.2149,40.6712],[-74.2193,40.6716],[-74.2198,40.6687]]]}},{"type":"Feature","properties":{"geoid":"34039980000","clusterId":"new-york-west"},"geometry":{"type":"Polygon","coordinates":[[[-74.1987,40.6634],[-74.176,40.6553],[-74.153,40.6548],[-74.1358,40.6756],[-74.1539,40.6859],[-74.1583,40.686],[-74.1644,40.69],[-74.1931,40.6872],[-74.1935,40.6831],[-74.1973,40.6774],[-74.1906,40.6747],[-74.1987,40.6634]]]}}]}