{"type":"FeatureCollection","features":[{"type":"Feature","properties":{"geoid":"37183050100","clusterId":"raleigh-central"},"geometry":{"type":"Polygon","coordinates":[[[-78.647,35.7791],[-78.644,35.7731],[-78.6326,35.7727],[-78.6319,35.788],[-78.6458,35.7886],[-78.647,35.7791]]]}},{"type":"Feature","properties":{"geoid":"37183050300","clusterId":"raleigh-central"},"geometry":{"type":"Polygon","coordinates":[[[-78.6532,35.794],[-78.651,35.7887],[-78.6506,35.7809],[-78.6466,35.7807],[-78.6458,35.7889],[-78.6425,35.7967],[-78.6473,35.7978],[-78.6529,35.7957],[-78.6532,35.794]]]}},{"type":"Feature","properties":{"geoid":"37183050400","clusterId":"raleigh-central"},"geometry":{"type":"Polygon","coordinates":[[[-78.6458,35.7888],[-78.6344,35.7877],[-78.6342,35.7907],[-78.6294,35.7976],[-78.6257,35.7995],[-78.6238,35.8047],[-78.6302,35.8038],[-78.6406,35.799],[-78.6458,35.7888]]]}},{"type":"Feature","properties":{"geoid":"37183050500","clusterId":"raleigh-central"},"geometry":{"type":"Polygon","coordinates":[[[-78.6344,35.7883],[-78.6285,35.7879],[-78.6296,35.7846],[-78.6233,35.7845],[-78.6229,35.7866],[-78.6211,35.7871],[-78.6204,35.7928],[-78.6131,35.7929],[-78.6083,35.8017],[-78.6085,35.8072],[-78.6102,35.8097],[-78.6238,35.8047],[-78.6257,35.7995],[-78.6294,35.7976],[-78.6344,35.7883]]]}},{"type":"Feature","properties":{"geoid":"37183050600","clusterId":"raleigh-central"},"geometry":{"type":"Polygon","coordinates":[[[-78.6322,35.7803],[-78.6135,35.7798],[-78.6131,35.7929],[-78.6204,35.7928],[-78.6211,35.7871],[-78.6229,35.7866],[-78.6233,35.7845],[-78.6296,35.7846],[-78.6285,35.7879],[-78.6319,35.788],[-78.6322,35.7803]]]}},{"type":"Feature","properties":{"geoid":"37183050700","clusterId":"raleigh-central"},"geometry":{"type":"Polygon","coordinates":[[[-78.6326,35.773],[-78.6215,35.7725],[-78.6168,35.7682],[-78.6141,35.7621],[-78.6108,35.7638],[-78.6084,35.763],[-78.6121,35.7702],[-78.6144,35.7698],[-78.6135,35.7798],[-78.6323,35.7802],[-78.6326,35.773]]]}},{"type":"Feature","properties":{"geoid":"37183050800","clusterId":"raleigh-central"},"geometry":{"type":"Polygon","coordinates":[[[-78.6374,35.7632],[-78.6344,35.7566],[-78.6187,35.7578],[-78.6172,35.7609],[-78.6141,35.7621],[-78.6168,35.7682],[-78.6223,35.7725],[-78.6315,35.7727],[-78.6306,35.771],[-78.6283,35.7709],[-78.6284,35.7657],[-78.6315,35.7657],[-78.6315,35.7633],[-78.6374,35.7632]]]}},{"type":"Feature","properties":{"geoid":"37183050900","clusterId":"raleigh-central"},"geometry":{"type":"Polygon","coordinates":[[[-78.6482,35.7702],[-78.6446,35.7693],[-78.6466,35.7672],[-78.6429,35.7657],[-78.642,35.761],[-78.6369,35.7559],[-78.6344,35.7566],[-78.6374,35.7635],[-78.6315,35.7633],[-78.6315,35.7657],[-78.6284,35.7657],[-78.6283,35.7709],[-78.6306,35.771],[-78.6315,35.7727],[-78.648,35.7732],[-78.6482,35.7702]]]}},{"type":"Feature","properties":{"geoid":"37183051000","clusterId":"raleigh-central"},"geometry":{"type":"Polygon","coordinates":[[[-78.6606,35.7854],[-78.6597,35.7811],[-78.6502,35.7776],[-78.656,35.7742],[-78.6552,35.7729],[-78.6482,35.7702],[-78.648,35.7732],[-78.644,35.7731],[-78.6468,35.7771],[-78.6466,35.7807],[-78.6521,35.7811],[-78.6606,35.7854]]]}},{"type":"Feature","properties":{"geoid":"37183051101","clusterId":"raleigh-central"},"geometry":{"type":"Polygon","coordinates":[[[-78.6999,35.7839],[-78.686,35.785],[-78.6789,35.7821],[-78.6748,35.7866],[-78.6949,35.7952],[-78.6999,35.7839]]]}},{"type":"Feature","properties":{"geoid":"37183051102","clusterId":"raleigh-central"},"geometry":{"type":"Polygon","coordinates":[[[-78.6789,35.7822],[-78.6644,35.7785],[-78.656,35.7742],[-78.6502,35.7776],[-78.6597,35.7811],[-78.6606,35.7854],[-78.6745,35.7892],[-78.6756,35.7851],[-78.6789,35.7822]]]}},{"type":"Feature","properties":{"geoid":"37183051200","clusterId":"raleigh-central"},"geometry":{"type":"Polygon","coordinates":[[[-78.6709,35.7886],[-78.6506,35.7809],[-78.6529,35.7957],[-78.6587,35.7994],[-78.6602,35.7998],[-78.6628,35.7917],[-78.6703,35.793],[-78.6709,35.7886]]]}},{"type":"Feature","properties":{"geoid":"37183051400","clusterId":"raleigh-central"},"geometry":{"type":"Polygon","coordinates":[[[-78.6881,35.7931],[-78.6748,35.7866],[-78.6745,35.7892],[-78.671,35.7884],[-78.6703,35.793],[-78.6628,35.7917],[-78.6591,35.8015],[-78.6598,35.8027],[-78.6738,35.8027],[-78.6761,35.8011],[-78.6838,35.8011],[-78.6843,35.7938],[-78.6881,35.7931]]]}},{"type":"Feature","properties":{"geoid":"37183051501","clusterId":"raleigh-central"},"geometry":{"type":"Polygon","coordinates":[[[-78.6906,35.8155],[-78.6842,35.8163],[-78.6776,35.8141],[-78.6698,35.8165],[-78.6608,35.8167],[-78.6636,35.8193],[-78.6678,35.8333],[-78.6739,35.838],[-78.6762,35.8368],[-78.6906,35.8155]]]}},{"type":"Feature","properties":{"geoid":"37183051502","clusterId":"raleigh-central"},"geometry":{"type":"Polygon","coordinates":[[[-78.6938,35.8084],[-78.6936,35.8036],[-78.6853,35.8013],[-78.6761,35.8011],[-78.6736,35.8108],[-78.6691,35.816],[-78.6776,35.8141],[-78.6842,35.8163],[-78.6906,35.8155],[-78.6938,35.8084]]]}},{"type":"Feature","properties":{"geoid":"37183051600","clusterId":"raleigh-central"},"geometry":{"type":"Polygon","coordinates":[[[-78.6763,35.8028],[-78.6598,35.8027],[-78.6602,35.7998],[-78.6541,35.7959],[-78.6463,35.7979],[-78.646,35.8043],[-78.6522,35.8143],[-78.655,35.8159],[-78.6691,35.816],[-78.6736,35.8108],[-78.6745,35.8046],[-78.6763,35.8028]]]}},{"type":"Feature","properties":{"geoid":"37183051700","clusterId":"raleigh-central"},"geometry":{"type":"Polygon","coordinates":[[[-78.6738,35.838],[-78.6678,35.8333],[-78.6628,35.818],[-78.653,35.8151],[-78.6462,35.8045],[-78.6337,35.8185],[-78.6362,35.8245],[-78.6376,35.8242],[-78.6379,35.8216],[-78.6465,35.8237],[-78.6504,35.8275],[-78.6555,35.8286],[-78.6553,35.8319],[-78.6629,35.8377],[-78.6689,35.8395],[-78.6738,35.838]]]}},{"type":"Feature","properties":{"geoid":"37183051800","clusterId":"raleigh-central"},"geometry":{"type":"Polygon","coordinates":[[[-78.6463,35.798],[-78.6425,35.7967],[-78.6397,35.7996],[-78.6304,35.8037],[-78.6227,35.805],[-78.6109,35.8103],[-78.6101,35.8144],[-78.6167,35.8131],[-78.6224,35.8145],[-78.6281,35.8166],[-78.6341,35.8212],[-78.6337,35.8185],[-78.6462,35.8045],[-78.6463,35.798]]]}},{"type":"Feature","properties":{"geoid":"37183051900","clusterId":"raleigh-central"},"geometry":{"type":"Polygon","coordinates":[[[-78.6135,35.7871],[-78.6135,35.7798],[-78.5984,35.7801],[-78.5927,35.7828],[-78.5862,35.7909],[-78.5889,35.7915],[-78.5895,35.7895],[-78.5917,35.7923],[-78.5955,35.792],[-78.5951,35.7951],[-78.6002,35.8024],[-78.6005,35.8057],[-78.6039,35.8062],[-78.6081,35.8035],[-78.6109,35.799],[-78.6135,35.7871]]]}},{"type":"Feature","properties":{"geoid":"37183052001","clusterId":"raleigh-central"},"geometry":{"type":"Polygon","coordinates":[[[-78.614,35.7777],[-78.5954,35.7716],[-78.5894,35.7725],[-78.5833,35.7711],[-78.5833,35.7762],[-78.5762,35.7787],[-78.5767,35.7812],[-78.5795,35.782],[-78.5779,35.7837],[-78.5782,35.7901],[-78.5862,35.7909],[-78.5884,35.7868],[-78.5954,35.781],[-78.6135,35.7798],[-78.614,35.7777]]]}},{"type":"Feature","properties":{"geoid":"37183052002","clusterId":"raleigh-central"},"geometry":{"type":"Polygon","coordinates":[[[-78.6145,35.7711],[-78.6144,35.7698],[-78.612,35.77],[-78.6088,35.7632],[-78.6024,35.7625],[-78.5962,35.7568],[-78.591,35.7573],[-78.5858,35.7605],[-78.5829,35.7584],[-78.5821,35.7651],[-78.5846,35.7721],[-78.5953,35.7716],[-78.614,35.7777],[-78.6145,35.7711]]]}},{"type":"Feature","properties":{"geoid":"37183052101","clusterId":"raleigh-central"},"geometry":{"type":"Polygon","coordinates":[[[-78.6385,35.7423],[-78.6329,35.7321],[-78.6275,35.7312],[-78.6242,35.7287],[-78.617,35.7279],[-78.6156,35.7269],[-78.6162,35.7246],[-78.6142,35.7247],[-78.6067,35.7308],[-78.6026,35.7277],[-78.5999,35.7284],[-78.6001,35.7314],[-78.6131,35.7407],[-78.614,35.7447],[-78.6117,35.7507],[-78.6141,35.7621],[-78.6172,35.7609],[-78.6187,35.7578],[-78.6344,35.7566],[-78.6346,35.7501],[-78.6385,35.7423]]]}},{"type":"Feature","properties":{"geoid":"37183052102","clusterId":"raleigh-central"},"geometry":{"type":"Polygon","coordinates":[[[-78.6141,35.7621],[-78.6117,35.7507],[-78.6138,35.7427],[-78.6127,35.7401],[-78.6069,35.7357],[-78.6066,35.7483],[-78.5861,35.7464],[-78.5854,35.7513],[-78.5825,35.7544],[-78.5829,35.7584],[-78.5855,35.7605],[-78.591,35.7573],[-78.5962,35.7568],[-78.6033,35.7629],[-78.6108,35.7638],[-78.6141,35.7621]]]}},{"type":"Feature","properties":{"geoid":"37183052303","clusterId":"raleigh-central"},"geometry":{"type":"Polygon","coordinates":[[[-78.6958,35.7466],[-78.6841,35.7427],[-78.6804,35.743],[-78.6751,35.747],[-78.6785,35.7482],[-78.68,35.7512],[-78.6889,35.7496],[-78.6949,35.7503],[-78.6958,35.7466]]]}},{"type":"Feature","properties":{"geoid":"37183052304","clusterId":"raleigh-central"},"geometry":{"type":"Polygon","coordinates":[[[-78.6949,35.7506],[-78.6891,35.7495],[-78.68,35.7512],[-78.6785,35.7482],[-78.6751,35.747],[-78.6674,35.753],[-78.6653,35.7572],[-78.6947,35.7519],[-78.6949,35.7506]]]}},{"type":"Feature","properties":{"geoid":"37183052305","clusterId":"raleigh-central"},"geometry":{"type":"Polygon","coordinates":[[[-78.6947,35.7519],[-78.6653,35.7572],[-78.6482,35.7702],[-78.6522,35.771],[-78.6641,35.7784],[-78.6755,35.7807],[-78.6832,35.7734],[-78.6913,35.7691],[-78.691,35.7598],[-78.6947,35.7519]]]}},{"type":"Feature","properties":{"geoid":"37183052306","clusterId":"raleigh-central"},"geometry":{"type":"Polygon","coordinates":[[[-78.7182,35.7527],[-78.7178,35.7489],[-78.7079,35.7498],[-78.6958,35.7465],[-78.6947,35.7521],[-78.708,35.7524],[-78.7171,35.756],[-78.7182,35.7527]]]}},{"type":"Feature","properties":{"geoid":"37183052307","clusterId":"raleigh-central"},"geometry":{"type":"Polygon","coordinates":[[[-78.7172,35.76],[-78.7171,35.756],[-78.7107,35.7531],[-78.6947,35.7521],[-78.691,35.7598],[-78.6908,35.7681],[-78.6913,35.7691],[-78.6995,35.7667],[-78.7096,35.7668],[-78.7172,35.76]]]}},{"type":"Feature","properties":{"geoid":"37183052401","clusterId":"raleigh-central"},"geometry":{"type":"Polygon","coordinates":[[[-78.7473,35.7897],[-78.721,35.7852],[-78.7175,35.7888],[-78.7041,35.7948],[-78.6843,35.7938],[-78.6838,35.8011],[-78.6936,35.8036],[-78.707,35.8038],[-78.7056,35.8098],[-78.7287,35.825],[-78.7325,35.8251],[-78.7349,35.8294],[-78.7389,35.8268],[-78.743,35.8201],[-78.7393,35.8168],[-78.7383,35.8124],[-78.7422,35.7982],[-78.7473,35.7897]]]}},{"type":"Feature","properties":{"geoid":"37183052404","clusterId":"raleigh-central"},"geometry":{"type":"Polygon","coordinates":[[[-78.7234,35.7694],[-78.7218,35.7687],[-78.7215,35.7651],[-78.7168,35.7615],[-78.7096,35.7668],[-78.699,35.7668],[-78.6895,35.77],[-78.7009,35.7831],[-78.7068,35.7782],[-78.7234,35.7694]]]}},{"type":"Feature","properties":{"geoid":"37183052407","clusterId":"raleigh-central"},"geometry":{"type":"Polygon","coordinates":[[[-78.723,35.7705],[-78.7041,35.7801],[-78.6986,35.7855],[-78.6949,35.7952],[-78.705,35.7945],[-78.7175,35.7888],[-78.7188,35.7862],[-78.7218,35.7848],[-78.7211,35.7801],[-78.723,35.7705]]]}},{"type":"Feature","properties":{"geoid":"37183052408","clusterId":"raleigh-central"},"geometry":{"type":"Polygon","coordinates":[[[-78.7009,35.7831],[-78.6931,35.7729],[-78.689,35.7746],[-78.6871,35.785],[-78.7009,35.7831]]]}},{"type":"Feature","properties":{"geoid":"37183052409","clusterId":"raleigh-central"},"geometry":{"type":"Polygon","coordinates":[[[-78.693,35.7729],[-78.6908,35.7724],[-78.6895,35.77],[-78.6832,35.7734],[-78.6755,35.7807],[-78.6871,35.785],[-78.6888,35.7748],[-78.693,35.7729]]]}},{"type":"Feature","properties":{"geoid":"37183052410","clusterId":"raleigh-central"},"geometry":{"type":"Polygon","coordinates":[[[-78.7318,35.7778],[-78.7293,35.7705],[-78.7229,35.7707],[-78.7211,35.7801],[-78.7219,35.7838],[-78.7318,35.7778]]]}},{"type":"Feature","properties":{"geoid":"37183052411","clusterId":"raleigh-central"},"geometry":{"type":"Polygon","coordinates":[[[-78.7491,35.7837],[-78.7467,35.7776],[-78.7393,35.771],[-78.7217,35.7852],[-78.7471,35.7894],[-78.7491,35.7837]]]}},{"type":"Feature","properties":{"geoid":"37183052504","clusterId":"raleigh-central"},"geometry":{"type":"Polygon","coordinates":[[[-78.707,35.8039],[-78.6936,35.8036],[-78.6931,35.8116],[-78.6762,35.8368],[-78.6843,35.8413],[-78.6976,35.8337],[-78.707,35.8239],[-78.7049,35.82],[-78.707,35.8039]]]}},{"type":"Feature","properties":{"geoid":"37183052505","clusterId":"raleigh-central"},"geometry":{"type":"Polygon","coordinates":[[[-78.6842,35.8414],[-78.677,35.8368],[-78.6689,35.8395],[-78.664,35.8381],[-78.6621,35.8414],[-78.6631,35.8454],[-78.6609,35.8475],[-78.6634,35.8488],[-78.6641,35.8517],[-78.6612,35.8555],[-78.6673,35.8578],[-78.6768,35.8567],[-78.6806,35.8595],[-78.6802,35.8447],[-78.6842,35.8414]]]}},{"type":"Feature","properties":{"geoid":"37183052506","clusterId":"raleigh-central"},"geometry":{"type":"Polygon","coordinates":[[[-78.7063,35.859],[-78.6882,35.8458],[-78.6805,35.8439],[-78.6806,35.8595],[-78.6821,35.8606],[-78.6981,35.8627],[-78.7063,35.859]]]}},{"type":"Feature","properties":{"geoid":"37183052507","clusterId":"raleigh-central"},"geometry":{"type":"Polygon","coordinates":[[[-78.7129,35.859],[-78.7104,35.8476],[-78.712,35.8449],[-78.7079,35.8412],[-78.7,35.8419],[-78.6959,35.8456],[-78.6886,35.8446],[-78.6881,35.8457],[-78.6927,35.8494],[-78.7119,35.8627],[-78.7129,35.859]]]}},{"type":"Feature","properties":{"geoid":"37183052508","clusterId":"raleigh-central"},"geometry":{"type":"Polygon","coordinates":[[[-78.7146,35.842],[-78.7106,35.8314],[-78.7105,35.8265],[-78.707,35.8239],[-78.6976,35.8337],[-78.6809,35.8434],[-78.6881,35.8457],[-78.6893,35.8446],[-78.6958,35.8457],[-78.7002,35.8419],[-78.7075,35.841],[-78.712,35.8449],[-78.7146,35.842]]]}},{"type":"Feature","properties":{"geoid":"37183052509","clusterId":"raleigh-central"},"geometry":{"type":"Polygon","coordinates":[[[-78.7349,35.8294],[-78.7325,35.8251],[-78.7287,35.825],[-78.7056,35.8098],[-78.705,35.8212],[-78.7105,35.8265],[-78.7106,35.8314],[-78.7146,35.8412],[-78.712,35.8449],[-78.7149,35.8455],[-78.7167,35.8438],[-78.7243,35.8456],[-78.7243,35.8424],[-78.7201,35.8341],[-78.7232,35.8356],[-78.7246,35.8325],[-78.7282,35.8319],[-78.7309,35.8292],[-78.7349,35.8294]]]}},{"type":"Feature","properties":{"geoid":"37183052601","clusterId":"raleigh-central"},"geometry":{"type":"Polygon","coordinates":[[[-78.6641,35.8517],[-78.6634,35.8488],[-78.6609,35.8475],[-78.6631,35.8454],[-78.6621,35.8414],[-78.664,35.8381],[-78.6386,35.8345],[-78.6427,35.8403],[-78.6443,35.8469],[-78.6434,35.851],[-78.6586,35.8529],[-78.6615,35.8553],[-78.6641,35.8517]]]}},{"type":"Feature","properties":{"geoid":"37183052602","clusterId":"raleigh-central"},"geometry":{"type":"Polygon","coordinates":[[[-78.6443,35.8476],[-78.6423,35.8395],[-78.6386,35.8345],[-78.6321,35.8333],[-78.6288,35.8304],[-78.6263,35.8345],[-78.6252,35.8424],[-78.6263,35.845],[-78.6233,35.8515],[-78.6331,35.8518],[-78.6413,35.8561],[-78.6443,35.8476]]]}},{"type":"Feature","properties":{"geoid":"37183052603","clusterId":"raleigh-central"},"geometry":{"type":"Polygon","coordinates":[[[-78.6618,35.837],[-78.6553,35.8319],[-78.6552,35.8283],[-78.6512,35.8279],[-78.6471,35.824],[-78.6414,35.8221],[-78.6377,35.8216],[-78.6376,35.8242],[-78.6362,35.8245],[-78.6288,35.8172],[-78.6297,35.8226],[-78.6285,35.8255],[-78.6303,35.8281],[-78.6288,35.8304],[-78.6313,35.8329],[-78.6618,35.837]]]}},{"type":"Feature","properties":{"geoid":"37183052701","clusterId":"raleigh-central"},"geometry":{"type":"Polygon","coordinates":[[[-78.6303,35.8283],[-78.6285,35.8255],[-78.6297,35.8226],[-78.6288,35.8172],[-78.6197,35.8139],[-78.6171,35.8183],[-78.6082,35.8254],[-78.6038,35.8498],[-78.6233,35.8515],[-78.6263,35.845],[-78.6252,35.8424],[-78.6264,35.8344],[-78.6303,35.8283]]]}},{"type":"Feature","properties":{"geoid":"37183052704","clusterId":"raleigh-central"},"geometry":{"type":"Polygon","coordinates":[[[-78.6059,35.8349],[-78.5812,35.8373],[-78.576,35.8419],[-78.5784,35.8443],[-78.5906,35.8463],[-78.5902,35.8485],[-78.6038,35.8498],[-78.6059,35.8349]]]}},{"type":"Feature","properties":{"geoid":"37183052705","clusterId":"raleigh-central"},"geometry":{"type":"Polygon","coordinates":[[[-78.6196,35.814],[-78.6102,35.8145],[-78.6114,35.8111],[-78.591,35.8211],[-78.5866,35.8252],[-78.5809,35.8373],[-78.6059,35.8348],[-78.6087,35.8244],[-78.6171,35.8183],[-78.6196,35.814]]]}},{"type":"Feature","properties":{"geoid":"37183052706","clusterId":"raleigh-central"},"geometry":{"type":"Polygon","coordinates":[[[-78.6114,35.8111],[-78.6085,35.8072],[-78.608,35.8034],[-78.6039,35.8062],[-78.6005,35.8057],[-78.6002,35.8024],[-78.5951,35.7951],[-78.5958,35.7925],[-78.5917,35.7923],[-78.59,35.7896],[-78.5778,35.7975],[-78.5773,35.8103],[-78.5798,35.8181],[-78.5918,35.8207],[-78.6114,35.8111]]]}},{"type":"Feature","properties":{"geoid":"37183052707","clusterId":"raleigh-central"},"geometry":{"type":"Polygon","coordinates":[[[-78.5918,35.8207],[-78.5798,35.8181],[-78.5773,35.8103],[-78.5777,35.7973],[-78.57,35.799],[-78.5628,35.7984],[-78.569,35.8201],[-78.5692,35.835],[-78.5737,35.843],[-78.5798,35.8398],[-78.5866,35.8252],[-78.5918,35.8207]]]}},{"type":"Feature","properties":{"geoid":"37183052801","clusterId":"raleigh-central"},"geometry":{"type":"Polygon","coordinates":[[[-78.6529,35.6821],[-78.6452,35.6777],[-78.6435,35.6723],[-78.638,35.6678],[-78.6314,35.6685],[-78.6316,35.6728],[-78.6246,35.6774],[-78.6172,35.6869],[-78.6166,35.6971],[-78.6202,35.7082],[-78.6236,35.7101],[-78.6288,35.7005],[-78.6348,35.6936],[-78.6417,35.6919],[-78.6453,35.6883],[-78.6515,35.6883],[-78.6529,35.6821]]]}},{"type":"Feature","properties":{"geoid":"37183052802","clusterId":"raleigh-central"},"geometry":{"type":"Polygon","coordinates":[[[-78.6576,35.7124],[-78.6515,35.6883],[-78.6453,35.6883],[-78.6417,35.6919],[-78.6346,35.6937],[-78.6229,35.7108],[-78.6467,35.7235],[-78.651,35.7293],[-78.6506,35.7263],[-78.6576,35.7124]]]}},{"type":"Feature","properties":{"geoid":"37183052807","clusterId":"raleigh-east"},"geometry":{"type":"Polygon","coordinates":[[[-78.5843,35.7226],[-78.5833,35.705],[-78.5753,35.6948],[-78.5361,35.6831],[-78.5115,35.672],[-78.4737,35.7015],[-78.4845,35.7054],[-78.4836,35.7118],[-78.48,35.7196],[-78.4765,35.7224],[-78.482,35.7261],[-78.4885,35.7237],[-78.4933,35.7261],[-78.5022,35.7244],[-78.5136,35.7268],[-78.5179,35.7234],[-78.5193,35.7192],[-78.5326,35.721],[-78.5468,35.7244],[-78.5694,35.7401],[-78.5783,35.7274],[-78.5843,35.7226]]]}},{"type":"Feature","properties":{"geoid":"37183052809","clusterId":"raleigh-south"},"geometry":{"type":"Polygon","coordinates":[[[-78.5749,35.6947],[-78.5633,35.6742],[-78.5664,35.6292],[-78.5115,35.672],[-78.5361,35.6831],[-78.5749,35.6947]]]}},{"type":"Feature","properties":{"geoid":"37183052810","clusterId":"raleigh-central"},"geometry":{"type":"Polygon","coordinates":[[[-78.5561,35.7301],[-78.5459,35.724],[-78.5193,35.7192],[-78.5179,35.7234],[-78.5136,35.7268],[-78.5145,35.7313],[-78.5231,35.7307],[-78.5287,35.7327],[-78.5291,35.7358],[-78.5266,35.7409],[-78.5316,35.7509],[-78.5336,35.7506],[-78.5349,35.7466],[-78.5424,35.7408],[-78.5515,35.7372],[-78.5561,35.7301]]]}},{"type":"Feature","properties":{"geoid":"37183052811","clusterId":"raleigh-central"},"geometry":{"type":"Polygon","coordinates":[[[-78.5862,35.748],[-78.5861,35.7464],[-78.5694,35.7401],[-78.5561,35.73],[-78.5514,35.7373],[-78.5425,35.7407],[-78.5349,35.7466],[-78.5336,35.7506],[-78.5316,35.7509],[-78.5318,35.7533],[-78.532,35.7546],[-78.549,35.7586],[-78.5558,35.7627],[-78.5639,35.7625],[-78.5706,35.7678],[-78.5783,35.7679],[-78.5833,35.7711],[-78.5825,35.7549],[-78.5862,35.748]]]}},{"type":"Feature","properties":{"geoid":"37183052812","clusterId":"raleigh-central"},"geometry":{"type":"Polygon","coordinates":[[[-78.6322,35.6714],[-78.6314,35.6685],[-78.6098,35.6609],[-78.6038,35.6717],[-78.6042,35.687],[-78.6115,35.6995],[-78.6133,35.7065],[-78.6229,35.7108],[-78.6236,35.7101],[-78.6202,35.7082],[-78.6167,35.6974],[-78.6172,35.6869],[-78.6246,35.6774],[-78.6322,35.6714]]]}},{"type":"Feature","properties":{"geoid":"37183052813","clusterId":"raleigh-south"},"geometry":{"type":"Polygon","coordinates":[[[-78.6098,35.653],[-78.6043,35.6506],[-78.6041,35.6469],[-78.6016,35.6465],[-78.6011,35.6421],[-78.5995,35.6414],[-78.6001,35.639],[-78.5962,35.6386],[-78.5964,35.6357],[-78.5861,35.6281],[-78.5787,35.6265],[-78.5784,35.6251],[-78.5773,35.6269],[-78.5713,35.6268],[-78.5709,35.6286],[-78.5693,35.6276],[-78.5664,35.6292],[-78.5633,35.6742],[-78.5749,35.6947],[-78.5845,35.6965],[-78.5753,35.6707],[-78.5755,35.6629],[-78.5775,35.6587],[-78.5918,35.6584],[-78.5949,35.656],[-78.6046,35.6694],[-78.6098,35.6609],[-78.607,35.6586],[-78.6073,35.6553],[-78.6098,35.653]]]}},{"type":"Feature","properties":{"geoid":"37183052814","clusterId":"raleigh-south"},"geometry":{"type":"Polygon","coordinates":[[[-78.6133,35.7065],[-78.6115,35.6995],[-78.6042,35.687],[-78.6034,35.6739],[-78.6046,35.6694],[-78.6017,35.667],[-78.5971,35.6576],[-78.5949,35.656],[-78.5918,35.6584],[-78.5775,35.6587],[-78.5755,35.6629],[-78.5753,35.6707],[-78.5845,35.6965],[-78.6133,35.7065]]]}},{"type":"Feature","properties":{"geoid":"37183052815","clusterId":"raleigh-central"},"geometry":{"type":"Polygon","coordinates":[[[-78.631,35.731],[-78.6266,35.725],[-78.6271,35.7214],[-78.625,35.7169],[-78.6305,35.7149],[-78.618,35.7083],[-78.5918,35.6986],[-78.5753,35.6948],[-78.5833,35.705],[-78.5844,35.7225],[-78.5875,35.7314],[-78.5903,35.7312],[-78.5964,35.7272],[-78.6026,35.7277],[-78.6067,35.7308],[-78.616,35.7246],[-78.6156,35.7269],[-78.617,35.7279],[-78.631,35.731]]]}},{"type":"Feature","properties":{"geoid":"37183052816","clusterId":"raleigh-central"},"geometry":{"type":"Polygon","coordinates":[[[-78.6072,35.7436],[-78.6069,35.7357],[-78.6001,35.7314],[-78.6002,35.728],[-78.5963,35.7272],[-78.5903,35.7312],[-78.5875,35.7314],[-78.5844,35.7225],[-78.5783,35.7274],[-78.5732,35.7363],[-78.5694,35.7392],[-78.5898,35.7476],[-78.6066,35.7483],[-78.6072,35.7436]]]}},{"type":"Feature","properties":{"geoid":"37183052901","clusterId":"raleigh-south"},"geometry":{"type":"Polygon","coordinates":[[[-78.6969,35.5416],[-78.6944,35.5301],[-78.6143,35.5921],[-78.6272,35.5913],[-78.6731,35.5837],[-78.6786,35.5848],[-78.6905,35.591],[-78.6934,35.5776],[-78.6886,35.5678],[-78.6969,35.5416]]]}},{"type":"Feature","properties":{"geoid":"37183052902","clusterId":"raleigh-south"},"geometry":{"type":"Polygon","coordinates":[[[-78.6415,35.6311],[-78.6386,35.6183],[-78.6336,35.6117],[-78.6338,35.6048],[-78.6363,35.5971],[-78.6339,35.5902],[-78.6143,35.5921],[-78.5666,35.629],[-78.5693,35.6276],[-78.5709,35.6286],[-78.5713,35.6268],[-78.5773,35.6269],[-78.5784,35.6251],[-78.5787,35.6265],[-78.5851,35.6276],[-78.5908,35.631],[-78.5964,35.6357],[-78.596,35.6384],[-78.6001,35.639],[-78.5995,35.6414],[-78.6011,35.6421],[-78.6016,35.6465],[-78.6041,35.6469],[-78.6043,35.6506],[-78.6098,35.6523],[-78.6073,35.6553],[-78.607,35.6586],[-78.6098,35.6609],[-78.6129,35.6577],[-78.6147,35.6518],[-78.6136,35.6359],[-78.6408,35.6405],[-78.6415,35.6311]]]}},{"type":"Feature","properties":{"geoid":"37183052903","clusterId":"raleigh-south"},"geometry":{"type":"Polygon","coordinates":[[[-78.6662,35.6558],[-78.6467,35.647],[-78.6407,35.6405],[-78.6136,35.6359],[-78.6147,35.6518],[-78.6129,35.6577],[-78.6098,35.6609],[-78.6319,35.6687],[-78.638,35.6678],[-78.6435,35.6723],[-78.6452,35.6777],[-78.6529,35.6821],[-78.657,35.6787],[-78.6585,35.6695],[-78.6662,35.6558]]]}},{"type":"Feature","properties":{"geoid":"37183052905","clusterId":"raleigh-south"},"geometry":{"type":"Polygon","coordinates":[[[-78.6905,35.5934],[-78.6905,35.591],[-78.6739,35.5837],[-78.642,35.5888],[-78.6605,35.6057],[-78.6669,35.6136],[-78.6683,35.6202],[-78.6675,35.6279],[-78.6713,35.6346],[-78.6827,35.619],[-78.6905,35.5934]]]}},{"type":"Feature","properties":{"geoid":"37183052906","clusterId":"raleigh-south"},"geometry":{"type":"Polygon","coordinates":[[[-78.6713,35.6346],[-78.6675,35.6276],[-78.668,35.6159],[-78.661,35.6062],[-78.6426,35.5892],[-78.6339,35.5902],[-78.6363,35.5971],[-78.6338,35.6048],[-78.6336,35.6117],[-78.6384,35.618],[-78.6391,35.6248],[-78.6414,35.6284],[-78.6408,35.6405],[-78.6467,35.647],[-78.6663,35.6555],[-78.6709,35.6417],[-78.6713,35.6346]]]}},{"type":"Feature","properties":{"geoid":"37183053003","clusterId":"raleigh-central"},"geometry":{"type":"Polygon","coordinates":[[[-78.7612,35.7269],[-78.7594,35.7253],[-78.7496,35.7242],[-78.7419,35.7422],[-78.7377,35.7456],[-78.7348,35.7458],[-78.7357,35.7493],[-78.73,35.7554],[-78.7289,35.7582],[-78.7325,35.7605],[-78.7393,35.771],[-78.7413,35.7667],[-78.7457,35.7627],[-78.7434,35.7602],[-78.7511,35.7533],[-78.7565,35.7407],[-78.7583,35.7315],[-78.7612,35.7269]]]}},{"type":"Feature","properties":{"geoid":"37183053004","clusterId":"raleigh-west"},"geometry":{"type":"Polygon","coordinates":[[[-78.7801,35.7384],[-78.7772,35.7292],[-78.762,35.7265],[-78.7583,35.7315],[-78.7547,35.7455],[-78.7759,35.7414],[-78.7801,35.7384]]]}},{"type":"Feature","properties":{"geoid":"37183053005","clusterId":"raleigh-west"},"geometry":{"type":"Polygon","coordinates":[[[-78.7946,35.7047],[-78.7943,35.7033],[-78.7827,35.7007],[-78.7722,35.6952],[-78.7688,35.6989],[-78.7666,35.705],[-78.7621,35.7072],[-78.7604,35.7107],[-78.754,35.716],[-78.7496,35.7242],[-78.7772,35.7292],[-78.7785,35.7236],[-78.7861,35.722],[-78.7946,35.7047]]]}},{"type":"Feature","properties":{"geoid":"37183053006","clusterId":"raleigh-south"},"geometry":{"type":"Polygon","coordinates":[[[-78.7722,35.6952],[-78.7671,35.6919],[-78.7604,35.6905],[-78.7555,35.686],[-78.7445,35.6837],[-78.7388,35.6779],[-78.7218,35.6726],[-78.7215,35.6811],[-78.7238,35.6846],[-78.7235,35.6893],[-78.7262,35.6964],[-78.7364,35.699],[-78.7406,35.7033],[-78.7521,35.7082],[-78.7611,35.7093],[-78.7621,35.7071],[-78.7666,35.705],[-78.7688,35.6989],[-78.7722,35.6952]]]}},{"type":"Feature","properties":{"geoid":"37183053007","clusterId":"raleigh-central"},"geometry":{"type":"Polygon","coordinates":[[[-78.7611,35.7093],[-78.7519,35.7081],[-78.7405,35.7032],[-78.7364,35.699],[-78.7267,35.6964],[-78.7237,35.6974],[-78.7217,35.7009],[-78.7103,35.7089],[-78.7101,35.7124],[-78.7158,35.7194],[-78.7158,35.7226],[-78.7196,35.7291],[-78.7326,35.7436],[-78.7329,35.746],[-78.7408,35.7439],[-78.7509,35.721],[-78.7611,35.7093]]]}},{"type":"Feature","properties":{"geoid":"37183053009","clusterId":"raleigh-central"},"geometry":{"type":"Polygon","coordinates":[[[-78.7063,35.6709],[-78.6917,35.6582],[-78.6789,35.6581],[-78.6663,35.6555],[-78.6585,35.6695],[-78.657,35.6787],[-78.6522,35.6833],[-78.6515,35.6885],[-78.653,35.697],[-78.6576,35.7123],[-78.6506,35.7263],[-78.6513,35.7313],[-78.6633,35.7314],[-78.6629,35.7367],[-78.6719,35.7418],[-78.6804,35.743],[-78.6837,35.725],[-78.6861,35.7201],[-78.6858,35.7138],[-78.6891,35.7059],[-78.6891,35.7007],[-78.693,35.6961],[-78.6942,35.6872],[-78.7063,35.6709]]]}},{"type":"Feature","properties":{"geoid":"37183053010","clusterId":"raleigh-central"},"geometry":{"type":"Polygon","coordinates":[[[-78.7329,35.7444],[-78.7196,35.7291],[-78.7158,35.7226],[-78.7158,35.7194],[-78.7101,35.7125],[-78.7103,35.7089],[-78.7262,35.6964],[-78.7235,35.6893],[-78.7238,35.6846],[-78.7215,35.6811],[-78.7218,35.6726],[-78.7131,35.6734],[-78.7064,35.6709],[-78.6942,35.6872],[-78.693,35.6961],[-78.6891,35.7007],[-78.6891,35.7059],[-78.6858,35.7138],[-78.6861,35.7201],[-78.6837,35.725],[-78.6804,35.743],[-78.6861,35.7429],[-78.7081,35.7499],[-78.7329,35.746],[-78.7329,35.7444]]]}},{"type":"Feature","properties":{"geoid":"37183053011","clusterId":"raleigh-central"},"geometry":{"type":"Polygon","coordinates":[[[-78.7393,35.771],[-78.7325,35.7605],[-78.7289,35.7582],[-78.7318,35.752],[-78.7357,35.7493],[-78.7348,35.7458],[-78.7178,35.7489],[-78.7168,35.7615],[-78.7215,35.7651],[-78.7229,35.7707],[-78.7293,35.7705],[-78.7318,35.7778],[-78.733,35.7753],[-78.7393,35.771]]]}},{"type":"Feature","properties":{"geoid":"37183053105","clusterId":"raleigh-south"},"geometry":{"type":"Polygon","coordinates":[[[-78.8043,35.6049],[-78.8017,35.5999],[-78.7931,35.5915],[-78.7738,35.5926],[-78.7739,35.607],[-78.7759,35.6108],[-78.7747,35.6208],[-78.7765,35.6249],[-78.7796,35.6279],[-78.7854,35.6279],[-78.7915,35.6201],[-78.7963,35.617],[-78.8043,35.6049]]]}},{"type":"Feature","properties":{"geoid":"37183053106","clusterId":"raleigh-south"},"geometry":{"type":"Polygon","coordinates":[[[-78.8447,35.5759],[-78.8423,35.571],[-78.8302,35.5771],[-78.8098,35.584],[-78.7998,35.5843],[-78.799,35.5897],[-78.793,35.5925],[-78.803,35.6024],[-78.8162,35.5971],[-78.8371,35.5977],[-78.8385,35.5895],[-78.8447,35.5759]]]}},{"type":"Feature","properties":{"geoid":"37183053109","clusterId":"raleigh-south"},"geometry":{"type":"Polygon","coordinates":[[[-78.7796,35.6279],[-78.7747,35.6208],[-78.7759,35.6108],[-78.7739,35.607],[-78.7738,35.5926],[-78.7592,35.5968],[-78.7569,35.5829],[-78.7349,35.5784],[-78.7362,35.5622],[-78.7313,35.5576],[-78.7247,35.5542],[-78.71,35.5572],[-78.7029,35.5603],[-78.6917,35.5575],[-78.6886,35.5681],[-78.6934,35.5776],[-78.6905,35.591],[-78.7071,35.5944],[-78.726,35.5932],[-78.7367,35.5987],[-78.7372,35.6144],[-78.7234,35.6249],[-78.7371,35.6316],[-78.7469,35.6319],[-78.7572,35.6295],[-78.7641,35.6315],[-78.7796,35.6279]]]}},{"type":"Feature","properties":{"geoid":"37183053110","clusterId":"raleigh-south"},"geometry":{"type":"Polygon","coordinates":[[[-78.7376,35.6075],[-78.7363,35.5979],[-78.7263,35.5932],[-78.7071,35.5944],[-78.6905,35.591],[-78.69,35.5985],[-78.6827,35.619],[-78.6713,35.6346],[-78.6709,35.6417],[-78.6663,35.6555],[-78.6789,35.6581],[-78.6914,35.6581],[-78.6994,35.6652],[-78.7025,35.6623],[-78.7166,35.6301],[-78.7372,35.6144],[-78.7376,35.6075]]]}},{"type":"Feature","properties":{"geoid":"37183053111","clusterId":"raleigh-south"},"geometry":{"type":"Polygon","coordinates":[[[-78.7456,35.6616],[-78.7405,35.6513],[-78.7441,35.6318],[-78.7363,35.6314],[-78.7233,35.6249],[-78.7165,35.6303],[-78.7025,35.6623],[-78.6994,35.6652],[-78.703,35.6693],[-78.7114,35.6731],[-78.726,35.673],[-78.7388,35.6779],[-78.743,35.6821],[-78.7456,35.6616]]]}},{"type":"Feature","properties":{"geoid":"37183053112","clusterId":"raleigh-south"},"geometry":{"type":"Polygon","coordinates":[[[-78.8115,35.5523],[-78.8121,35.5516],[-78.7789,35.5412],[-78.7762,35.5517],[-78.777,35.5575],[-78.7743,35.5665],[-78.7697,35.5739],[-78.7738,35.5926],[-78.7958,35.5915],[-78.7988,35.59],[-78.8007,35.5694],[-78.8115,35.5523]]]}},{"type":"Feature","properties":{"geoid":"37183053113","clusterId":"raleigh-south"},"geometry":{"type":"Polygon","coordinates":[[[-78.8546,35.5648],[-78.8121,35.5516],[-78.8008,35.569],[-78.7998,35.5843],[-78.8086,35.5843],[-78.8295,35.5774],[-78.8546,35.5648]]]}},{"type":"Feature","properties":{"geoid":"37183053114","clusterId":"raleigh-south"},"geometry":{"type":"Polygon","coordinates":[[[-78.7788,35.5414],[-78.7446,35.5306],[-78.7476,35.5402],[-78.7415,35.549],[-78.7403,35.5569],[-78.7362,35.5621],[-78.7349,35.5784],[-78.7569,35.5829],[-78.7592,35.5968],[-78.7738,35.5926],[-78.7697,35.5739],[-78.7743,35.5665],[-78.777,35.5575],[-78.7762,35.5517],[-78.7788,35.5414]]]}},{"type":"Feature","properties":{"geoid":"37183053115","clusterId":"raleigh-south"},"geometry":{"type":"Polygon","coordinates":[[[-78.7475,35.5403],[-78.7446,35.5306],[-78.7089,35.5195],[-78.6944,35.5301],[-78.6969,35.5416],[-78.6917,35.5575],[-78.7029,35.5603],[-78.71,35.5572],[-78.7247,35.5542],[-78.7362,35.5621],[-78.7388,35.5599],[-78.7414,35.5492],[-78.7475,35.5403]]]}},{"type":"Feature","properties":{"geoid":"37183053202","clusterId":"raleigh-south"},"geometry":{"type":"Polygon","coordinates":[[[-78.824,35.6548],[-78.8177,35.6475],[-78.802,35.6423],[-78.7919,35.6282],[-78.7796,35.6279],[-78.7832,35.634],[-78.7828,35.6432],[-78.7846,35.6488],[-78.7985,35.6672],[-78.8092,35.6574],[-78.824,35.6548]]]}},{"type":"Feature","properties":{"geoid":"37183053203","clusterId":"raleigh-west"},"geometry":{"type":"Polygon","coordinates":[[[-78.836,35.6617],[-78.8343,35.6549],[-78.8219,35.655],[-78.8087,35.6576],[-78.7985,35.6672],[-78.8072,35.6792],[-78.813,35.68],[-78.8203,35.6786],[-78.8336,35.6833],[-78.8327,35.6775],[-78.836,35.6617]]]}},{"type":"Feature","properties":{"geoid":"37183053204","clusterId":"raleigh-west"},"geometry":{"type":"Polygon","coordinates":[[[-78.8485,35.6573],[-78.8449,35.6474],[-78.8294,35.6355],[-78.8251,35.6372],[-78.825,35.6407],[-78.8218,35.6407],[-78.8156,35.6465],[-78.8192,35.6486],[-78.824,35.6548],[-78.8397,35.655],[-78.8485,35.6573]]]}},{"type":"Feature","properties":{"geoid":"37183053205","clusterId":"raleigh-south"},"geometry":{"type":"Polygon","coordinates":[[[-78.8294,35.6355],[-78.8147,35.618],[-78.808,35.6126],[-78.8043,35.6049],[-78.7963,35.617],[-78.7915,35.6201],[-78.7854,35.6279],[-78.7921,35.6284],[-78.8025,35.6427],[-78.8156,35.6465],[-78.8218,35.6407],[-78.825,35.6407],[-78.8251,35.6372],[-78.8294,35.6355]]]}},{"type":"Feature","properties":{"geoid":"37183053206","clusterId":"raleigh-south"},"geometry":{"type":"Polygon","coordinates":[[[-78.8625,35.6158],[-78.8397,35.6042],[-78.8371,35.5977],[-78.8162,35.5971],[-78.803,35.6024],[-78.8081,35.6127],[-78.8147,35.618],[-78.8314,35.6382],[-78.8389,35.6428],[-78.8517,35.6322],[-78.8524,35.6279],[-78.8579,35.6181],[-78.8625,35.6158]]]}},{"type":"Feature","properties":{"geoid":"37183053208","clusterId":"raleigh-west"},"geometry":{"type":"Polygon","coordinates":[[[-78.9305,35.6689],[-78.9231,35.6439],[-78.9181,35.6386],[-78.9174,35.6266],[-78.9091,35.6151],[-78.9029,35.6123],[-78.8975,35.6138],[-78.8919,35.6111],[-78.8834,35.6131],[-78.8771,35.6123],[-78.8704,35.6081],[-78.8703,35.6049],[-78.8589,35.6133],[-78.8629,35.6155],[-78.8579,35.6181],[-78.8524,35.6279],[-78.8517,35.6322],[-78.8389,35.6428],[-78.846,35.6489],[-78.8485,35.6576],[-78.8534,35.6606],[-78.8537,35.6651],[-78.8632,35.6724],[-78.8635,35.6775],[-78.8653,35.6804],[-78.8688,35.6782],[-78.8753,35.6773],[-78.8796,35.6804],[-78.886,35.6818],[-78.8877,35.6855],[-78.8916,35.6863],[-78.8912,35.6874],[-78.9305,35.6689]]]}},{"type":"Feature","properties":{"geoid":"37183053209","clusterId":"raleigh-west"},"geometry":{"type":"Polygon","coordinates":[[[-78.995,35.6102],[-78.8546,35.5648],[-78.8423,35.571],[-78.8447,35.5763],[-78.8385,35.5895],[-78.8371,35.5967],[-78.8397,35.6042],[-78.8549,35.6123],[-78.8589,35.6133],[-78.8703,35.6049],[-78.8704,35.6081],[-78.8771,35.6123],[-78.8834,35.6131],[-78.8919,35.6111],[-78.8972,35.6137],[-78.9024,35.6122],[-78.909,35.615],[-78.9175,35.627],[-78.9181,35.6386],[-78.9231,35.6439],[-78.9305,35.6689],[-78.9627,35.6522],[-78.9831,35.6445],[-78.995,35.6102]]]}},{"type":"Feature","properties":{"geoid":"37183053210","clusterId":"raleigh-south"},"geometry":{"type":"Polygon","coordinates":[[[-78.7983,35.6676],[-78.7944,35.6625],[-78.7843,35.6638],[-78.7719,35.6617],[-78.7595,35.6629],[-78.7451,35.6598],[-78.743,35.6821],[-78.7454,35.6841],[-78.7555,35.686],[-78.7604,35.6905],[-78.7671,35.6919],[-78.7722,35.6952],[-78.7905,35.6805],[-78.7983,35.6676]]]}},{"type":"Feature","properties":{"geoid":"37183053211","clusterId":"raleigh-south"},"geometry":{"type":"Polygon","coordinates":[[[-78.7943,35.6625],[-78.7846,35.6488],[-78.7828,35.6432],[-78.7832,35.634],[-78.7796,35.6279],[-78.7644,35.6315],[-78.7572,35.6295],[-78.7441,35.6318],[-78.7405,35.6512],[-78.7451,35.6598],[-78.7595,35.6629],[-78.7719,35.6617],[-78.7843,35.6638],[-78.7943,35.6625]]]}},{"type":"Feature","properties":{"geoid":"37183053405","clusterId":"raleigh-west"},"geometry":{"type":"Polygon","coordinates":[[[-78.823,35.7236],[-78.8111,35.7159],[-78.8059,35.7073],[-78.7943,35.7033],[-78.794,35.7068],[-78.7883,35.7155],[-78.7863,35.7216],[-78.7782,35.7239],[-78.777,35.731],[-78.7799,35.7397],[-78.7877,35.7363],[-78.7926,35.7373],[-78.8129,35.7265],[-78.823,35.7236]]]}},{"type":"Feature","properties":{"geoid":"37183053408","clusterId":"raleigh-west"},"geometry":{"type":"Polygon","coordinates":[[[-78.8722,35.7795],[-78.8605,35.7774],[-78.8556,35.7731],[-78.846,35.7737],[-78.8427,35.7676],[-78.8432,35.7717],[-78.8488,35.78],[-78.8578,35.7893],[-78.8709,35.7878],[-78.8722,35.7795]]]}},{"type":"Feature","properties":{"geoid":"37183053409","clusterId":"raleigh-west"},"geometry":{"type":"Polygon","coordinates":[[[-78.8757,35.761],[-78.8717,35.7587],[-78.8531,35.7563],[-78.8491,35.7532],[-78.8464,35.7545],[-78.8427,35.7676],[-78.846,35.7737],[-78.8556,35.7731],[-78.8605,35.7774],[-78.8722,35.7795],[-78.8757,35.761]]]}},{"type":"Feature","properties":{"geoid":"37183053410","clusterId":"raleigh-west"},"geometry":{"type":"Polygon","coordinates":[[[-78.9308,35.7946],[-78.9236,35.7937],[-78.9144,35.8012],[-78.9056,35.8038],[-78.9028,35.8079],[-78.9023,35.8223],[-78.91,35.8239],[-78.9184,35.82],[-78.9308,35.7946]]]}},{"type":"Feature","properties":{"geoid":"37183053411","clusterId":"raleigh-west"},"geometry":{"type":"Polygon","coordinates":[[[-78.9363,35.7719],[-78.9291,35.7719],[-78.904,35.7785],[-78.8997,35.7812],[-78.8915,35.7813],[-78.8709,35.7878],[-78.8708,35.7987],[-78.8742,35.8233],[-78.8802,35.8242],[-78.9023,35.8223],[-78.9028,35.8079],[-78.9056,35.8038],[-78.9144,35.8012],[-78.9234,35.7938],[-78.9309,35.7944],[-78.9363,35.7719]]]}},{"type":"Feature","properties":{"geoid":"37183053415","clusterId":"raleigh-west"},"geometry":{"type":"Polygon","coordinates":[[[-78.8961,35.7552],[-78.8944,35.7529],[-78.896,35.7351],[-78.8836,35.7375],[-78.8626,35.7357],[-78.8763,35.7494],[-78.8757,35.761],[-78.8828,35.7602],[-78.8911,35.7552],[-78.8961,35.7552]]]}},{"type":"Feature","properties":{"geoid":"37183053417","clusterId":"raleigh-west"},"geometry":{"type":"Polygon","coordinates":[[[-78.9004,35.6829],[-78.8439,35.711],[-78.8403,35.7142],[-78.8446,35.7221],[-78.8529,35.7268],[-78.8577,35.7223],[-78.8719,35.7194],[-78.8767,35.7123],[-78.8859,35.7034],[-78.8964,35.6996],[-78.8942,35.6937],[-78.9004,35.6829]]]}},{"type":"Feature","properties":{"geoid":"37183053419","clusterId":"raleigh-west"},"geometry":{"type":"Polygon","coordinates":[[[-78.8361,35.729],[-78.823,35.7236],[-78.8129,35.7265],[-78.7926,35.7373],[-78.8121,35.742],[-78.8164,35.7461],[-78.8195,35.7457],[-78.8262,35.7393],[-78.8326,35.7358],[-78.8324,35.7312],[-78.8361,35.729]]]}},{"type":"Feature","properties":{"geoid":"37183053421","clusterId":"raleigh-west"},"geometry":{"type":"Polygon","coordinates":[[[-78.809,35.6798],[-78.8064,35.6786],[-78.7985,35.6672],[-78.7905,35.6805],[-78.7722,35.6952],[-78.7827,35.7007],[-78.8045,35.7066],[-78.8047,35.7035],[-78.8023,35.6993],[-78.8055,35.6953],[-78.8051,35.691],[-78.809,35.6798]]]}},{"type":"Feature","properties":{"geoid":"37183053422","clusterId":"raleigh-west"},"geometry":{"type":"Polygon","coordinates":[[[-78.8375,35.7795],[-78.8347,35.7737],[-78.8306,35.7699],[-78.8212,35.771],[-78.8188,35.7731],[-78.8264,35.7774],[-78.8309,35.7878],[-78.8356,35.7855],[-78.8375,35.7795]]]}},{"type":"Feature","properties":{"geoid":"37183053423","clusterId":"raleigh-west"},"geometry":{"type":"Polygon","coordinates":[[[-78.8306,35.7699],[-78.829,35.7666],[-78.8236,35.7648],[-78.8216,35.7619],[-78.8096,35.7659],[-78.8056,35.7711],[-78.8114,35.7708],[-78.8168,35.774],[-78.8212,35.771],[-78.8306,35.7699]]]}},{"type":"Feature","properties":{"geoid":"37183053424","clusterId":"raleigh-west"},"geometry":{"type":"Polygon","coordinates":[[[-78.8514,35.783],[-78.8427,35.7699],[-78.8464,35.7545],[-78.8374,35.7587],[-78.8217,35.7621],[-78.8236,35.7648],[-78.8296,35.7672],[-78.8369,35.7772],[-78.8374,35.7805],[-78.8427,35.7801],[-78.8514,35.783]]]}},{"type":"Feature","properties":{"geoid":"37183053425","clusterId":"raleigh-west"},"geometry":{"type":"Polygon","coordinates":[[[-78.8578,35.7893],[-78.8514,35.783],[-78.8424,35.78],[-78.8374,35.7805],[-78.8356,35.7855],[-78.8309,35.7878],[-78.8317,35.7907],[-78.8393,35.793],[-78.8578,35.7893]]]}},{"type":"Feature","properties":{"geoid":"37183053426","clusterId":"raleigh-west"},"geometry":{"type":"Polygon","coordinates":[[[-78.9469,35.7416],[-78.8946,35.7469],[-78.8945,35.7531],[-78.8961,35.7552],[-78.8911,35.7552],[-78.8828,35.7602],[-78.8757,35.761],[-78.8709,35.7878],[-78.8915,35.7813],[-78.8997,35.7812],[-78.904,35.7785],[-78.9291,35.7719],[-78.9363,35.7719],[-78.9469,35.7416]]]}},{"type":"Feature","properties":{"geoid":"37183053427","clusterId":"raleigh-west"},"geometry":{"type":"Polygon","coordinates":[[[-78.9501,35.7323],[-78.9209,35.726],[-78.9067,35.7296],[-78.896,35.7351],[-78.8946,35.7469],[-78.9469,35.7416],[-78.9501,35.7323]]]}},{"type":"Feature","properties":{"geoid":"37183053428","clusterId":"raleigh-west"},"geometry":{"type":"Polygon","coordinates":[[[-78.983,35.6446],[-78.977,35.6458],[-78.9639,35.6517],[-78.9004,35.6828],[-78.8942,35.6937],[-78.8964,35.6996],[-78.887,35.7026],[-78.8802,35.7088],[-78.8917,35.7306],[-78.8921,35.7364],[-78.9028,35.7326],[-78.9065,35.7297],[-78.9207,35.726],[-78.9356,35.7302],[-78.9502,35.7321],[-78.983,35.6446]]]}},{"type":"Feature","properties":{"geoid":"37183053429","clusterId":"raleigh-west"},"geometry":{"type":"Polygon","coordinates":[[[-78.8652,35.7385],[-78.8591,35.73],[-78.8529,35.7268],[-78.8365,35.7537],[-78.8284,35.7601],[-78.8414,35.7574],[-78.8495,35.7529],[-78.8519,35.7476],[-78.8491,35.7411],[-78.8652,35.7385]]]}},{"type":"Feature","properties":{"geoid":"37183053430","clusterId":"raleigh-west"},"geometry":{"type":"Polygon","coordinates":[[[-78.8771,35.7527],[-78.8755,35.7482],[-78.8652,35.7385],[-78.8491,35.7411],[-78.8519,35.7476],[-78.8491,35.7532],[-78.8525,35.756],[-78.8717,35.7587],[-78.8757,35.761],[-78.8771,35.7527]]]}},{"type":"Feature","properties":{"geoid":"37183053431","clusterId":"raleigh-west"},"geometry":{"type":"Polygon","coordinates":[[[-78.8403,35.7143],[-78.834,35.702],[-78.8336,35.6833],[-78.8203,35.6786],[-78.809,35.6796],[-78.8051,35.691],[-78.8055,35.6953],[-78.8023,35.6998],[-78.8047,35.7035],[-78.8045,35.7066],[-78.8069,35.7082],[-78.8108,35.7155],[-78.823,35.7236],[-78.8329,35.7202],[-78.8403,35.7143]]]}},{"type":"Feature","properties":{"geoid":"37183053432","clusterId":"raleigh-west"},"geometry":{"type":"Polygon","coordinates":[[[-78.8916,35.6865],[-78.888,35.6858],[-78.8857,35.6817],[-78.8796,35.6804],[-78.8752,35.6773],[-78.8688,35.6782],[-78.8653,35.6804],[-78.8635,35.6775],[-78.8633,35.6725],[-78.8537,35.6651],[-78.8534,35.6606],[-78.8424,35.6555],[-78.8343,35.6549],[-78.836,35.6614],[-78.8326,35.6783],[-78.8341,35.6856],[-78.8337,35.7002],[-78.8403,35.7142],[-78.8452,35.7102],[-78.8916,35.6865]]]}},{"type":"Feature","properties":{"geoid":"37183053433","clusterId":"raleigh-west"},"geometry":{"type":"Polygon","coordinates":[[[-78.8922,35.7338],[-78.8914,35.7298],[-78.8802,35.7088],[-78.8734,35.718],[-78.8698,35.7205],[-78.8773,35.7232],[-78.8742,35.7279],[-78.8754,35.7308],[-78.8775,35.731],[-78.8788,35.7332],[-78.8763,35.7359],[-78.8771,35.7373],[-78.8901,35.7367],[-78.8921,35.7364],[-78.8922,35.7338]]]}},{"type":"Feature","properties":{"geoid":"37183053434","clusterId":"raleigh-west"},"geometry":{"type":"Polygon","coordinates":[[[-78.8788,35.7334],[-78.8742,35.7288],[-78.8773,35.7232],[-78.8698,35.7205],[-78.8577,35.7223],[-78.8529,35.7268],[-78.8589,35.7298],[-78.8626,35.7357],[-78.8771,35.7373],[-78.8763,35.7352],[-78.8788,35.7334]]]}},{"type":"Feature","properties":{"geoid":"37183053435","clusterId":"raleigh-west"},"geometry":{"type":"Polygon","coordinates":[[[-78.8421,35.7379],[-78.8401,35.7339],[-78.8315,35.7361],[-78.8201,35.7455],[-78.8164,35.7461],[-78.8288,35.7533],[-78.8283,35.7598],[-78.8369,35.7531],[-78.8396,35.7488],[-78.8354,35.7476],[-78.8364,35.7446],[-78.8421,35.7379]]]}},{"type":"Feature","properties":{"geoid":"37183053436","clusterId":"raleigh-west"},"geometry":{"type":"Polygon","coordinates":[[[-78.8529,35.7268],[-78.8456,35.7233],[-78.8403,35.7142],[-78.8329,35.7202],[-78.823,35.7236],[-78.8362,35.729],[-78.8324,35.7312],[-78.8326,35.7358],[-78.8401,35.7339],[-78.8421,35.7378],[-78.838,35.7418],[-78.8354,35.7476],[-78.8396,35.7488],[-78.8529,35.7268]]]}},{"type":"Feature","properties":{"geoid":"37183053505","clusterId":"raleigh-central"},"geometry":{"type":"Polygon","coordinates":[[[-78.7716,35.7656],[-78.7671,35.7581],[-78.7682,35.7561],[-78.7639,35.7432],[-78.7547,35.7455],[-78.7511,35.7533],[-78.7434,35.7602],[-78.7467,35.7633],[-78.7567,35.7664],[-78.7641,35.7723],[-78.7647,35.7683],[-78.7716,35.7656]]]}},{"type":"Feature","properties":{"geoid":"37183053506","clusterId":"raleigh-central"},"geometry":{"type":"Polygon","coordinates":[[[-78.7835,35.7644],[-78.7829,35.7494],[-78.7799,35.7397],[-78.7639,35.7432],[-78.7682,35.7561],[-78.7671,35.7581],[-78.7716,35.7656],[-78.7647,35.7683],[-78.7641,35.7723],[-78.7769,35.7822],[-78.7804,35.7825],[-78.7835,35.7644]]]}},{"type":"Feature","properties":{"geoid":"37183053507","clusterId":"raleigh-west"},"geometry":{"type":"Polygon","coordinates":[[[-78.8028,35.7765],[-78.7965,35.7718],[-78.7818,35.7712],[-78.7812,35.788],[-78.7959,35.786],[-78.7991,35.7832],[-78.8028,35.7765]]]}},{"type":"Feature","properties":{"geoid":"37183053509","clusterId":"raleigh-west"},"geometry":{"type":"Polygon","coordinates":[[[-78.8288,35.7534],[-78.8215,35.7502],[-78.8121,35.742],[-78.7891,35.7362],[-78.7799,35.7397],[-78.7829,35.7491],[-78.7831,35.7579],[-78.8095,35.755],[-78.8152,35.7565],[-78.8217,35.7621],[-78.8284,35.7601],[-78.8288,35.7534]]]}},{"type":"Feature","properties":{"geoid":"37183053512","clusterId":"raleigh-west"},"geometry":{"type":"Polygon","coordinates":[[[-78.811,35.831],[-78.8052,35.8254],[-78.8023,35.818],[-78.7954,35.8137],[-78.7948,35.8117],[-78.7879,35.8118],[-78.7811,35.8098],[-78.772,35.8182],[-78.7692,35.8291],[-78.7605,35.8333],[-78.7623,35.8333],[-78.7623,35.8417],[-78.7636,35.8413],[-78.768,35.8448],[-78.7776,35.844],[-78.7776,35.8454],[-78.7817,35.8404],[-78.7839,35.8416],[-78.7839,35.838],[-78.786,35.8356],[-78.7986,35.8363],[-78.811,35.831]]]}},{"type":"Feature","properties":{"geoid":"37183053513","clusterId":"raleigh-west"},"geometry":{"type":"Polygon","coordinates":[[[-78.7993,35.7966],[-78.7906,35.7914],[-78.7833,35.7891],[-78.7829,35.8067],[-78.7811,35.8098],[-78.7879,35.8118],[-78.7948,35.8117],[-78.7936,35.8068],[-78.7949,35.7997],[-78.7993,35.7966]]]}},{"type":"Feature","properties":{"geoid":"37183053516","clusterId":"raleigh-central"},"geometry":{"type":"Polygon","coordinates":[[[-78.7672,35.775],[-78.7567,35.7664],[-78.7457,35.7627],[-78.7413,35.7667],[-78.7393,35.771],[-78.7485,35.7804],[-78.7672,35.775]]]}},{"type":"Feature","properties":{"geoid":"37183053517","clusterId":"raleigh-central"},"geometry":{"type":"Polygon","coordinates":[[[-78.7812,35.7832],[-78.7769,35.7822],[-78.7681,35.7756],[-78.7616,35.776],[-78.7485,35.7804],[-78.749,35.785],[-78.7469,35.7896],[-78.7695,35.7926],[-78.7812,35.788],[-78.7812,35.7832]]]}},{"type":"Feature","properties":{"geoid":"37183053518","clusterId":"raleigh-west"},"geometry":{"type":"Polygon","coordinates":[[[-78.8216,35.7619],[-78.8129,35.7557],[-78.796,35.7558],[-78.799,35.7606],[-78.7981,35.7635],[-78.7992,35.7659],[-78.7984,35.7683],[-78.7958,35.7682],[-78.7952,35.7717],[-78.8029,35.7763],[-78.8092,35.7662],[-78.8216,35.7619]]]}},{"type":"Feature","properties":{"geoid":"37183053519","clusterId":"raleigh-west"},"geometry":{"type":"Polygon","coordinates":[[[-78.7992,35.7659],[-78.7981,35.7635],[-78.799,35.7606],[-78.796,35.7558],[-78.7831,35.7579],[-78.7835,35.7645],[-78.7818,35.7712],[-78.7952,35.7717],[-78.7958,35.7682],[-78.7984,35.7683],[-78.7992,35.7659]]]}},{"type":"Feature","properties":{"geoid":"37183053520","clusterId":"raleigh-central"},"geometry":{"type":"Polygon","coordinates":[[[-78.7833,35.788],[-78.7782,35.7885],[-78.7697,35.7925],[-78.7638,35.7923],[-78.7633,35.7952],[-78.7677,35.8014],[-78.7676,35.8045],[-78.7718,35.8087],[-78.7737,35.8165],[-78.7826,35.8078],[-78.7833,35.788]]]}},{"type":"Feature","properties":{"geoid":"37183053521","clusterId":"raleigh-central"},"geometry":{"type":"Polygon","coordinates":[[[-78.7736,35.8166],[-78.7718,35.8087],[-78.7676,35.8045],[-78.7677,35.8014],[-78.7633,35.7952],[-78.7638,35.7923],[-78.7473,35.7896],[-78.7422,35.7982],[-78.7383,35.8124],[-78.7393,35.8168],[-78.743,35.8201],[-78.7389,35.8268],[-78.7349,35.8294],[-78.7435,35.8293],[-78.7435,35.8253],[-78.7508,35.8257],[-78.7507,35.8282],[-78.7565,35.8307],[-78.7564,35.8333],[-78.7605,35.8333],[-78.7693,35.829],[-78.7715,35.8193],[-78.7736,35.8166]]]}},{"type":"Feature","properties":{"geoid":"37183053522","clusterId":"raleigh-west"},"geometry":{"type":"Polygon","coordinates":[[[-78.8252,35.8101],[-78.8207,35.8043],[-78.81,35.8029],[-78.7993,35.7966],[-78.7949,35.7997],[-78.7936,35.8068],[-78.795,35.8133],[-78.8018,35.8174],[-78.8053,35.8256],[-78.811,35.831],[-78.8151,35.826],[-78.8239,35.8205],[-78.8223,35.8158],[-78.8252,35.8101]]]}},{"type":"Feature","properties":{"geoid":"37183053523","clusterId":"raleigh-west"},"geometry":{"type":"Polygon","coordinates":[[[-78.834,35.8023],[-78.8317,35.7907],[-78.8265,35.7869],[-78.8141,35.7836],[-78.81,35.7835],[-78.809,35.7921],[-78.7993,35.7966],[-78.81,35.8029],[-78.8193,35.8038],[-78.8241,35.8071],[-78.8251,35.8108],[-78.8223,35.8158],[-78.8239,35.8205],[-78.8263,35.8183],[-78.8285,35.8109],[-78.834,35.8023]]]}},{"type":"Feature","properties":{"geoid":"37183053524","clusterId":"raleigh-west"},"geometry":{"type":"Polygon","coordinates":[[[-78.81,35.7829],[-78.8029,35.7763],[-78.7973,35.7851],[-78.7833,35.7879],[-78.7833,35.7891],[-78.7906,35.7914],[-78.7993,35.7966],[-78.8094,35.7917],[-78.81,35.7829]]]}},{"type":"Feature","properties":{"geoid":"37183053525","clusterId":"raleigh-west"},"geometry":{"type":"Polygon","coordinates":[[[-78.8317,35.7907],[-78.8293,35.7825],[-78.8248,35.7761],[-78.8188,35.7731],[-78.8156,35.7738],[-78.8114,35.7708],[-78.8056,35.7711],[-78.8029,35.7763],[-78.81,35.7835],[-78.8263,35.7868],[-78.8317,35.7907]]]}},{"type":"Feature","properties":{"geoid":"37183053603","clusterId":"raleigh-west"},"geometry":{"type":"Polygon","coordinates":[[[-78.8738,35.8204],[-78.8708,35.7987],[-78.8709,35.7878],[-78.8574,35.7893],[-78.8583,35.7995],[-78.8616,35.8024],[-78.8616,35.8086],[-78.8636,35.8109],[-78.8629,35.8148],[-78.8617,35.8163],[-78.8552,35.8172],[-78.8487,35.8158],[-78.8475,35.8163],[-78.8477,35.82],[-78.8657,35.8249],[-78.8738,35.8204]]]}},{"type":"Feature","properties":{"geoid":"37183053604","clusterId":"raleigh-west"},"geometry":{"type":"Polygon","coordinates":[[[-78.8636,35.8116],[-78.8616,35.8086],[-78.8616,35.8024],[-78.8583,35.7995],[-78.8574,35.7893],[-78.8472,35.7914],[-78.8487,35.7994],[-78.8475,35.8163],[-78.8617,35.8163],[-78.8636,35.8116]]]}},{"type":"Feature","properties":{"geoid":"37183053608","clusterId":"raleigh-west"},"geometry":{"type":"Polygon","coordinates":[[[-78.8733,35.8618],[-78.8547,35.8446],[-78.8553,35.8345],[-78.8365,35.846],[-78.8497,35.8673],[-78.8703,35.8676],[-78.8733,35.8618]]]}},{"type":"Feature","properties":{"geoid":"37183053609","clusterId":"raleigh-west"},"geometry":{"type":"Polygon","coordinates":[[[-78.8497,35.8673],[-78.8433,35.8583],[-78.8419,35.8531],[-78.8298,35.8374],[-78.8236,35.8207],[-78.8151,35.826],[-78.8071,35.8335],[-78.7986,35.8363],[-78.7875,35.8351],[-78.7839,35.838],[-78.7839,35.8416],[-78.8146,35.8614],[-78.8124,35.8625],[-78.8161,35.875],[-78.8174,35.8753],[-78.8157,35.8842],[-78.8186,35.8871],[-78.8245,35.8802],[-78.83,35.867],[-78.8497,35.8673]]]}},{"type":"Feature","properties":{"geoid":"37183053611","clusterId":"raleigh-west"},"geometry":{"type":"Polygon","coordinates":[[[-78.8553,35.8345],[-78.8487,35.8243],[-78.8476,35.8172],[-78.8357,35.8149],[-78.8267,35.8163],[-78.8257,35.8189],[-78.8284,35.8217],[-78.8384,35.8272],[-78.8391,35.8338],[-78.8456,35.8407],[-78.8553,35.8345]]]}},{"type":"Feature","properties":{"geoid":"37183053612","clusterId":"raleigh-west"},"geometry":{"type":"Polygon","coordinates":[[[-78.8456,35.8407],[-78.8391,35.8338],[-78.838,35.8268],[-78.8298,35.8228],[-78.8257,35.8189],[-78.8243,35.8199],[-78.8296,35.837],[-78.8365,35.846],[-78.8456,35.8407]]]}},{"type":"Feature","properties":{"geoid":"37183053613","clusterId":"raleigh-north"},"geometry":{"type":"Polygon","coordinates":[[[-78.8083,35.9192],[-78.8003,35.9187],[-78.8015,35.9168],[-78.7948,35.9076],[-78.7954,35.9037],[-78.7865,35.8994],[-78.7843,35.8986],[-78.7711,35.9052],[-78.802,35.927],[-78.8048,35.9276],[-78.8083,35.9192]]]}},{"type":"Feature","properties":{"geoid":"37183053614","clusterId":"raleigh-west"},"geometry":{"type":"Polygon","coordinates":[[[-78.8139,35.9058],[-78.8093,35.9021],[-78.8016,35.9027],[-78.7958,35.9009],[-78.7905,35.9019],[-78.7954,35.9037],[-78.7948,35.9076],[-78.8015,35.9168],[-78.8003,35.9187],[-78.8084,35.9191],[-78.8139,35.9058]]]}},{"type":"Feature","properties":{"geoid":"37183053615","clusterId":"raleigh-west"},"geometry":{"type":"Polygon","coordinates":[[[-78.8244,35.8804],[-78.8186,35.8871],[-78.8157,35.8842],[-78.8157,35.882],[-78.8071,35.882],[-78.8091,35.8786],[-78.8019,35.8804],[-78.7999,35.885],[-78.8007,35.8869],[-78.7938,35.8898],[-78.7907,35.8924],[-78.7914,35.8952],[-78.7843,35.8986],[-78.7905,35.9019],[-78.7958,35.9009],[-78.8016,35.9027],[-78.8093,35.9021],[-78.8139,35.9058],[-78.8244,35.8804]]]}},{"type":"Feature","properties":{"geoid":"37183053616","clusterId":"raleigh-west"},"geometry":{"type":"Polygon","coordinates":[[[-78.8487,35.8054],[-78.8472,35.7914],[-78.8393,35.793],[-78.8317,35.7907],[-78.834,35.8023],[-78.8267,35.8163],[-78.8357,35.8149],[-78.8476,35.8172],[-78.8487,35.8054]]]}},{"type":"Feature","properties":{"geoid":"37183053617","clusterId":"raleigh-west"},"geometry":{"type":"Polygon","coordinates":[[[-78.9186,35.8198],[-78.91,35.8239],[-78.903,35.8222],[-78.8806,35.8242],[-78.8742,35.8233],[-78.8767,35.8287],[-78.8909,35.8458],[-78.899,35.8423],[-78.9094,35.843],[-78.9186,35.8198]]]}},{"type":"Feature","properties":{"geoid":"37183053618","clusterId":"raleigh-west"},"geometry":{"type":"Polygon","coordinates":[[[-78.9094,35.8431],[-78.899,35.8423],[-78.8909,35.8458],[-78.8948,35.8534],[-78.893,35.8532],[-78.8937,35.8564],[-78.8905,35.8679],[-78.9061,35.8681],[-78.9094,35.8431]]]}},{"type":"Feature","properties":{"geoid":"37183053619","clusterId":"raleigh-west"},"geometry":{"type":"Polygon","coordinates":[[[-78.8948,35.8534],[-78.8928,35.8482],[-78.8865,35.8405],[-78.8811,35.8437],[-78.8672,35.8479],[-78.8629,35.8515],[-78.8731,35.8607],[-78.8705,35.8676],[-78.8905,35.8679],[-78.8937,35.8564],[-78.893,35.8532],[-78.8948,35.8534]]]}},{"type":"Feature","properties":{"geoid":"37183053620","clusterId":"raleigh-west"},"geometry":{"type":"Polygon","coordinates":[[[-78.8863,35.8406],[-78.8763,35.8282],[-78.8738,35.8204],[-78.8657,35.8249],[-78.8477,35.82],[-78.8488,35.8245],[-78.8557,35.8356],[-78.8545,35.8442],[-78.8629,35.8515],[-78.8672,35.8479],[-78.8811,35.8437],[-78.8863,35.8406]]]}},{"type":"Feature","properties":{"geoid":"37183053711","clusterId":"raleigh-north"},"geometry":{"type":"Polygon","coordinates":[[[-78.7284,35.9074],[-78.7242,35.8976],[-78.7122,35.8894],[-78.7086,35.8818],[-78.702,35.8752],[-78.6988,35.8692],[-78.6971,35.8728],[-78.6989,35.8745],[-78.6982,35.8766],[-78.7003,35.8773],[-78.701,35.8832],[-78.6951,35.8889],[-78.7013,35.8934],[-78.7039,35.9067],[-78.7089,35.9089],[-78.7226,35.9061],[-78.7284,35.9074]]]}},{"type":"Feature","properties":{"geoid":"37183053712","clusterId":"raleigh-north"},"geometry":{"type":"Polygon","coordinates":[[[-78.7039,35.9067],[-78.7013,35.8935],[-78.6983,35.8905],[-78.6908,35.8862],[-78.6843,35.8895],[-78.6798,35.8897],[-78.681,35.902],[-78.6901,35.905],[-78.7039,35.9067]]]}},{"type":"Feature","properties":{"geoid":"37183053713","clusterId":"raleigh-central"},"geometry":{"type":"Polygon","coordinates":[[[-78.7013,35.8808],[-78.6971,35.8728],[-78.6988,35.8684],[-78.6945,35.8694],[-78.6902,35.875],[-78.6909,35.8863],[-78.6951,35.8889],[-78.6999,35.8853],[-78.7013,35.8808]]]}},{"type":"Feature","properties":{"geoid":"37183053714","clusterId":"raleigh-central"},"geometry":{"type":"Polygon","coordinates":[[[-78.6988,35.8684],[-78.6951,35.8621],[-78.6806,35.8595],[-78.6787,35.8794],[-78.6798,35.8897],[-78.6843,35.8895],[-78.6908,35.8862],[-78.6903,35.8748],[-78.694,35.8697],[-78.6988,35.8684]]]}},{"type":"Feature","properties":{"geoid":"37183053715","clusterId":"raleigh-central"},"geometry":{"type":"Polygon","coordinates":[[[-78.6807,35.8629],[-78.6806,35.8595],[-78.6778,35.857],[-78.6705,35.8565],[-78.6668,35.8578],[-78.6612,35.8555],[-78.6613,35.8596],[-78.6585,35.8658],[-78.6505,35.8686],[-78.6588,35.8722],[-78.6641,35.8707],[-78.6795,35.873],[-78.6807,35.8629]]]}},{"type":"Feature","properties":{"geoid":"37183053716","clusterId":"raleigh-central"},"geometry":{"type":"Polygon","coordinates":[[[-78.6615,35.8553],[-78.6586,35.8529],[-78.6434,35.851],[-78.6375,35.8649],[-78.6451,35.87],[-78.6576,35.8667],[-78.6613,35.8596],[-78.6615,35.8553]]]}},{"type":"Feature","properties":{"geoid":"37183053717","clusterId":"raleigh-north"},"geometry":{"type":"Polygon","coordinates":[[[-78.8018,35.9269],[-78.7658,35.9017],[-78.7552,35.9042],[-78.7318,35.9009],[-78.7246,35.8982],[-78.7283,35.9057],[-78.7284,35.911],[-78.7432,35.9089],[-78.7563,35.9106],[-78.7628,35.9086],[-78.7591,35.9184],[-78.8018,35.9269]]]}},{"type":"Feature","properties":{"geoid":"37183053718","clusterId":"raleigh-north"},"geometry":{"type":"Polygon","coordinates":[[[-78.7628,35.9086],[-78.755,35.9106],[-78.7404,35.909],[-78.7284,35.911],[-78.7285,35.9136],[-78.7324,35.9193],[-78.7411,35.9206],[-78.746,35.9184],[-78.7558,35.9196],[-78.7582,35.9216],[-78.7628,35.9086]]]}},{"type":"Feature","properties":{"geoid":"37183053719","clusterId":"raleigh-north"},"geometry":{"type":"Polygon","coordinates":[[[-78.7582,35.9216],[-78.7558,35.9196],[-78.746,35.9184],[-78.7415,35.9201],[-78.7394,35.9273],[-78.7421,35.9339],[-78.7495,35.9333],[-78.7582,35.9216]]]}},{"type":"Feature","properties":{"geoid":"37183053720","clusterId":"raleigh-north"},"geometry":{"type":"Polygon","coordinates":[[[-78.7421,35.9339],[-78.7394,35.9274],[-78.7411,35.9206],[-78.7324,35.9193],[-78.7301,35.9173],[-78.727,35.9248],[-78.7179,35.9325],[-78.706,35.9328],[-78.701,35.9386],[-78.6956,35.9396],[-78.7022,35.9485],[-78.7018,35.9524],[-78.7068,35.9649],[-78.7134,35.9689],[-78.717,35.9613],[-78.7421,35.9339]]]}},{"type":"Feature","properties":{"geoid":"37183053721","clusterId":"raleigh-north"},"geometry":{"type":"Polygon","coordinates":[[[-78.7301,35.9173],[-78.7284,35.908],[-78.7246,35.9064],[-78.7085,35.9089],[-78.7036,35.9066],[-78.6901,35.905],[-78.681,35.902],[-78.6837,35.9282],[-78.6888,35.9274],[-78.6956,35.9396],[-78.701,35.9386],[-78.706,35.9328],[-78.7179,35.9325],[-78.727,35.9248],[-78.7301,35.9173]]]}},{"type":"Feature","properties":{"geoid":"37183053722","clusterId":"raleigh-central"},"geometry":{"type":"Polygon","coordinates":[[[-78.681,35.902],[-78.6791,35.883],[-78.6746,35.8826],[-78.6666,35.8867],[-78.6598,35.8848],[-78.6596,35.8877],[-78.6639,35.8926],[-78.6629,35.9026],[-78.681,35.902]]]}},{"type":"Feature","properties":{"geoid":"37183053723","clusterId":"raleigh-central"},"geometry":{"type":"Polygon","coordinates":[[[-78.6639,35.8934],[-78.6595,35.8876],[-78.66,35.8845],[-78.6574,35.8826],[-78.6462,35.8822],[-78.6522,35.9009],[-78.6629,35.9026],[-78.6639,35.8934]]]}},{"type":"Feature","properties":{"geoid":"37183053724","clusterId":"raleigh-north"},"geometry":{"type":"Polygon","coordinates":[[[-78.7678,35.8972],[-78.7666,35.8953],[-78.7631,35.8974],[-78.7597,35.8953],[-78.7595,35.8919],[-78.7561,35.8919],[-78.7561,35.8897],[-78.7519,35.8896],[-78.7516,35.8929],[-78.7475,35.8929],[-78.7476,35.8896],[-78.7486,35.8896],[-78.7274,35.8738],[-78.7271,35.8988],[-78.7318,35.9009],[-78.7557,35.9042],[-78.7655,35.9018],[-78.7678,35.8972]]]}},{"type":"Feature","properties":{"geoid":"37183053725","clusterId":"raleigh-north"},"geometry":{"type":"Polygon","coordinates":[[[-78.7277,35.8735],[-78.7237,35.8708],[-78.7143,35.8733],[-78.7009,35.872],[-78.7021,35.8753],[-78.7086,35.8818],[-78.7122,35.8894],[-78.7271,35.8988],[-78.7277,35.8735]]]}},{"type":"Feature","properties":{"geoid":"37183053726","clusterId":"raleigh-central"},"geometry":{"type":"Polygon","coordinates":[[[-78.7237,35.8708],[-78.7064,35.8589],[-78.6981,35.8627],[-78.695,35.8623],[-78.7009,35.872],[-78.7143,35.8733],[-78.7237,35.8708]]]}},{"type":"Feature","properties":{"geoid":"37183053727","clusterId":"raleigh-central"},"geometry":{"type":"Polygon","coordinates":[[[-78.7514,35.8837],[-78.7515,35.8818],[-78.7479,35.8817],[-78.7479,35.8802],[-78.75,35.8803],[-78.7508,35.8758],[-78.745,35.8752],[-78.7462,35.8717],[-78.7508,35.8713],[-78.746,35.871],[-78.7464,35.8691],[-78.7415,35.869],[-78.7417,35.8661],[-78.7369,35.8661],[-78.731,35.862],[-78.7295,35.8576],[-78.7259,35.8553],[-78.7243,35.8456],[-78.7167,35.8438],[-78.7149,35.8455],[-78.7113,35.8454],[-78.7104,35.8476],[-78.7123,35.8566],[-78.7166,35.856],[-78.7177,35.8586],[-78.7227,35.8558],[-78.7258,35.8575],[-78.723,35.8702],[-78.7486,35.8896],[-78.7503,35.8896],[-78.75,35.8836],[-78.7514,35.8837]]]}},{"type":"Feature","properties":{"geoid":"37183053728","clusterId":"raleigh-central"},"geometry":{"type":"Polygon","coordinates":[[[-78.7259,35.8578],[-78.7227,35.8558],[-78.7182,35.8586],[-78.7166,35.856],[-78.7123,35.8566],[-78.712,35.8626],[-78.723,35.8702],[-78.7259,35.8578]]]}},{"type":"Feature","properties":{"geoid":"37183053729","clusterId":"raleigh-central"},"geometry":{"type":"Polygon","coordinates":[[[-78.6794,35.8733],[-78.6641,35.8707],[-78.6588,35.8722],[-78.6505,35.8686],[-78.6507,35.8724],[-78.6478,35.8743],[-78.6505,35.8769],[-78.6486,35.8821],[-78.6557,35.8818],[-78.6668,35.8866],[-78.6746,35.8826],[-78.6791,35.883],[-78.6794,35.8733]]]}},{"type":"Feature","properties":{"geoid":"37183053730","clusterId":"raleigh-central"},"geometry":{"type":"Polygon","coordinates":[[[-78.6511,35.8711],[-78.6505,35.8686],[-78.6445,35.8699],[-78.6375,35.8649],[-78.6447,35.8752],[-78.6462,35.8822],[-78.6486,35.8821],[-78.6498,35.8796],[-78.6505,35.8767],[-78.6478,35.8743],[-78.6511,35.8711]]]}},{"type":"Feature","properties":{"geoid":"37183053803","clusterId":"raleigh-north"},"geometry":{"type":"Polygon","coordinates":[[[-78.7134,35.969],[-78.7065,35.9645],[-78.7018,35.9524],[-78.7021,35.9484],[-78.6968,35.9427],[-78.6921,35.9313],[-78.6878,35.9266],[-78.6815,35.9289],[-78.6813,35.9316],[-78.6784,35.9329],[-78.6762,35.9334],[-78.669,35.9303],[-78.6657,35.9327],[-78.6767,35.9463],[-78.6756,35.9516],[-78.6841,35.9721],[-78.7025,35.9803],[-78.7058,35.9757],[-78.7108,35.9733],[-78.7116,35.9744],[-78.7134,35.969]]]}},{"type":"Feature","properties":{"geoid":"37183053804","clusterId":"raleigh-north"},"geometry":{"type":"Polygon","coordinates":[[[-78.7116,35.9744],[-78.7108,35.9733],[-78.7058,35.9757],[-78.7025,35.9803],[-78.6859,35.9732],[-78.6833,35.9712],[-78.6756,35.9516],[-78.6771,35.9487],[-78.6764,35.9457],[-78.6737,35.9438],[-78.663,35.9457],[-78.6584,35.9438],[-78.6568,35.9464],[-78.6591,35.9491],[-78.6575,35.9498],[-78.6567,35.9539],[-78.6544,35.9562],[-78.6513,35.9553],[-78.6476,35.9577],[-78.6447,35.9575],[-78.6426,35.9622],[-78.6338,35.9695],[-78.6324,35.9758],[-78.634,35.9851],[-78.6444,35.9864],[-78.6436,35.9925],[-78.6527,35.9982],[-78.6474,36.0026],[-78.6463,36.0058],[-78.6441,36.0051],[-78.6437,36.0002],[-78.6417,36.0001],[-78.6405,36.0053],[-78.643,36.0096],[-78.6471,36.01],[-78.6502,36.004],[-78.6582,35.9987],[-78.6673,36.0032],[-78.6653,36.0098],[-78.6661,36.0112],[-78.6847,36.0136],[-78.6852,36.0208],[-78.6914,36.0179],[-78.6917,36.0134],[-78.6998,36.0114],[-78.7116,35.9744]]]}},{"type":"Feature","properties":{"geoid":"37183053805","clusterId":"raleigh-north"},"geometry":{"type":"Polygon","coordinates":[[[-78.6599,35.9439],[-78.6575,35.9428],[-78.6428,35.9438],[-78.6333,35.9517],[-78.6271,35.9523],[-78.6217,35.9567],[-78.6157,35.9577],[-78.6094,35.9515],[-78.6106,35.9392],[-78.6067,35.9296],[-78.5985,35.9324],[-78.5954,35.9394],[-78.5845,35.9428],[-78.5809,35.9488],[-78.5855,35.9594],[-78.5993,35.9561],[-78.6054,35.9622],[-78.6175,35.9666],[-78.621,35.9695],[-78.633,35.9696],[-78.6426,35.9622],[-78.6447,35.9575],[-78.6476,35.9577],[-78.6513,35.9553],[-78.655,35.9558],[-78.6591,35.9491],[-78.6568,35.9465],[-78.6571,35.9441],[-78.6599,35.9439]]]}},{"type":"Feature","properties":{"geoid":"37183053806","clusterId":"raleigh-north"},"geometry":{"type":"Polygon","coordinates":[[[-78.6745,35.9439],[-78.6683,35.9349],[-78.6624,35.9318],[-78.6535,35.931],[-78.6488,35.9283],[-78.649,35.9248],[-78.6425,35.923],[-78.6364,35.9255],[-78.6288,35.9324],[-78.6106,35.9392],[-78.6094,35.9515],[-78.6168,35.9579],[-78.622,35.9565],[-78.6269,35.9524],[-78.6333,35.9517],[-78.6428,35.9438],[-78.658,35.9428],[-78.663,35.9457],[-78.6745,35.9439]]]}},{"type":"Feature","properties":{"geoid":"37183053807","clusterId":"raleigh-north"},"geometry":{"type":"Polygon","coordinates":[[[-78.6836,35.9282],[-78.681,35.902],[-78.6616,35.9027],[-78.6522,35.9009],[-78.653,35.9054],[-78.6492,35.9178],[-78.6488,35.9283],[-78.6545,35.9314],[-78.6655,35.9334],[-78.669,35.9303],[-78.6763,35.9334],[-78.6812,35.9317],[-78.6815,35.9289],[-78.6836,35.9282]]]}},{"type":"Feature","properties":{"geoid":"37183053808","clusterId":"raleigh-north"},"geometry":{"type":"Polygon","coordinates":[[[-78.6531,35.9049],[-78.6522,35.9009],[-78.645,35.897],[-78.6406,35.8951],[-78.6293,35.894],[-78.6272,35.8915],[-78.6189,35.8954],[-78.6118,35.8963],[-78.6034,35.9034],[-78.5958,35.913],[-78.5869,35.9285],[-78.5798,35.9328],[-78.5801,35.9413],[-78.5827,35.9408],[-78.5845,35.9428],[-78.5954,35.9394],[-78.5985,35.9324],[-78.6061,35.9297],[-78.608,35.9309],[-78.6106,35.9392],[-78.6288,35.9324],[-78.6364,35.9255],[-78.6425,35.923],[-78.649,35.9248],[-78.6492,35.9178],[-78.6531,35.9049]]]}},{"type":"Feature","properties":{"geoid":"37183053901","clusterId":"raleigh-north"},"geometry":{"type":"Polygon","coordinates":[[[-78.6344,35.9709],[-78.6338,35.9695],[-78.621,35.9695],[-78.6175,35.9666],[-78.6054,35.9622],[-78.5993,35.9561],[-78.5882,35.9595],[-78.5847,35.959],[-78.5809,35.9488],[-78.5845,35.9428],[-78.5827,35.9408],[-78.5801,35.9413],[-78.5784,35.9454],[-78.5672,35.9539],[-78.5633,35.9604],[-78.5625,35.9674],[-78.5586,35.9705],[-78.5616,35.9799],[-78.5614,35.9851],[-78.5538,35.9973],[-78.5533,36.0121],[-78.5775,36.0165],[-78.5972,36.0127],[-78.6035,36.0056],[-78.6071,35.9945],[-78.6082,35.984],[-78.6116,35.9815],[-78.6328,35.979],[-78.6344,35.9709]]]}},{"type":"Feature","properties":{"geoid":"37183053902","clusterId":"raleigh-north"},"geometry":{"type":"Polygon","coordinates":[[[-78.7543,36.0563],[-78.7536,36.0314],[-78.7402,36.0236],[-78.72,36.0296],[-78.7074,36.0111],[-78.6917,36.0134],[-78.6914,36.0179],[-78.6852,36.0208],[-78.6847,36.0136],[-78.6661,36.0112],[-78.6653,36.0098],[-78.6673,36.0032],[-78.6582,35.9987],[-78.6502,36.004],[-78.6471,36.01],[-78.6441,36.0103],[-78.6405,36.0053],[-78.6417,36.0001],[-78.6437,36.0002],[-78.6441,36.0051],[-78.6463,36.0058],[-78.6474,36.0026],[-78.6527,35.9982],[-78.6436,35.9925],[-78.6444,35.9864],[-78.634,35.9851],[-78.6328,35.979],[-78.6116,35.9815],[-78.6084,35.9838],[-78.6071,35.9945],[-78.6035,36.0056],[-78.5972,36.0127],[-78.5809,36.0165],[-78.5567,36.012],[-78.5529,36.0133],[-78.5555,36.0191],[-78.5538,36.0243],[-78.6037,36.0424],[-78.6832,36.0745],[-78.7156,36.0761],[-78.7513,36.0708],[-78.7543,36.0563]]]}},{"type":"Feature","properties":{"geoid":"37183054001","clusterId":"raleigh-central"},"geometry":{"type":"Polygon","coordinates":[[[-78.6413,35.8561],[-78.6331,35.8518],[-78.6145,35.8506],[-78.6223,35.8729],[-78.634,35.8672],[-78.6413,35.8561]]]}},{"type":"Feature","properties":{"geoid":"37183054004","clusterId":"raleigh-central"},"geometry":{"type":"Polygon","coordinates":[[[-78.6208,35.8682],[-78.6145,35.8506],[-78.6059,35.8501],[-78.6025,35.8543],[-78.6027,35.8582],[-78.5984,35.8634],[-78.6028,35.8634],[-78.6137,35.8696],[-78.6208,35.8682]]]}},{"type":"Feature","properties":{"geoid":"37183054006","clusterId":"raleigh-central"},"geometry":{"type":"Polygon","coordinates":[[[-78.6458,35.879],[-78.6447,35.8752],[-78.638,35.8666],[-78.6378,35.8614],[-78.6339,35.8673],[-78.6223,35.8729],[-78.6261,35.8798],[-78.6458,35.879]]]}},{"type":"Feature","properties":{"geoid":"37183054007","clusterId":"raleigh-central"},"geometry":{"type":"Polygon","coordinates":[[[-78.6522,35.9009],[-78.6471,35.8874],[-78.6458,35.879],[-78.6251,35.8796],[-78.6288,35.8938],[-78.6411,35.8952],[-78.6522,35.9009]]]}},{"type":"Feature","properties":{"geoid":"37183054008","clusterId":"raleigh-central"},"geometry":{"type":"Polygon","coordinates":[[[-78.581,35.8551],[-78.5798,35.8445],[-78.576,35.8419],[-78.5647,35.8471],[-78.5552,35.8559],[-78.581,35.8551]]]}},{"type":"Feature","properties":{"geoid":"37183054011","clusterId":"raleigh-central"},"geometry":{"type":"Polygon","coordinates":[[[-78.6275,35.8876],[-78.6258,35.8812],[-78.6191,35.8873],[-78.6106,35.8847],[-78.6079,35.8888],[-78.6049,35.8893],[-78.6044,35.8871],[-78.6006,35.886],[-78.6026,35.8903],[-78.5992,35.8974],[-78.6037,35.9031],[-78.6121,35.8961],[-78.626,35.8928],[-78.6275,35.8876]]]}},{"type":"Feature","properties":{"geoid":"37183054012","clusterId":"raleigh-central"},"geometry":{"type":"Polygon","coordinates":[[[-78.6258,35.8812],[-78.6208,35.8682],[-78.6137,35.8696],[-78.6028,35.8634],[-78.5984,35.8634],[-78.5961,35.8739],[-78.5978,35.882],[-78.6006,35.886],[-78.6044,35.8871],[-78.6049,35.8893],[-78.6079,35.8888],[-78.6106,35.8847],[-78.6145,35.8868],[-78.6196,35.8872],[-78.6258,35.8812]]]}},{"type":"Feature","properties":{"geoid":"37183054015","clusterId":"raleigh-central"},"geometry":{"type":"Polygon","coordinates":[[[-78.5821,35.8658],[-78.581,35.8551],[-78.5552,35.8559],[-78.549,35.862],[-78.5604,35.8712],[-78.5767,35.8752],[-78.5808,35.8702],[-78.5821,35.8658]]]}},{"type":"Feature","properties":{"geoid":"37183054016","clusterId":"raleigh-north"},"geometry":{"type":"Polygon","coordinates":[[[-78.6037,35.9031],[-78.5992,35.8974],[-78.6005,35.8939],[-78.5946,35.891],[-78.5906,35.884],[-78.5764,35.884],[-78.5727,35.8799],[-78.5594,35.8931],[-78.5968,35.9074],[-78.6007,35.9081],[-78.6037,35.9031]]]}},{"type":"Feature","properties":{"geoid":"37183054017","clusterId":"raleigh-central"},"geometry":{"type":"Polygon","coordinates":[[[-78.6026,35.8902],[-78.6003,35.884],[-78.5979,35.8822],[-78.5962,35.8744],[-78.5982,35.8649],[-78.5957,35.8647],[-78.5927,35.8729],[-78.5873,35.8784],[-78.5767,35.8752],[-78.5727,35.8799],[-78.5764,35.884],[-78.5906,35.884],[-78.5946,35.891],[-78.6005,35.8939],[-78.6026,35.8902]]]}},{"type":"Feature","properties":{"geoid":"37183054018","clusterId":"raleigh-central"},"geometry":{"type":"Polygon","coordinates":[[[-78.6058,35.8503],[-78.5975,35.8483],[-78.5902,35.8485],[-78.5906,35.8463],[-78.5798,35.8445],[-78.582,35.8664],[-78.5767,35.8752],[-78.5873,35.8784],[-78.5896,35.8765],[-78.5933,35.8717],[-78.5957,35.8647],[-78.5982,35.8649],[-78.6027,35.8582],[-78.6025,35.8543],[-78.6058,35.8503]]]}},{"type":"Feature","properties":{"geoid":"37183054019","clusterId":"raleigh-north"},"geometry":{"type":"Polygon","coordinates":[[[-78.6007,35.9081],[-78.5884,35.9046],[-78.5867,35.912],[-78.5794,35.9134],[-78.5715,35.9175],[-78.5706,35.9197],[-78.5764,35.9244],[-78.5718,35.9297],[-78.5791,35.9333],[-78.5866,35.9287],[-78.5957,35.9131],[-78.6007,35.9081]]]}},{"type":"Feature","properties":{"geoid":"37183054020","clusterId":"raleigh-north"},"geometry":{"type":"Polygon","coordinates":[[[-78.5883,35.9048],[-78.5596,35.8932],[-78.5577,35.9045],[-78.5547,35.9089],[-78.5594,35.9114],[-78.5599,35.9159],[-78.556,35.9209],[-78.5537,35.9282],[-78.559,35.9319],[-78.5607,35.9239],[-78.5634,35.9228],[-78.5669,35.9263],[-78.5672,35.9249],[-78.5709,35.9255],[-78.5741,35.924],[-78.5704,35.9193],[-78.5715,35.9175],[-78.5794,35.9134],[-78.5867,35.912],[-78.5883,35.9048]]]}},{"type":"Feature","properties":{"geoid":"37183054021","clusterId":"raleigh-north"},"geometry":{"type":"Polygon","coordinates":[[[-78.5802,35.9331],[-78.5767,35.933],[-78.5718,35.9296],[-78.5763,35.9242],[-78.5672,35.9249],[-78.5669,35.9263],[-78.5633,35.9228],[-78.5598,35.9248],[-78.559,35.9319],[-78.5641,35.9342],[-78.5686,35.9341],[-78.5771,35.9409],[-78.5801,35.9413],[-78.5802,35.9331]]]}},{"type":"Feature","properties":{"geoid":"37183054022","clusterId":"raleigh-central"},"geometry":{"type":"Polygon","coordinates":[[[-78.5765,35.8754],[-78.5593,35.8707],[-78.549,35.862],[-78.5404,35.876],[-78.5481,35.8803],[-78.5594,35.8931],[-78.5765,35.8754]]]}},{"type":"Feature","properties":{"geoid":"37183054023","clusterId":"raleigh-north"},"geometry":{"type":"Polygon","coordinates":[[[-78.5596,35.8932],[-78.5481,35.8803],[-78.5404,35.876],[-78.5281,35.8843],[-78.5298,35.8859],[-78.5318,35.8855],[-78.5358,35.8801],[-78.5416,35.8824],[-78.5394,35.8869],[-78.5342,35.8901],[-78.5332,35.8933],[-78.5354,35.8996],[-78.5352,35.9041],[-78.5394,35.9092],[-78.543,35.9055],[-78.5547,35.9089],[-78.5577,35.9045],[-78.5596,35.8932]]]}},{"type":"Feature","properties":{"geoid":"37183054106","clusterId":"raleigh-central"},"geometry":{"type":"Polygon","coordinates":[[[-78.5864,35.791],[-78.5782,35.7901],[-78.5779,35.7837],[-78.5795,35.782],[-78.5767,35.7812],[-78.5762,35.7787],[-78.5833,35.7762],[-78.5833,35.7711],[-78.5818,35.7696],[-78.578,35.7678],[-78.5706,35.7678],[-78.5637,35.7624],[-78.5558,35.7627],[-78.5461,35.7577],[-78.532,35.7546],[-78.5347,35.7596],[-78.5392,35.7621],[-78.5397,35.7741],[-78.5353,35.789],[-78.5374,35.7924],[-78.5391,35.7934],[-78.5448,35.7921],[-78.5564,35.7977],[-78.5699,35.799],[-78.5783,35.7973],[-78.5864,35.791]]]}},{"type":"Feature","properties":{"geoid":"37183054108","clusterId":"raleigh-east"},"geometry":{"type":"Polygon","coordinates":[[[-78.4877,35.7971],[-78.4794,35.7835],[-78.4776,35.7768],[-78.4736,35.7734],[-78.4747,35.7707],[-78.4733,35.7644],[-78.4696,35.7606],[-78.4657,35.7487],[-78.4403,35.747],[-78.4298,35.751],[-78.4301,35.753],[-78.4285,35.7543],[-78.4336,35.7644],[-78.4377,35.7689],[-78.438,35.7725],[-78.4403,35.7758],[-78.4388,35.7773],[-78.4403,35.7801],[-78.4373,35.7836],[-78.4371,35.787],[-78.4404,35.7909],[-78.4437,35.7917],[-78.4468,35.7979],[-78.4541,35.8047],[-78.4526,35.8067],[-78.4585,35.8077],[-78.467,35.8047],[-78.4736,35.7993],[-78.4875,35.7982],[-78.4877,35.7971]]]}},{"type":"Feature","properties":{"geoid":"37183054109","clusterId":"raleigh-east"},"geometry":{"type":"Polygon","coordinates":[[[-78.5319,35.7546],[-78.5304,35.7477],[-78.5266,35.7409],[-78.5293,35.7347],[-78.5275,35.7318],[-78.5231,35.7307],[-78.5155,35.7317],[-78.514,35.7308],[-78.5135,35.7267],[-78.5024,35.7244],[-78.4933,35.7261],[-78.4882,35.7237],[-78.482,35.7261],[-78.4771,35.7237],[-78.4765,35.7224],[-78.4796,35.7204],[-78.4836,35.7118],[-78.4845,35.7054],[-78.4753,35.7016],[-78.4733,35.7017],[-78.4716,35.7049],[-78.4656,35.7082],[-78.4601,35.7057],[-78.4217,35.726],[-78.4235,35.7285],[-78.4237,35.7401],[-78.4294,35.752],[-78.4374,35.7475],[-78.4453,35.7469],[-78.5131,35.7549],[-78.5319,35.7546]]]}},{"type":"Feature","properties":{"geoid":"37183054111","clusterId":"raleigh-east"},"geometry":{"type":"Polygon","coordinates":[[[-78.5016,35.8434],[-78.5012,35.8397],[-78.4896,35.8357],[-78.4775,35.8364],[-78.4684,35.8324],[-78.4574,35.8304],[-78.4498,35.8319],[-78.4466,35.837],[-78.4473,35.8421],[-78.4437,35.8633],[-78.4501,35.87],[-78.4497,35.8787],[-78.4633,35.8778],[-78.475,35.8797],[-78.478,35.8656],[-78.4818,35.8614],[-78.4905,35.8615],[-78.4938,35.8601],[-78.5008,35.8526],[-78.5016,35.8434]]]}},{"type":"Feature","properties":{"geoid":"37183054112","clusterId":"raleigh-east"},"geometry":{"type":"Polygon","coordinates":[[[-78.4919,35.8365],[-78.4859,35.8203],[-78.4882,35.8095],[-78.4845,35.8089],[-78.4875,35.7982],[-78.4738,35.7992],[-78.467,35.8047],[-78.4585,35.8077],[-78.4526,35.8067],[-78.4512,35.8297],[-78.4498,35.8319],[-78.4574,35.8304],[-78.4684,35.8324],[-78.4775,35.8364],[-78.4919,35.8365]]]}},{"type":"Feature","properties":{"geoid":"37183054113","clusterId":"raleigh-central"},"geometry":{"type":"Polygon","coordinates":[[[-78.5416,35.795],[-78.5394,35.7934],[-78.5317,35.7963],[-78.5208,35.7952],[-78.4972,35.7986],[-78.4875,35.7982],[-78.4845,35.8089],[-78.4882,35.8095],[-78.4859,35.8203],[-78.4919,35.8365],[-78.5137,35.8445],[-78.53,35.8482],[-78.5311,35.832],[-78.5364,35.8306],[-78.5395,35.8275],[-78.5382,35.8203],[-78.5393,35.8177],[-78.5325,35.8102],[-78.5399,35.8034],[-78.5385,35.8015],[-78.5416,35.795]]]}},{"type":"Feature","properties":{"geoid":"37183054114","clusterId":"raleigh-central"},"geometry":{"type":"Polygon","coordinates":[[[-78.5397,35.7733],[-78.5391,35.7616],[-78.5347,35.7596],[-78.532,35.7546],[-78.5131,35.7549],[-78.4952,35.752],[-78.5003,35.7676],[-78.5064,35.7676],[-78.5071,35.7733],[-78.515,35.7859],[-78.5154,35.7955],[-78.5313,35.7963],[-78.5391,35.7934],[-78.5353,35.789],[-78.5397,35.7733]]]}},{"type":"Feature","properties":{"geoid":"37183054115","clusterId":"raleigh-east"},"geometry":{"type":"Polygon","coordinates":[[[-78.5156,35.7888],[-78.5071,35.7733],[-78.5064,35.7676],[-78.5003,35.7676],[-78.4952,35.752],[-78.4737,35.7512],[-78.4657,35.7487],[-78.4696,35.7606],[-78.4733,35.7644],[-78.4747,35.7707],[-78.4736,35.7734],[-78.4776,35.7768],[-78.4794,35.7835],[-78.486,35.7926],[-78.4875,35.7982],[-78.4977,35.7986],[-78.5154,35.7955],[-78.5156,35.7888]]]}},{"type":"Feature","properties":{"geoid":"37183054116","clusterId":"raleigh-central"},"geometry":{"type":"Polygon","coordinates":[[[-78.5632,35.8485],[-78.5622,35.8463],[-78.5512,35.8493],[-78.5521,35.8448],[-78.5468,35.8429],[-78.5489,35.8343],[-78.5449,35.8351],[-78.5427,35.8394],[-78.5384,35.8378],[-78.5363,35.8308],[-78.5317,35.8313],[-78.5304,35.8533],[-78.5268,35.8636],[-78.5339,35.8682],[-78.5356,35.8716],[-78.5264,35.8829],[-78.5281,35.8843],[-78.5409,35.8756],[-78.5497,35.8611],[-78.5632,35.8485]]]}},{"type":"Feature","properties":{"geoid":"37183054117","clusterId":"raleigh-central"},"geometry":{"type":"Polygon","coordinates":[[[-78.5737,35.843],[-78.5692,35.8352],[-78.5692,35.8312],[-78.5489,35.8343],[-78.5468,35.8429],[-78.5521,35.8448],[-78.5512,35.8493],[-78.5622,35.8463],[-78.5632,35.8485],[-78.5737,35.843]]]}},{"type":"Feature","properties":{"geoid":"37183054118","clusterId":"raleigh-central"},"geometry":{"type":"Polygon","coordinates":[[[-78.5658,35.8113],[-78.5628,35.7984],[-78.5562,35.7976],[-78.5448,35.7921],[-78.5387,35.7936],[-78.5416,35.795],[-78.5384,35.8017],[-78.5402,35.8048],[-78.5468,35.8087],[-78.5486,35.8131],[-78.5474,35.8132],[-78.5473,35.8161],[-78.5506,35.8207],[-78.5552,35.8203],[-78.5592,35.8153],[-78.5658,35.8113]]]}},{"type":"Feature","properties":{"geoid":"37183054119","clusterId":"raleigh-central"},"geometry":{"type":"Polygon","coordinates":[[[-78.5693,35.8284],[-78.569,35.8201],[-78.5658,35.8113],[-78.5592,35.8153],[-78.5552,35.8203],[-78.5506,35.8207],[-78.5473,35.8161],[-78.5474,35.8132],[-78.5486,35.8131],[-78.5468,35.8087],[-78.5399,35.8034],[-78.5325,35.8102],[-78.5393,35.8177],[-78.5382,35.8203],[-78.5395,35.8275],[-78.5359,35.8325],[-78.539,35.8384],[-78.5427,35.8394],[-78.546,35.8346],[-78.5692,35.8312],[-78.5693,35.8284]]]}},{"type":"Feature","properties":{"geoid":"37183054120","clusterId":"raleigh-east"},"geometry":{"type":"Polygon","coordinates":[[[-78.5145,35.8648],[-78.5114,35.8493],[-78.5138,35.8446],[-78.5012,35.8397],[-78.5007,35.8529],[-78.4923,35.8609],[-78.4818,35.8614],[-78.4775,35.8664],[-78.4771,35.8739],[-78.475,35.8797],[-78.4836,35.8785],[-78.5024,35.881],[-78.5003,35.8729],[-78.5069,35.8714],[-78.5117,35.8654],[-78.5145,35.8648]]]}},{"type":"Feature","properties":{"geoid":"37183054121","clusterId":"raleigh-east"},"geometry":{"type":"Polygon","coordinates":[[[-78.5356,35.8716],[-78.5339,35.8682],[-78.5269,35.8641],[-78.5304,35.8533],[-78.53,35.8482],[-78.5138,35.8446],[-78.5114,35.8493],[-78.5145,35.8648],[-78.5117,35.8654],[-78.5069,35.8714],[-78.5003,35.8729],[-78.5024,35.881],[-78.526,35.8861],[-78.5281,35.8843],[-78.5262,35.8819],[-78.5356,35.8716]]]}},{"type":"Feature","properties":{"geoid":"37183054203","clusterId":"raleigh-north"},"geometry":{"type":"Polygon","coordinates":[[[-78.5617,35.9802],[-78.5607,35.9756],[-78.5526,35.9739],[-78.5393,35.979],[-78.5372,35.9844],[-78.5255,35.9955],[-78.5181,36.0116],[-78.5538,36.0243],[-78.5555,36.0199],[-78.5529,36.0139],[-78.5538,35.9975],[-78.5608,35.9868],[-78.5617,35.9802]]]}},{"type":"Feature","properties":{"geoid":"37183054204","clusterId":"raleigh-north"},"geometry":{"type":"Polygon","coordinates":[[[-78.5285,35.9919],[-78.5191,35.9844],[-78.5092,35.9808],[-78.506,35.9849],[-78.4958,35.9912],[-78.4872,36.0001],[-78.5181,36.0116],[-78.5245,35.9972],[-78.5285,35.9919]]]}},{"type":"Feature","properties":{"geoid":"37183054206","clusterId":"raleigh-north"},"geometry":{"type":"Polygon","coordinates":[[[-78.5423,35.9618],[-78.5383,35.946],[-78.5297,35.9505],[-78.5181,35.962],[-78.5164,35.9617],[-78.5152,35.9703],[-78.5092,35.9808],[-78.5191,35.9844],[-78.5285,35.9919],[-78.5384,35.9824],[-78.5423,35.9618]]]}},{"type":"Feature","properties":{"geoid":"37183054212","clusterId":"raleigh-north"},"geometry":{"type":"Polygon","coordinates":[[[-78.5669,35.9542],[-78.5633,35.9515],[-78.5583,35.9523],[-78.5555,35.9554],[-78.5546,35.9613],[-78.55,35.9644],[-78.5459,35.9572],[-78.5503,35.9526],[-78.5526,35.9453],[-78.5391,35.9459],[-78.5423,35.9617],[-78.5393,35.979],[-78.5526,35.9739],[-78.5607,35.9756],[-78.5586,35.9705],[-78.5625,35.9674],[-78.5633,35.9604],[-78.5669,35.9542]]]}},{"type":"Feature","properties":{"geoid":"37183054213","clusterId":"raleigh-north"},"geometry":{"type":"Polygon","coordinates":[[[-78.5801,35.9418],[-78.5724,35.9373],[-78.5526,35.9453],[-78.5503,35.9526],[-78.546,35.9568],[-78.547,35.9612],[-78.5504,35.9643],[-78.5546,35.9612],[-78.5555,35.9554],[-78.5574,35.9529],[-78.5626,35.9514],[-78.5672,35.9539],[-78.5783,35.9455],[-78.5801,35.9418]]]}},{"type":"Feature","properties":{"geoid":"37183054214","clusterId":"raleigh-east"},"geometry":{"type":"Polygon","coordinates":[[[-78.4574,35.9233],[-78.4469,35.9095],[-78.4452,35.8985],[-78.429,35.8925],[-78.4254,35.8958],[-78.408,35.9001],[-78.3898,35.9139],[-78.3833,35.9145],[-78.3856,35.9165],[-78.3795,35.9206],[-78.3721,35.9204],[-78.3543,35.9312],[-78.3943,35.9369],[-78.4122,35.9578],[-78.4199,35.9533],[-78.4265,35.9406],[-78.4293,35.938],[-78.4484,35.9294],[-78.4574,35.9233]]]}},{"type":"Feature","properties":{"geoid":"37183054215","clusterId":"raleigh-east"},"geometry":{"type":"Polygon","coordinates":[[[-78.5101,35.8834],[-78.4909,35.8789],[-78.4739,35.8797],[-78.4633,35.8778],[-78.4514,35.878],[-78.429,35.8925],[-78.4452,35.8985],[-78.4469,35.9095],[-78.4574,35.9233],[-78.4732,35.9139],[-78.4817,35.906],[-78.5066,35.896],[-78.5101,35.8834]]]}},{"type":"Feature","properties":{"geoid":"37183054216","clusterId":"raleigh-north"},"geometry":{"type":"Polygon","coordinates":[[[-78.5075,35.9391],[-78.5047,35.9315],[-78.5042,35.9239],[-78.5063,35.9153],[-78.5045,35.9111],[-78.5066,35.896],[-78.4817,35.906],[-78.4737,35.9136],[-78.4624,35.92],[-78.4669,35.922],[-78.4712,35.9278],[-78.4772,35.931],[-78.4867,35.9402],[-78.5054,35.9462],[-78.5075,35.9391]]]}},{"type":"Feature","properties":{"geoid":"37183054217","clusterId":"raleigh-north"},"geometry":{"type":"Polygon","coordinates":[[[-78.5344,35.9188],[-78.5239,35.9198],[-78.5292,35.9141],[-78.5272,35.9092],[-78.5261,35.9104],[-78.5172,35.9111],[-78.5154,35.9131],[-78.5094,35.9111],[-78.5051,35.9126],[-78.5063,35.9152],[-78.5042,35.9239],[-78.5047,35.9315],[-78.5075,35.939],[-78.5054,35.9462],[-78.5085,35.9492],[-78.5182,35.9349],[-78.5211,35.9347],[-78.5308,35.9273],[-78.5344,35.9188]]]}},{"type":"Feature","properties":{"geoid":"37183054218","clusterId":"raleigh-north"},"geometry":{"type":"Polygon","coordinates":[[[-78.5417,35.883],[-78.5403,35.8809],[-78.5358,35.8801],[-78.5318,35.8855],[-78.5298,35.8859],[-78.5281,35.8843],[-78.526,35.8861],[-78.5101,35.8832],[-78.5066,35.8948],[-78.5051,35.9126],[-78.5094,35.9111],[-78.5154,35.9131],[-78.5172,35.9111],[-78.5261,35.9104],[-78.5272,35.9092],[-78.5292,35.9141],[-78.5239,35.9198],[-78.5345,35.9184],[-78.5359,35.912],[-78.539,35.9091],[-78.5352,35.9041],[-78.5354,35.8996],[-78.5332,35.8933],[-78.5342,35.8901],[-78.5394,35.8869],[-78.5417,35.883]]]}},{"type":"Feature","properties":{"geoid":"37183054219","clusterId":"raleigh-north"},"geometry":{"type":"Polygon","coordinates":[[[-78.5269,35.9537],[-78.5187,35.9501],[-78.5085,35.9492],[-78.5032,35.9551],[-78.4906,35.9589],[-78.4884,35.9609],[-78.4919,35.9698],[-78.5089,35.9657],[-78.5159,35.966],[-78.5164,35.9617],[-78.5181,35.962],[-78.5269,35.9537]]]}},{"type":"Feature","properties":{"geoid":"37183054220","clusterId":"raleigh-north"},"geometry":{"type":"Polygon","coordinates":[[[-78.5723,35.9374],[-78.5686,35.9341],[-78.5623,35.9337],[-78.5537,35.9282],[-78.556,35.9209],[-78.5599,35.9159],[-78.5599,35.9122],[-78.5581,35.9098],[-78.543,35.9055],[-78.5364,35.9112],[-78.5342,35.921],[-78.5308,35.9273],[-78.5211,35.9347],[-78.5182,35.9349],[-78.5085,35.9492],[-78.5187,35.9501],[-78.527,35.9536],[-78.5299,35.9504],[-78.5383,35.946],[-78.5544,35.945],[-78.5723,35.9374]]]}},{"type":"Feature","properties":{"geoid":"37183054221","clusterId":"raleigh-north"},"geometry":{"type":"Polygon","coordinates":[[[-78.4919,35.9698],[-78.4889,35.9644],[-78.4813,35.957],[-78.474,35.9537],[-78.4562,35.9411],[-78.4574,35.9233],[-78.4484,35.9294],[-78.4293,35.938],[-78.4265,35.9406],[-78.4199,35.9533],[-78.4122,35.9578],[-78.4269,35.975],[-78.4695,35.9927],[-78.473,35.9869],[-78.4761,35.9849],[-78.4756,35.9829],[-78.4781,35.9822],[-78.4878,35.97],[-78.4919,35.9698]]]}},{"type":"Feature","properties":{"geoid":"37183054222","clusterId":"raleigh-north"},"geometry":{"type":"Polygon","coordinates":[[[-78.5085,35.9492],[-78.5036,35.9449],[-78.4861,35.9399],[-78.4787,35.9322],[-78.4712,35.9278],[-78.4654,35.9212],[-78.4624,35.92],[-78.4574,35.9233],[-78.4562,35.9411],[-78.474,35.9537],[-78.4812,35.9569],[-78.49,35.9661],[-78.4905,35.9641],[-78.4885,35.9603],[-78.5032,35.9551],[-78.5085,35.9492]]]}},{"type":"Feature","properties":{"geoid":"37183054223","clusterId":"raleigh-north"},"geometry":{"type":"Polygon","coordinates":[[[-78.5061,35.9847],[-78.4873,35.9805],[-78.4811,35.9835],[-78.4756,35.9829],[-78.4761,35.9849],[-78.473,35.9869],[-78.4695,35.9927],[-78.4872,36.0001],[-78.4965,35.9906],[-78.5061,35.9847]]]}},{"type":"Feature","properties":{"geoid":"37183054224","clusterId":"raleigh-north"},"geometry":{"type":"Polygon","coordinates":[[[-78.5158,35.9664],[-78.5098,35.9655],[-78.4945,35.9698],[-78.4887,35.969],[-78.4781,35.9822],[-78.4756,35.9829],[-78.4811,35.9835],[-78.4873,35.9805],[-78.5061,35.9847],[-78.5149,35.9712],[-78.5158,35.9664]]]}},{"type":"Feature","properties":{"geoid":"37183054303","clusterId":"raleigh-east"},"geometry":{"type":"Polygon","coordinates":[[[-78.4502,35.8703],[-78.4422,35.8643],[-78.3895,35.8506],[-78.3771,35.8445],[-78.3663,35.8369],[-78.3611,35.8371],[-78.3558,35.8396],[-78.3571,35.843],[-78.3565,35.8618],[-78.3519,35.8689],[-78.3524,35.8849],[-78.345,35.8869],[-78.3415,35.8925],[-78.3322,35.8994],[-78.3321,35.901],[-78.3355,35.9058],[-78.3439,35.9068],[-78.351,35.9101],[-78.3543,35.9312],[-78.3721,35.9204],[-78.3795,35.9206],[-78.3856,35.9165],[-78.3833,35.9145],[-78.3898,35.9139],[-78.408,35.9001],[-78.4262,35.8954],[-78.4497,35.8787],[-78.4502,35.8703]]]}},{"type":"Feature","properties":{"geoid":"37183054304","clusterId":"raleigh-east"},"geometry":{"type":"Polygon","coordinates":[[[-78.36,35.8375],[-78.3547,35.8305],[-78.3424,35.8351],[-78.3059,35.8346],[-78.2751,35.8592],[-78.2753,35.8623],[-78.278,35.8673],[-78.2811,35.8681],[-78.2843,35.8746],[-78.2899,35.8766],[-78.2911,35.8806],[-78.2954,35.8814],[-78.297,35.8868],[-78.3013,35.8878],[-78.303,35.8906],[-78.3051,35.891],[-78.3037,35.8921],[-78.3077,35.8948],[-78.3071,35.8967],[-78.313,35.8973],[-78.3195,35.8943],[-78.3206,35.896],[-78.3285,35.8967],[-78.3322,35.8994],[-78.3415,35.8925],[-78.345,35.8869],[-78.3524,35.8849],[-78.3519,35.8689],[-78.3565,35.8618],[-78.3571,35.843],[-78.3558,35.8396],[-78.36,35.8375]]]}},{"type":"Feature","properties":{"geoid":"37183054305","clusterId":"raleigh-east"},"geometry":{"type":"Polygon","coordinates":[[[-78.3547,35.8305],[-78.3516,35.8265],[-78.3517,35.8219],[-78.3389,35.8221],[-78.3273,35.8203],[-78.297,35.8289],[-78.2609,35.8347],[-78.2698,35.845],[-78.2702,35.8509],[-78.2728,35.8575],[-78.2751,35.8592],[-78.2807,35.856],[-78.305,35.8349],[-78.3425,35.8351],[-78.3547,35.8305]]]}},{"type":"Feature","properties":{"geoid":"37183054306","clusterId":"raleigh-east"},"geometry":{"type":"Polygon","coordinates":[[[-78.3525,35.8184],[-78.3511,35.8147],[-78.347,35.8158],[-78.3469,35.812],[-78.3451,35.8112],[-78.3469,35.8093],[-78.3473,35.8034],[-78.3414,35.8006],[-78.3364,35.7909],[-78.3339,35.7896],[-78.3311,35.7846],[-78.3247,35.7819],[-78.3267,35.7803],[-78.3242,35.779],[-78.256,35.8181],[-78.2551,35.8225],[-78.2569,35.8236],[-78.2547,35.8244],[-78.2537,35.8275],[-78.2609,35.8347],[-78.297,35.8289],[-78.3262,35.8204],[-78.3517,35.8219],[-78.3525,35.8184]]]}},{"type":"Feature","properties":{"geoid":"37183054402","clusterId":"raleigh-east"},"geometry":{"type":"Polygon","coordinates":[[[-78.4403,35.7758],[-78.438,35.7725],[-78.4377,35.7689],[-78.4336,35.7644],[-78.4285,35.7543],[-78.4301,35.7526],[-78.428,35.7511],[-78.4271,35.7461],[-78.4237,35.7401],[-78.4235,35.7285],[-78.4217,35.726],[-78.3242,35.779],[-78.3267,35.7803],[-78.3247,35.7819],[-78.3311,35.7846],[-78.3387,35.7948],[-78.3493,35.7839],[-78.3631,35.7816],[-78.3771,35.7826],[-78.3888,35.7878],[-78.3997,35.7872],[-78.4113,35.7931],[-78.4319,35.7969],[-78.4348,35.7955],[-78.4387,35.789],[-78.4368,35.7848],[-78.4403,35.7801],[-78.4388,35.7773],[-78.4403,35.7758]]]}},{"type":"Feature","properties":{"geoid":"37183054403","clusterId":"raleigh-east"},"geometry":{"type":"Polygon","coordinates":[[[-78.4526,35.8106],[-78.4525,35.8068],[-78.4458,35.8044],[-78.4279,35.8042],[-78.3872,35.822],[-78.3643,35.8271],[-78.3548,35.8308],[-78.36,35.8375],[-78.3663,35.8369],[-78.389,35.8504],[-78.4003,35.8524],[-78.4447,35.8655],[-78.4439,35.8586],[-78.4473,35.8421],[-78.4466,35.837],[-78.4512,35.8297],[-78.4526,35.8106]]]}},{"type":"Feature","properties":{"geoid":"37183054404","clusterId":"raleigh-east"},"geometry":{"type":"Polygon","coordinates":[[[-78.4541,35.8048],[-78.4468,35.7979],[-78.4437,35.7917],[-78.4405,35.7909],[-78.4388,35.7887],[-78.4346,35.7957],[-78.4308,35.7969],[-78.4113,35.7931],[-78.3997,35.7872],[-78.388,35.7876],[-78.3766,35.7825],[-78.3622,35.7816],[-78.3509,35.7832],[-78.3387,35.7948],[-78.3414,35.8006],[-78.3473,35.8035],[-78.3469,35.8093],[-78.3451,35.8112],[-78.3469,35.812],[-78.3471,35.8159],[-78.3513,35.8149],[-78.3525,35.8183],[-78.3512,35.8207],[-78.3516,35.8265],[-78.3548,35.8308],[-78.3643,35.8271],[-78.3872,35.822],[-78.4279,35.8042],[-78.4454,35.8043],[-78.4525,35.8068],[-78.4541,35.8048]]]}},{"type":"Feature","properties":{"geoid":"37183054501","clusterId":"raleigh-central"},"geometry":{"type":"Polygon","coordinates":[[[-78.6803,35.743],[-78.6719,35.7418],[-78.6629,35.7367],[-78.6633,35.7314],[-78.6513,35.7313],[-78.649,35.7488],[-78.6558,35.7463],[-78.6597,35.7511],[-78.6676,35.7528],[-78.6803,35.743]]]}},{"type":"Feature","properties":{"geoid":"37183054502","clusterId":"raleigh-central"},"geometry":{"type":"Polygon","coordinates":[[[-78.6676,35.7528],[-78.6597,35.7511],[-78.6558,35.7463],[-78.649,35.7488],[-78.6513,35.7315],[-78.6472,35.7239],[-78.6305,35.7149],[-78.625,35.7169],[-78.6269,35.7206],[-78.627,35.7259],[-78.6336,35.7328],[-78.6384,35.7411],[-78.6346,35.7501],[-78.6344,35.7566],[-78.637,35.756],[-78.6414,35.7602],[-78.6429,35.7657],[-78.6466,35.7672],[-78.6446,35.7693],[-78.6482,35.7702],[-78.6614,35.7607],[-78.6676,35.7528]]]}},{"type":"Feature","properties":{"geoid":"37101040101","clusterId":"raleigh-east"},"geometry":{"type":"Polygon","coordinates":[[[-78.1739,35.582],[-78.1692,35.5756],[-78.1663,35.5661],[-78.1609,35.5636],[-78.1578,35.5584],[-78.1358,35.5623],[-78.1203,35.5625],[-78.1063,35.5725],[-78.0797,35.5577],[-78.0648,35.5853],[-78.1256,35.6031],[-78.1479,35.6603],[-78.1482,35.6563],[-78.1541,35.6448],[-78.1557,35.6338],[-78.1598,35.6235],[-78.1626,35.6201],[-78.1693,35.6172],[-78.1722,35.6126],[-78.1715,35.5934],[-78.1738,35.5931],[-78.1739,35.582]]]}},{"type":"Feature","properties":{"geoid":"37101040102","clusterId":"raleigh-east"},"geometry":{"type":"Polygon","coordinates":[[[-78.2433,35.5988],[-78.2432,35.5971],[-78.2371,35.5948],[-78.2329,35.5883],[-78.221,35.583],[-78.218,35.5728],[-78.2194,35.5687],[-78.2191,35.5543],[-78.2156,35.5513],[-78.1672,35.5683],[-78.1692,35.5756],[-78.1739,35.5814],[-78.1738,35.5931],[-78.1715,35.5934],[-78.1724,35.6119],[-78.1693,35.6172],[-78.1603,35.6226],[-78.1559,35.6329],[-78.154,35.6451],[-78.148,35.6568],[-78.1479,35.6603],[-78.152,35.6709],[-78.1693,35.6779],[-78.1789,35.6665],[-78.1815,35.6522],[-78.1996,35.6466],[-78.2065,35.6465],[-78.2026,35.637],[-78.2065,35.6331],[-78.207,35.63],[-78.2172,35.6217],[-78.2314,35.6168],[-78.2358,35.6035],[-78.2433,35.5988]]]}},{"type":"Feature","properties":{"geoid":"37101040103","clusterId":"raleigh-east"},"geometry":{"type":"Polygon","coordinates":[[[-78.2156,35.5513],[-78.2112,35.5478],[-78.2046,35.5459],[-78.2039,35.54],[-78.2006,35.5366],[-78.1995,35.5267],[-78.1948,35.5225],[-78.1964,35.5189],[-78.18,35.5189],[-78.1571,35.5122],[-78.1476,35.5143],[-78.1339,35.5147],[-78.1165,35.5196],[-78.1003,35.5193],[-78.0797,35.5577],[-78.1063,35.5725],[-78.1203,35.5625],[-78.1358,35.5623],[-78.1553,35.5584],[-78.1578,35.5584],[-78.1601,35.5629],[-78.1658,35.5656],[-78.1672,35.5683],[-78.2156,35.5513]]]}},{"type":"Feature","properties":{"geoid":"37101040204","clusterId":"raleigh-east"},"geometry":{"type":"Polygon","coordinates":[[[-78.3242,35.779],[-78.3179,35.7754],[-78.3166,35.7726],[-78.3123,35.7738],[-78.3119,35.7708],[-78.3065,35.7633],[-78.3091,35.7589],[-78.308,35.7566],[-78.3041,35.7544],[-78.3007,35.7559],[-78.2996,35.7528],[-78.2959,35.7525],[-78.2864,35.7448],[-78.2844,35.7407],[-78.2856,35.7388],[-78.2828,35.737],[-78.282,35.7312],[-78.2786,35.7311],[-78.2741,35.7282],[-78.2764,35.7268],[-78.2779,35.7229],[-78.2758,35.7156],[-78.2718,35.7137],[-78.2716,35.7047],[-78.2654,35.7027],[-78.2661,35.6984],[-78.259,35.6993],[-78.2657,35.6936],[-78.265,35.6911],[-78.2612,35.6892],[-78.2496,35.6952],[-78.2421,35.6935],[-78.2057,35.7105],[-78.2023,35.7151],[-78.1969,35.7177],[-78.1908,35.7259],[-78.1898,35.7303],[-78.1921,35.7305],[-78.1948,35.728],[-78.2024,35.7278],[-78.2069,35.7315],[-78.2094,35.7306],[-78.2156,35.736],[-78.2157,35.7393],[-78.213,35.7448],[-78.2158,35.7458],[-78.2166,35.7522],[-78.2189,35.755],[-78.2263,35.7521],[-78.2267,35.7505],[-78.2327,35.7513],[-78.2351,35.7552],[-78.2349,35.7598],[-78.2382,35.7631],[-78.2383,35.7673],[-78.2444,35.7695],[-78.2462,35.7726],[-78.2508,35.7735],[-78.2485,35.7748],[-78.2461,35.7848],[-78.2472,35.7859],[-78.2439,35.7921],[-78.2504,35.7969],[-78.2491,35.8012],[-78.2516,35.8042],[-78.2514,35.8111],[-78.257,35.8132],[-78.256,35.8181],[-78.3242,35.779]]]}},{"type":"Feature","properties":{"geoid":"37101040205","clusterId":"raleigh-east"},"geometry":{"type":"Polygon","coordinates":[[[-78.3655,35.7562],[-78.36,35.7509],[-78.363,35.7451],[-78.3607,35.7243],[-78.3584,35.7203],[-78.3594,35.7124],[-78.3512,35.7091],[-78.3463,35.7036],[-78.3466,35.7009],[-78.3426,35.6954],[-78.3414,35.6895],[-78.3374,35.6841],[-78.3352,35.678],[-78.3373,35.6713],[-78.3369,35.6677],[-78.3389,35.6646],[-78.3308,35.6586],[-78.3302,35.6556],[-78.2653,35.6641],[-78.2586,35.6668],[-78.2647,35.6717],[-78.2594,35.6796],[-78.2589,35.6841],[-78.2634,35.6847],[-78.2683,35.6827],[-78.2704,35.6837],[-78.262,35.6871],[-78.2615,35.6899],[-78.265,35.6911],[-78.2657,35.6936],[-78.259,35.6993],[-78.2655,35.698],[-78.2666,35.7001],[-78.2654,35.7027],[-78.2718,35.7049],[-78.2718,35.7137],[-78.2756,35.7153],[-78.2779,35.7229],[-78.2764,35.7268],[-78.2741,35.7282],[-78.2786,35.7311],[-78.282,35.7312],[-78.2828,35.737],[-78.2856,35.7388],[-78.2844,35.7407],[-78.2864,35.7448],[-78.2959,35.7525],[-78.2996,35.7528],[-78.3007,35.7559],[-78.3041,35.7544],[-78.308,35.7566],[-78.3091,35.7589],[-78.3065,35.7633],[-78.3119,35.7708],[-78.3123,35.7738],[-78.3166,35.7726],[-78.3179,35.7754],[-78.3242,35.779],[-78.3655,35.7562]]]}},{"type":"Feature","properties":{"geoid":"37101040206","clusterId":"raleigh-east"},"geometry":{"type":"Polygon","coordinates":[[[-78.3303,35.6553],[-78.3281,35.6518],[-78.3284,35.6486],[-78.3255,35.6398],[-78.3059,35.6234],[-78.2992,35.6212],[-78.2932,35.6214],[-78.2667,35.6075],[-78.2552,35.6098],[-78.2534,35.603],[-78.2493,35.6036],[-78.2474,35.6016],[-78.2437,35.6025],[-78.2393,35.6007],[-78.2358,35.6035],[-78.2314,35.6168],[-78.2172,35.6217],[-78.207,35.63],[-78.2065,35.6331],[-78.2026,35.637],[-78.2065,35.6465],[-78.1996,35.6466],[-78.1815,35.6522],[-78.1789,35.6665],[-78.1693,35.6779],[-78.152,35.6709],[-78.1613,35.6982],[-78.1612,35.7127],[-78.1639,35.7142],[-78.1639,35.7128],[-78.1681,35.7133],[-78.1706,35.7171],[-78.175,35.7176],[-78.1775,35.721],[-78.1757,35.723],[-78.1764,35.7249],[-78.1804,35.7254],[-78.1823,35.7289],[-78.1884,35.7302],[-78.1969,35.7177],[-78.2023,35.7151],[-78.2057,35.7105],[-78.2425,35.6934],[-78.2493,35.6953],[-78.2577,35.6919],[-78.2623,35.6867],[-78.2701,35.6844],[-78.2691,35.6828],[-78.2602,35.6849],[-78.2585,35.6833],[-78.2647,35.6717],[-78.2586,35.6668],[-78.2611,35.6654],[-78.3303,35.6553]]]}},{"type":"Feature","properties":{"geoid":"37101040207","clusterId":"raleigh-east"},"geometry":{"type":"Polygon","coordinates":[[[-78.4061,35.6453],[-78.4034,35.642],[-78.3989,35.6431],[-78.3927,35.6412],[-78.3875,35.6444],[-78.3847,35.6441],[-78.3799,35.6391],[-78.3706,35.6361],[-78.3639,35.6275],[-78.3526,35.6217],[-78.3472,35.6158],[-78.3405,35.6116],[-78.3372,35.6071],[-78.3296,35.6112],[-78.3259,35.6159],[-78.3307,35.631],[-78.3392,35.6413],[-78.355,35.6721],[-78.3728,35.692],[-78.3845,35.6881],[-78.3831,35.6811],[-78.3854,35.6741],[-78.3878,35.6697],[-78.3986,35.6626],[-78.4052,35.6508],[-78.4061,35.6453]]]}},{"type":"Feature","properties":{"geoid":"37101040208","clusterId":"raleigh-east"},"geometry":{"type":"Polygon","coordinates":[[[-78.3739,35.6948],[-78.3555,35.673],[-78.3392,35.6413],[-78.3312,35.6319],[-78.3276,35.6233],[-78.3234,35.625],[-78.319,35.6342],[-78.3258,35.6403],[-78.3306,35.6584],[-78.3389,35.6646],[-78.3369,35.6677],[-78.3373,35.6713],[-78.3352,35.678],[-78.3374,35.6841],[-78.3414,35.6895],[-78.3426,35.6954],[-78.3466,35.7009],[-78.3463,35.7036],[-78.3512,35.7091],[-78.3584,35.7114],[-78.3598,35.7158],[-78.3739,35.6948]]]}},{"type":"Feature","properties":{"geoid":"37101040209","clusterId":"raleigh-east"},"geometry":{"type":"Polygon","coordinates":[[[-78.46,35.7057],[-78.4573,35.7001],[-78.453,35.6998],[-78.4506,35.7015],[-78.4442,35.6968],[-78.4374,35.686],[-78.4363,35.6749],[-78.4222,35.6849],[-78.4165,35.6924],[-78.4064,35.6936],[-78.3913,35.6871],[-78.3728,35.692],[-78.3734,35.6964],[-78.3583,35.7191],[-78.3607,35.7243],[-78.363,35.7436],[-78.3601,35.751],[-78.3655,35.7562],[-78.46,35.7057]]]}},{"type":"Feature","properties":{"geoid":"37101040210","clusterId":"raleigh-east"},"geometry":{"type":"Polygon","coordinates":[[[-78.4363,35.6749],[-78.4253,35.6644],[-78.4181,35.6602],[-78.415,35.6548],[-78.4062,35.6548],[-78.4044,35.6507],[-78.3981,35.6632],[-78.3876,35.6702],[-78.3831,35.6823],[-78.3845,35.6881],[-78.3921,35.6872],[-78.4059,35.6935],[-78.411,35.6936],[-78.417,35.6922],[-78.4222,35.6849],[-78.4363,35.6749]]]}},{"type":"Feature","properties":{"geoid":"37101040301","clusterId":"raleigh-east"},"geometry":{"type":"Polygon","coordinates":[[[-78.2995,35.525],[-78.2897,35.5196],[-78.2595,35.5342],[-78.2156,35.5513],[-78.2191,35.5543],[-78.2194,35.5687],[-78.218,35.5726],[-78.2194,35.5796],[-78.221,35.583],[-78.2335,35.5887],[-78.2374,35.5951],[-78.2432,35.5971],[-78.2431,35.5994],[-78.2383,35.6013],[-78.2439,35.6025],[-78.2474,35.6016],[-78.2493,35.6036],[-78.2532,35.603],[-78.2554,35.607],[-78.2543,35.6076],[-78.2551,35.6097],[-78.2588,35.6088],[-78.2582,35.6037],[-78.2647,35.5883],[-78.2684,35.5651],[-78.2717,35.5576],[-78.2725,35.5508],[-78.2894,35.5304],[-78.2995,35.525]]]}},{"type":"Feature","properties":{"geoid":"37101040303","clusterId":"raleigh-east"},"geometry":{"type":"Polygon","coordinates":[[[-78.3097,35.5428],[-78.3092,35.5337],[-78.3032,35.5274],[-78.2995,35.525],[-78.2902,35.5297],[-78.2725,35.5508],[-78.2682,35.5695],[-78.2897,35.5602],[-78.297,35.5587],[-78.2985,35.5538],[-78.3031,35.5484],[-78.3097,35.5447],[-78.3097,35.5428]]]}},{"type":"Feature","properties":{"geoid":"37101040304","clusterId":"raleigh-east"},"geometry":{"type":"Polygon","coordinates":[[[-78.3372,35.6071],[-78.3335,35.6009],[-78.3293,35.5976],[-78.3268,35.5847],[-78.3203,35.579],[-78.3148,35.5702],[-78.3082,35.5688],[-78.3045,35.5657],[-78.305,35.5629],[-78.3099,35.5593],[-78.3206,35.559],[-78.3252,35.5572],[-78.3115,35.5488],[-78.3097,35.5447],[-78.3027,35.5488],[-78.2984,35.5539],[-78.297,35.5587],[-78.2897,35.5602],[-78.2682,35.5695],[-78.2647,35.5883],[-78.2602,35.5965],[-78.258,35.6049],[-78.2588,35.6088],[-78.2667,35.6075],[-78.2932,35.6214],[-78.3033,35.6221],[-78.319,35.6342],[-78.3233,35.6251],[-78.3276,35.6233],[-78.3264,35.615],[-78.3305,35.6105],[-78.3372,35.6071]]]}},{"type":"Feature","properties":{"geoid":"37101040400","clusterId":"raleigh-east"},"geometry":{"type":"Polygon","coordinates":[[[-78.2897,35.5196],[-78.2829,35.515],[-78.28,35.5008],[-78.2738,35.4934],[-78.2526,35.4838],[-78.2318,35.4806],[-78.2028,35.4924],[-78.1994,35.4969],[-78.1902,35.5022],[-78.1796,35.5113],[-78.1756,35.5168],[-78.1805,35.519],[-78.1964,35.5189],[-78.1948,35.5225],[-78.1995,35.5267],[-78.2006,35.5366],[-78.2039,35.54],[-78.2046,35.5459],[-78.2112,35.5478],[-78.2156,35.5513],[-78.2595,35.5342],[-78.2897,35.5196]]]}},{"type":"Feature","properties":{"geoid":"37101040501","clusterId":"raleigh-south"},"geometry":{"type":"Polygon","coordinates":[[[-78.2614,35.4255],[-78.2545,35.4218],[-78.2542,35.4169],[-78.244,35.4055],[-78.2453,35.3998],[-78.2381,35.392],[-78.239,35.3892],[-78.2365,35.3854],[-78.2403,35.3825],[-78.2411,35.3773],[-78.2374,35.3793],[-78.234,35.3784],[-78.2342,35.3806],[-78.2324,35.3808],[-78.2297,35.3764],[-78.232,35.3733],[-78.2277,35.3734],[-78.2271,35.3784],[-78.224,35.3783],[-78.2228,35.376],[-78.2187,35.3786],[-78.2184,35.3844],[-78.2129,35.381],[-78.2116,35.3823],[-78.2143,35.3836],[-78.2138,35.3856],[-78.2102,35.3829],[-78.2083,35.3854],[-78.2062,35.3838],[-78.2032,35.3845],[-78.2001,35.3821],[-78.2032,35.3816],[-78.2039,35.3778],[-78.2018,35.3768],[-78.1995,35.3788],[-78.1976,35.3747],[-78.1944,35.373],[-78.1922,35.3748],[-78.189,35.3729],[-78.1887,35.3699],[-78.1925,35.368],[-78.1918,35.3645],[-78.193,35.363],[-78.1904,35.3598],[-78.1852,35.3597],[-78.1801,35.3559],[-78.1802,35.3502],[-78.1761,35.3511],[-78.1757,35.3528],[-78.1718,35.3544],[-78.1741,35.3509],[-78.1716,35.3484],[-78.1732,35.3471],[-78.1702,35.3463],[-78.1679,35.348],[-78.166,35.3463],[-78.1606,35.3495],[-78.1588,35.3475],[-78.1532,35.3507],[-78.1537,35.3564],[-78.1601,35.3566],[-78.16,35.3593],[-78.1577,35.3601],[-78.1624,35.3674],[-78.1578,35.375],[-78.1507,35.3786],[-78.1458,35.383],[-78.1442,35.3869],[-78.1498,35.3918],[-78.1537,35.392],[-78.1549,35.4178],[-78.1349,35.4547],[-78.1458,35.4607],[-78.1531,35.4698],[-78.1599,35.4731],[-78.1657,35.4739],[-78.1816,35.4733],[-78.1951,35.4683],[-78.2153,35.4704],[-78.2319,35.4807],[-78.2452,35.4829],[-78.2477,35.4706],[-78.243,35.4649],[-78.2402,35.4498],[-78.2408,35.4439],[-78.2482,35.4308],[-78.2492,35.4316],[-78.2614,35.4255]]]}},{"type":"Feature","properties":{"geoid":"37101040502","clusterId":"raleigh-east"},"geometry":{"type":"Polygon","coordinates":[[[-78.2316,35.4806],[-78.2178,35.4711],[-78.1973,35.4683],[-78.1808,35.4734],[-78.161,35.4734],[-78.1526,35.4694],[-78.1458,35.4607],[-78.1349,35.4547],[-78.1003,35.5193],[-78.1165,35.5196],[-78.1339,35.5147],[-78.1476,35.5143],[-78.1571,35.5122],[-78.1718,35.5172],[-78.1756,35.5168],[-78.1796,35.5113],[-78.1902,35.5022],[-78.1994,35.4969],[-78.2028,35.4924],[-78.2316,35.4806]]]}},{"type":"Feature","properties":{"geoid":"37101040600","clusterId":"raleigh-south"},"geometry":{"type":"Polygon","coordinates":[[[-78.3695,35.4816],[-78.3669,35.4711],[-78.359,35.4623],[-78.36,35.4571],[-78.3561,35.4554],[-78.36,35.4534],[-78.3598,35.4492],[-78.3565,35.4467],[-78.3485,35.447],[-78.3466,35.4457],[-78.3468,35.4439],[-78.3502,35.4455],[-78.3524,35.4436],[-78.3515,35.4402],[-78.3477,35.4377],[-78.3473,35.434],[-78.3455,35.4336],[-78.3419,35.4371],[-78.3386,35.4368],[-78.3382,35.4338],[-78.3345,35.4301],[-78.3348,35.4274],[-78.3307,35.4272],[-78.3311,35.4302],[-78.3282,35.4292],[-78.3269,35.4309],[-78.3227,35.4313],[-78.322,35.4286],[-78.3158,35.4297],[-78.3125,35.4272],[-78.3111,35.4319],[-78.309,35.4298],[-78.3053,35.4295],[-78.3061,35.4278],[-78.297,35.4266],[-78.2962,35.4244],[-78.2893,35.4235],[-78.2892,35.4258],[-78.2875,35.4262],[-78.2825,35.4175],[-78.2844,35.4089],[-78.2824,35.407],[-78.2828,35.4026],[-78.2801,35.3983],[-78.2716,35.3959],[-78.2696,35.3996],[-78.2652,35.3971],[-78.2659,35.3954],[-78.2631,35.3953],[-78.263,35.3933],[-78.2597,35.3932],[-78.2547,35.39],[-78.2459,35.391],[-78.2427,35.3885],[-78.2411,35.3912],[-78.2381,35.392],[-78.2453,35.3998],[-78.244,35.4055],[-78.2542,35.4169],[-78.2545,35.4218],[-78.2617,35.4253],[-78.2492,35.4316],[-78.2482,35.4308],[-78.2408,35.4439],[-78.2402,35.4498],[-78.243,35.4649],[-78.2477,35.4706],[-78.2452,35.4829],[-78.2535,35.4841],[-78.2759,35.495],[-78.28,35.5008],[-78.2826,35.5143],[-78.286,35.5181],[-78.2894,35.5195],[-78.321,35.504],[-78.3395,35.5085],[-78.345,35.5025],[-78.3523,35.4996],[-78.3633,35.4855],[-78.3695,35.4816]]]}},{"type":"Feature","properties":{"geoid":"37101040700","clusterId":"raleigh-east"},"geometry":{"type":"Polygon","coordinates":[[[-78.3498,35.5128],[-78.3361,35.5071],[-78.321,35.504],[-78.2894,35.5195],[-78.3077,35.5313],[-78.3094,35.5346],[-78.3104,35.5477],[-78.3252,35.5572],[-78.3269,35.5543],[-78.327,35.5445],[-78.3486,35.5241],[-78.3485,35.5145],[-78.3498,35.5128]]]}},{"type":"Feature","properties":{"geoid":"37101040800","clusterId":"raleigh-south"},"geometry":{"type":"Polygon","coordinates":[[[-78.3765,35.5076],[-78.3752,35.5053],[-78.3764,35.4995],[-78.3737,35.4947],[-78.3744,35.4915],[-78.3709,35.4884],[-78.3695,35.4816],[-78.3633,35.4855],[-78.3523,35.4996],[-78.345,35.5025],[-78.3395,35.5085],[-78.3498,35.5128],[-78.357,35.5079],[-78.3765,35.5076]]]}},{"type":"Feature","properties":{"geoid":"37101040903","clusterId":"raleigh-east"},"geometry":{"type":"Polygon","coordinates":[[[-78.4231,35.6444],[-78.4188,35.6371],[-78.4045,35.636],[-78.3987,35.6256],[-78.3989,35.6207],[-78.4072,35.6201],[-78.411,35.6153],[-78.4177,35.6137],[-78.4153,35.603],[-78.4114,35.5979],[-78.4007,35.5919],[-78.3872,35.5911],[-78.3807,35.5891],[-78.357,35.5738],[-78.3453,35.5712],[-78.3252,35.5572],[-78.3206,35.559],[-78.3102,35.5592],[-78.305,35.5629],[-78.3053,35.5667],[-78.3148,35.5702],[-78.3203,35.579],[-78.3268,35.5847],[-78.3293,35.5976],[-78.3347,35.6024],[-78.3405,35.6116],[-78.3472,35.6158],[-78.3526,35.6217],[-78.3636,35.6272],[-78.3715,35.6367],[-78.3799,35.6391],[-78.3862,35.6446],[-78.3927,35.6412],[-78.3989,35.6431],[-78.4034,35.642],[-78.4059,35.6441],[-78.4059,35.6473],[-78.4231,35.6444]]]}},{"type":"Feature","properties":{"geoid":"37101040904","clusterId":"raleigh-south"},"geometry":{"type":"Polygon","coordinates":[[[-78.4114,35.5979],[-78.4076,35.5895],[-78.3938,35.5702],[-78.3893,35.5581],[-78.381,35.5508],[-78.3773,35.5393],[-78.3599,35.5233],[-78.3577,35.5169],[-78.3498,35.5128],[-78.3485,35.5145],[-78.3486,35.5241],[-78.327,35.5445],[-78.3269,35.5543],[-78.3252,35.5572],[-78.3453,35.5712],[-78.357,35.5738],[-78.3807,35.5891],[-78.3872,35.5911],[-78.4007,35.5919],[-78.4114,35.5979]]]}},{"type":"Feature","properties":{"geoid":"37101040905","clusterId":"raleigh-south"},"geometry":{"type":"Polygon","coordinates":[[[-78.4685,35.5209],[-78.467,35.5173],[-78.4601,35.5168],[-78.454,35.5136],[-78.4519,35.5145],[-78.4525,35.5155],[-78.4496,35.5155],[-78.4497,35.5177],[-78.4461,35.5163],[-78.4446,35.5178],[-78.4465,35.5188],[-78.4456,35.5198],[-78.439,35.5186],[-78.4346,35.5288],[-78.4309,35.5234],[-78.4228,35.5233],[-78.4238,35.5214],[-78.4222,35.5193],[-78.4193,35.5183],[-78.4152,35.5202],[-78.408,35.5149],[-78.4087,35.5142],[-78.4015,35.5125],[-78.4021,35.5084],[-78.3966,35.5038],[-78.3971,35.5022],[-78.3914,35.5056],[-78.3932,35.507],[-78.3899,35.5073],[-78.3888,35.5038],[-78.3855,35.5032],[-78.3813,35.5058],[-78.3781,35.5015],[-78.3775,35.5042],[-78.3752,35.5028],[-78.376,35.508],[-78.357,35.5079],[-78.3498,35.5128],[-78.3577,35.5169],[-78.3599,35.5233],[-78.377,35.5389],[-78.381,35.5508],[-78.389,35.5575],[-78.3941,35.5709],[-78.4076,35.5895],[-78.4218,35.5827],[-78.4226,35.5768],[-78.4261,35.5779],[-78.428,35.5776],[-78.428,35.5754],[-78.4433,35.5751],[-78.4443,35.5735],[-78.4412,35.5711],[-78.4406,35.5664],[-78.4362,35.5619],[-78.4384,35.5613],[-78.4397,35.5569],[-78.444,35.5562],[-78.4493,35.5577],[-78.4485,35.5556],[-78.4523,35.554],[-78.4523,35.5522],[-78.4556,35.5533],[-78.4603,35.5516],[-78.4608,35.5481],[-78.4542,35.5467],[-78.4555,35.5235],[-78.4639,35.5233],[-78.4685,35.5209]]]}},{"type":"Feature","properties":{"geoid":"37101040906","clusterId":"raleigh-south"},"geometry":{"type":"Polygon","coordinates":[[[-78.4516,35.5837],[-78.4507,35.5823],[-78.4463,35.5816],[-78.4433,35.5751],[-78.428,35.5754],[-78.428,35.5776],[-78.4226,35.5768],[-78.4225,35.5813],[-78.4201,35.584],[-78.4076,35.5895],[-78.412,35.5994],[-78.4152,35.6028],[-78.4204,35.619],[-78.4389,35.6135],[-78.444,35.6205],[-78.4504,35.6146],[-78.4512,35.5941],[-78.4499,35.5885],[-78.4516,35.5837]]]}},{"type":"Feature","properties":{"geoid":"37101041001","clusterId":"raleigh-east"},"geometry":{"type":"Polygon","coordinates":[[[-78.4844,35.6354],[-78.481,35.6308],[-78.4745,35.6311],[-78.4672,35.6267],[-78.4619,35.6216],[-78.4592,35.6136],[-78.4515,35.6104],[-78.4504,35.6146],[-78.444,35.6205],[-78.4389,35.6135],[-78.4204,35.619],[-78.4177,35.6137],[-78.411,35.6153],[-78.4072,35.6201],[-78.3989,35.6207],[-78.3989,35.6262],[-78.404,35.6356],[-78.4188,35.6371],[-78.4231,35.6444],[-78.4059,35.6473],[-78.4053,35.6541],[-78.415,35.6548],[-78.4181,35.6602],[-78.4253,35.6644],[-78.4363,35.6749],[-78.4415,35.6718],[-78.4429,35.6619],[-78.4539,35.659],[-78.4597,35.6544],[-78.4558,35.6512],[-78.458,35.6493],[-78.4644,35.6445],[-78.4843,35.6375],[-78.4844,35.6354]]]}},{"type":"Feature","properties":{"geoid":"37101041003","clusterId":"raleigh-south"},"geometry":{"type":"Polygon","coordinates":[[[-78.5186,35.6665],[-78.5103,35.658],[-78.5045,35.6557],[-78.5023,35.6488],[-78.4927,35.6441],[-78.4758,35.6404],[-78.4649,35.6443],[-78.48,35.6552],[-78.4888,35.654],[-78.4957,35.6567],[-78.5009,35.6625],[-78.5139,35.6636],[-78.5165,35.6681],[-78.5186,35.6665]]]}},{"type":"Feature","properties":{"geoid":"37101041004","clusterId":"raleigh-south"},"geometry":{"type":"Polygon","coordinates":[[[-78.5165,35.6681],[-78.514,35.6637],[-78.5009,35.6625],[-78.4944,35.6559],[-78.4873,35.6537],[-78.48,35.6552],[-78.4649,35.6443],[-78.4558,35.6512],[-78.4797,35.6693],[-78.5002,35.672],[-78.508,35.6747],[-78.5165,35.6681]]]}},{"type":"Feature","properties":{"geoid":"37101041005","clusterId":"raleigh-east"},"geometry":{"type":"Polygon","coordinates":[[[-78.5079,35.6748],[-78.5002,35.672],[-78.478,35.6687],[-78.4597,35.6544],[-78.4539,35.659],[-78.4429,35.6619],[-78.4415,35.6718],[-78.4363,35.6749],[-78.4369,35.6845],[-78.441,35.6925],[-78.4466,35.6989],[-78.4506,35.7015],[-78.453,35.6998],[-78.4572,35.7],[-78.46,35.7057],[-78.4651,35.7082],[-78.4716,35.7049],[-78.4733,35.7017],[-78.5079,35.6748]]]}},{"type":"Feature","properties":{"geoid":"37101041104","clusterId":"raleigh-south"},"geometry":{"type":"Polygon","coordinates":[[[-78.4993,35.5793],[-78.4969,35.5726],[-78.4983,35.5685],[-78.4948,35.5669],[-78.494,35.569],[-78.4889,35.5684],[-78.4874,35.5668],[-78.4845,35.5694],[-78.4814,35.569],[-78.4798,35.5615],[-78.4764,35.5654],[-78.474,35.5655],[-78.474,35.5683],[-78.4708,35.5697],[-78.4675,35.5657],[-78.4684,35.5587],[-78.4617,35.5566],[-78.463,35.5547],[-78.4605,35.5516],[-78.4556,35.5533],[-78.4523,35.5522],[-78.4523,35.554],[-78.4485,35.5556],[-78.4493,35.5577],[-78.444,35.5562],[-78.4397,35.5569],[-78.4384,35.5613],[-78.4362,35.5619],[-78.4406,35.5664],[-78.4413,35.5713],[-78.4443,35.5735],[-78.4444,35.5795],[-78.4516,35.5837],[-78.4499,35.5885],[-78.4512,35.594],[-78.4511,35.6099],[-78.4592,35.6136],[-78.462,35.6217],[-78.4745,35.6311],[-78.4774,35.6309],[-78.4822,35.623],[-78.4852,35.5933],[-78.4885,35.5928],[-78.4912,35.5889],[-78.4951,35.5869],[-78.4982,35.5873],[-78.4993,35.5793]]]}},{"type":"Feature","properties":{"geoid":"37101041105","clusterId":"raleigh-south"},"geometry":{"type":"Polygon","coordinates":[[[-78.5488,35.6133],[-78.5472,35.6098],[-78.5486,35.6082],[-78.5452,35.6078],[-78.536,35.5999],[-78.5336,35.5997],[-78.532,35.6025],[-78.5287,35.6021],[-78.5275,35.6044],[-78.5195,35.6021],[-78.5187,35.5964],[-78.5232,35.5939],[-78.5235,35.5893],[-78.5198,35.5902],[-78.5142,35.5863],[-78.5112,35.5861],[-78.5119,35.5849],[-78.509,35.584],[-78.5085,35.5796],[-78.5046,35.5772],[-78.5055,35.5737],[-78.5026,35.572],[-78.4985,35.5752],[-78.4982,35.5873],[-78.4951,35.5869],[-78.4912,35.5889],[-78.4885,35.5928],[-78.4852,35.5933],[-78.4833,35.6185],[-78.4774,35.6309],[-78.4826,35.6319],[-78.4843,35.6339],[-78.4843,35.6375],[-78.4982,35.632],[-78.5171,35.6201],[-78.5488,35.6133]]]}},{"type":"Feature","properties":{"geoid":"37101041106","clusterId":"raleigh-south"},"geometry":{"type":"Polygon","coordinates":[[[-78.5347,35.5674],[-78.5282,35.5524],[-78.5344,35.5354],[-78.531,35.5345],[-78.53,35.5364],[-78.5254,35.5373],[-78.5216,35.5358],[-78.5221,35.5346],[-78.5203,35.5351],[-78.5172,35.5312],[-78.5169,35.5299],[-78.519,35.5293],[-78.5167,35.5251],[-78.5124,35.5244],[-78.5132,35.5214],[-78.5095,35.521],[-78.5092,35.5257],[-78.5025,35.5285],[-78.5031,35.5273],[-78.4996,35.5247],[-78.5012,35.5218],[-78.4974,35.52],[-78.4962,35.522],[-78.4909,35.5237],[-78.4829,35.5215],[-78.4816,35.5282],[-78.4784,35.5256],[-78.4793,35.5244],[-78.4772,35.525],[-78.4741,35.5231],[-78.4697,35.5254],[-78.4669,35.5223],[-78.4555,35.5235],[-78.4542,35.5467],[-78.4608,35.5481],[-78.4603,35.5516],[-78.463,35.5547],[-78.4617,35.5566],[-78.4684,35.5587],[-78.4675,35.5657],[-78.4708,35.5697],[-78.474,35.5683],[-78.474,35.5655],[-78.4764,35.5654],[-78.4794,35.5615],[-78.4814,35.569],[-78.4845,35.5694],[-78.4874,35.5668],[-78.4889,35.5684],[-78.494,35.569],[-78.4948,35.5669],[-78.498,35.5682],[-78.4985,35.5708],[-78.4969,35.5726],[-78.4981,35.5749],[-78.5009,35.5666],[-78.5288,35.5662],[-78.5337,35.5705],[-78.5347,35.5674]]]}},{"type":"Feature","properties":{"geoid":"37101041107","clusterId":"raleigh-south"},"geometry":{"type":"Polygon","coordinates":[[[-78.5766,35.5797],[-78.576,35.5624],[-78.5716,35.5609],[-78.5716,35.5568],[-78.5649,35.5563],[-78.5612,35.5547],[-78.5602,35.5521],[-78.5393,35.547],[-78.5406,35.5436],[-78.5384,35.5441],[-78.5333,35.5407],[-78.5283,35.5533],[-78.5347,35.567],[-78.5337,35.5705],[-78.5406,35.579],[-78.5484,35.5824],[-78.5565,35.5885],[-78.5651,35.5981],[-78.5749,35.5855],[-78.5766,35.5797]]]}},{"type":"Feature","properties":{"geoid":"37101041108","clusterId":"raleigh-south"},"geometry":{"type":"Polygon","coordinates":[[[-78.5431,35.5804],[-78.5288,35.5662],[-78.5009,35.5666],[-78.4986,35.5749],[-78.5006,35.5725],[-78.5044,35.5721],[-78.5061,35.575],[-78.5046,35.5772],[-78.5085,35.5796],[-78.509,35.584],[-78.5145,35.587],[-78.5149,35.5784],[-78.5312,35.5886],[-78.5379,35.5892],[-78.5412,35.5866],[-78.5431,35.5804]]]}},{"type":"Feature","properties":{"geoid":"37101041109","clusterId":"raleigh-south"},"geometry":{"type":"Polygon","coordinates":[[[-78.5651,35.5981],[-78.5572,35.589],[-78.5474,35.5819],[-78.5431,35.5804],[-78.5404,35.5875],[-78.5379,35.5892],[-78.5322,35.5888],[-78.5144,35.5788],[-78.5145,35.587],[-78.5198,35.5902],[-78.5222,35.5889],[-78.524,35.5904],[-78.5232,35.5939],[-78.5187,35.5964],[-78.5195,35.6021],[-78.5275,35.6044],[-78.5287,35.6021],[-78.532,35.6025],[-78.5336,35.5997],[-78.536,35.5999],[-78.5452,35.6078],[-78.5486,35.6082],[-78.5472,35.6098],[-78.5488,35.6133],[-78.5643,35.607],[-78.5636,35.6022],[-78.5651,35.5981]]]}},{"type":"Feature","properties":{"geoid":"37101041110","clusterId":"raleigh-south"},"geometry":{"type":"Polygon","coordinates":[[[-78.5312,35.6566],[-78.5299,35.654],[-78.5241,35.6506],[-78.5187,35.6405],[-78.5216,35.6385],[-78.5225,35.6355],[-78.5231,35.6309],[-78.5214,35.6271],[-78.5244,35.6209],[-78.5276,35.6206],[-78.5281,35.6178],[-78.515,35.621],[-78.4959,35.6332],[-78.4758,35.6404],[-78.4927,35.6441],[-78.5023,35.6488],[-78.5045,35.6557],[-78.5103,35.658],[-78.5186,35.6664],[-78.5312,35.6566]]]}},{"type":"Feature","properties":{"geoid":"37101041111","clusterId":"raleigh-south"},"geometry":{"type":"Polygon","coordinates":[[[-78.5675,35.6176],[-78.5643,35.607],[-78.5408,35.6158],[-78.5281,35.6178],[-78.5276,35.6206],[-78.5244,35.6209],[-78.5214,35.6271],[-78.5231,35.6309],[-78.5225,35.6355],[-78.5216,35.6385],[-78.5188,35.6403],[-78.5241,35.6506],[-78.5299,35.654],[-78.5312,35.6566],[-78.5666,35.629],[-78.5675,35.6176]]]}},{"type":"Feature","properties":{"geoid":"37101041112","clusterId":"raleigh-south"},"geometry":{"type":"Polygon","coordinates":[[[-78.6137,35.5925],[-78.5992,35.5927],[-78.5991,35.5875],[-78.5923,35.569],[-78.5905,35.571],[-78.5833,35.5687],[-78.5837,35.5603],[-78.5813,35.5623],[-78.5784,35.5611],[-78.5775,35.5633],[-78.576,35.5624],[-78.576,35.5828],[-78.5636,35.6022],[-78.5675,35.6164],[-78.5666,35.629],[-78.6137,35.5925]]]}},{"type":"Feature","properties":{"geoid":"37101041113","clusterId":"raleigh-south"},"geometry":{"type":"Polygon","coordinates":[[[-78.6427,35.5701],[-78.6372,35.5689],[-78.6374,35.5668],[-78.6335,35.5655],[-78.6252,35.5654],[-78.6188,35.5632],[-78.6113,35.5633],[-78.5923,35.569],[-78.5991,35.5875],[-78.5992,35.5927],[-78.6143,35.5921],[-78.6427,35.5701]]]}},{"type":"Feature","properties":{"geoid":"37101041203","clusterId":"raleigh-south"},"geometry":{"type":"Polygon","coordinates":[[[-78.4847,35.371],[-78.4783,35.3669],[-78.4686,35.3654],[-78.4676,35.3626],[-78.4608,35.3585],[-78.4574,35.3599],[-78.4383,35.3591],[-78.4292,35.3469],[-78.4233,35.3437],[-78.4171,35.3435],[-78.4134,35.3398],[-78.4093,35.3412],[-78.4076,35.3393],[-78.4013,35.34],[-78.3991,35.3368],[-78.3932,35.3354],[-78.391,35.3371],[-78.3823,35.3367],[-78.3804,35.338],[-78.3773,35.3355],[-78.3755,35.3378],[-78.3679,35.3401],[-78.3635,35.3385],[-78.3671,35.3773],[-78.3757,35.4039],[-78.3796,35.4037],[-78.3841,35.406],[-78.3875,35.4025],[-78.3969,35.4006],[-78.4324,35.4006],[-78.4291,35.4094],[-78.4298,35.42],[-78.4283,35.4275],[-78.4265,35.4293],[-78.4261,35.4357],[-78.4382,35.427],[-78.4625,35.4177],[-78.4638,35.4073],[-78.4621,35.4047],[-78.459,35.404],[-78.4611,35.3973],[-78.4696,35.3904],[-78.4745,35.3761],[-78.4847,35.371]]]}},{"type":"Feature","properties":{"geoid":"37101041204","clusterId":"raleigh-south"},"geometry":{"type":"Polygon","coordinates":[[[-78.4324,35.4006],[-78.3969,35.4006],[-78.3875,35.4025],[-78.3841,35.406],[-78.3763,35.4037],[-78.3665,35.4076],[-78.3611,35.4116],[-78.365,35.4217],[-78.365,35.429],[-78.3704,35.4387],[-78.3603,35.4362],[-78.3562,35.4317],[-78.3476,35.4313],[-78.3477,35.4377],[-78.3515,35.4402],[-78.3524,35.4436],[-78.3502,35.4455],[-78.3468,35.4439],[-78.3466,35.4457],[-78.3485,35.447],[-78.3565,35.4467],[-78.3598,35.4492],[-78.36,35.4534],[-78.3561,35.4554],[-78.36,35.4571],[-78.359,35.4623],[-78.3669,35.4711],[-78.3695,35.4816],[-78.3822,35.4736],[-78.3892,35.4634],[-78.3892,35.4578],[-78.3992,35.4482],[-78.4195,35.44],[-78.4261,35.4357],[-78.4265,35.4293],[-78.4283,35.4275],[-78.4298,35.42],[-78.4291,35.4094],[-78.4324,35.4006]]]}},{"type":"Feature","properties":{"geoid":"37101041205","clusterId":"raleigh-south"},"geometry":{"type":"Polygon","coordinates":[[[-78.48,35.4494],[-78.4674,35.4485],[-78.4687,35.4388],[-78.462,35.428],[-78.4625,35.4177],[-78.44,35.4261],[-78.4203,35.4397],[-78.4015,35.4466],[-78.3892,35.4578],[-78.3889,35.4639],[-78.3993,35.4597],[-78.4105,35.4603],[-78.4182,35.4582],[-78.4203,35.4535],[-78.4224,35.4548],[-78.4333,35.4494],[-78.4546,35.4592],[-78.4684,35.4575],[-78.4771,35.4616],[-78.4792,35.4587],[-78.48,35.4494]]]}},{"type":"Feature","properties":{"geoid":"37101041206","clusterId":"raleigh-south"},"geometry":{"type":"Polygon","coordinates":[[[-78.473,35.512],[-78.474,35.51],[-78.4583,35.5021],[-78.4578,35.4959],[-78.4532,35.4927],[-78.4466,35.4787],[-78.4576,35.4684],[-78.4556,35.4604],[-78.4527,35.4578],[-78.4338,35.4494],[-78.43,35.4502],[-78.4304,35.4518],[-78.4243,35.4528],[-78.4224,35.4548],[-78.4203,35.4535],[-78.4182,35.4582],[-78.4105,35.4603],[-78.3993,35.4597],[-78.3889,35.4639],[-78.3819,35.4739],[-78.3695,35.4816],[-78.3709,35.4884],[-78.3744,35.4915],[-78.3737,35.4947],[-78.3764,35.4995],[-78.3752,35.5025],[-78.3772,35.5042],[-78.3785,35.5015],[-78.3808,35.5056],[-78.386,35.5031],[-78.3891,35.5041],[-78.3883,35.5053],[-78.3899,35.5073],[-78.3928,35.5072],[-78.3914,35.5056],[-78.3973,35.5023],[-78.3966,35.5038],[-78.4021,35.5084],[-78.4015,35.5125],[-78.4087,35.5142],[-78.408,35.5149],[-78.4152,35.5202],[-78.4193,35.5183],[-78.4222,35.5193],[-78.4238,35.5214],[-78.4228,35.5233],[-78.4309,35.5234],[-78.4346,35.5288],[-78.439,35.5186],[-78.4456,35.5198],[-78.4465,35.5188],[-78.4446,35.5178],[-78.4461,35.5163],[-78.4497,35.5177],[-78.4498,35.5153],[-78.4559,35.5137],[-78.4601,35.5168],[-78.467,35.5173],[-78.4685,35.5206],[-78.4669,35.5223],[-78.4694,35.5208],[-78.473,35.512]]]}},{"type":"Feature","properties":{"geoid":"37101041301","clusterId":"raleigh-south"},"geometry":{"type":"Polygon","coordinates":[[[-78.3757,35.4039],[-78.3669,35.3765],[-78.3576,35.2739],[-78.3066,35.2876],[-78.2897,35.3151],[-78.276,35.3151],[-78.2691,35.3228],[-78.258,35.3257],[-78.2488,35.3204],[-78.2426,35.3198],[-78.2157,35.3335],[-78.2167,35.3368],[-78.2155,35.3415],[-78.2136,35.3405],[-78.2118,35.3423],[-78.2096,35.3397],[-78.2008,35.3413],[-78.1973,35.3401],[-78.1964,35.3435],[-78.187,35.3426],[-78.1848,35.3454],[-78.18,35.3437],[-78.1716,35.3484],[-78.1742,35.3501],[-78.1718,35.3544],[-78.1797,35.35],[-78.1801,35.3559],[-78.1852,35.3597],[-78.1907,35.36],[-78.193,35.363],[-78.1918,35.3645],[-78.1926,35.3675],[-78.1887,35.3699],[-78.1887,35.3724],[-78.1916,35.3746],[-78.1944,35.373],[-78.1976,35.3747],[-78.1995,35.3788],[-78.2018,35.3768],[-78.2039,35.3778],[-78.2032,35.3816],[-78.2001,35.3821],[-78.2032,35.3845],[-78.2062,35.3838],[-78.2083,35.3854],[-78.2102,35.3829],[-78.2138,35.3856],[-78.2143,35.3836],[-78.2116,35.3823],[-78.2129,35.381],[-78.2184,35.3844],[-78.2187,35.3786],[-78.2228,35.376],[-78.224,35.3783],[-78.2271,35.3784],[-78.2284,35.376],[-78.2271,35.3737],[-78.2315,35.373],[-78.2321,35.3741],[-78.2297,35.3764],[-78.232,35.3806],[-78.2342,35.3806],[-78.234,35.3784],[-78.2374,35.3793],[-78.2415,35.3778],[-78.2403,35.3825],[-78.2365,35.3854],[-78.2396,35.3912],[-78.2427,35.3885],[-78.2459,35.391],[-78.2547,35.39],[-78.2597,35.3932],[-78.263,35.3933],[-78.2631,35.3953],[-78.2659,35.3954],[-78.2652,35.3971],[-78.2696,35.3996],[-78.2716,35.3959],[-78.2801,35.3983],[-78.2828,35.4026],[-78.2824,35.407],[-78.2844,35.4089],[-78.2825,35.4175],[-78.288,35.4264],[-78.2893,35.4235],[-78.2962,35.4244],[-78.297,35.4266],[-78.3061,35.4278],[-78.3053,35.4295],[-78.309,35.4298],[-78.3111,35.4319],[-78.3125,35.4272],[-78.3158,35.4297],[-78.322,35.4286],[-78.3227,35.4313],[-78.3269,35.4309],[-78.3282,35.4292],[-78.3311,35.4302],[-78.3307,35.4272],[-78.3348,35.4274],[-78.3345,35.4301],[-78.3382,35.4338],[-78.3391,35.4371],[-78.3437,35.4363],[-78.3455,35.4336],[-78.3476,35.4343],[-78.3475,35.4313],[-78.3519,35.4307],[-78.3562,35.4317],[-78.3603,35.4362],[-78.3704,35.4387],[-78.365,35.429],[-78.365,35.4217],[-78.3611,35.4116],[-78.3665,35.4076],[-78.3757,35.4039]]]}},{"type":"Feature","properties":{"geoid":"37101041302","clusterId":"raleigh-south"},"geometry":{"type":"Polygon","coordinates":[[[-78.5261,35.3034],[-78.5222,35.295],[-78.4919,35.2633],[-78.4117,35.2547],[-78.3977,35.263],[-78.3576,35.2739],[-78.3635,35.3385],[-78.3679,35.3401],[-78.3755,35.3378],[-78.3773,35.3355],[-78.3804,35.338],[-78.3823,35.3367],[-78.391,35.3371],[-78.3932,35.3354],[-78.3991,35.3368],[-78.4013,35.34],[-78.4076,35.3393],[-78.4093,35.3412],[-78.4134,35.3398],[-78.4171,35.3435],[-78.4233,35.3437],[-78.4292,35.3469],[-78.4383,35.3591],[-78.4574,35.3599],[-78.4608,35.3585],[-78.4676,35.3626],[-78.4686,35.3654],[-78.4783,35.3669],[-78.4847,35.371],[-78.4926,35.3675],[-78.5094,35.367],[-78.5095,35.3645],[-78.5078,35.3641],[-78.5078,35.3564],[-78.4991,35.3465],[-78.4966,35.3259],[-78.509,35.3133],[-78.5261,35.3034]]]}},{"type":"Feature","properties":{"geoid":"37101041401","clusterId":"raleigh-south"},"geometry":{"type":"Polygon","coordinates":[[[-78.5489,35.3821],[-78.5268,35.3688],[-78.5095,35.3645],[-78.509,35.3672],[-78.4915,35.3678],[-78.4745,35.3761],[-78.4696,35.3904],[-78.4613,35.3971],[-78.459,35.404],[-78.4623,35.4048],[-78.464,35.4081],[-78.4616,35.4201],[-78.462,35.428],[-78.4785,35.4246],[-78.5,35.414],[-78.5035,35.4213],[-78.5231,35.421],[-78.5281,35.423],[-78.5313,35.4223],[-78.5397,35.4164],[-78.5432,35.3887],[-78.5489,35.3821]]]}},{"type":"Feature","properties":{"geoid":"37101041402","clusterId":"raleigh-south"},"geometry":{"type":"Polygon","coordinates":[[[-78.6101,35.4276],[-78.5988,35.4183],[-78.5971,35.4062],[-78.5927,35.3986],[-78.5845,35.3959],[-78.5841,35.3942],[-78.5725,35.3865],[-78.572,35.3804],[-78.5681,35.3738],[-78.5691,35.3708],[-78.5677,35.3677],[-78.5628,35.3656],[-78.5627,35.3622],[-78.5528,35.3573],[-78.5493,35.3535],[-78.5331,35.343],[-78.5336,35.3406],[-78.5299,35.3349],[-78.5376,35.3272],[-78.5356,35.3201],[-78.5383,35.3164],[-78.5266,35.303],[-78.5066,35.3154],[-78.4966,35.3259],[-78.4991,35.3465],[-78.5078,35.3564],[-78.5078,35.3641],[-78.5268,35.3688],[-78.549,35.382],[-78.5432,35.3887],[-78.5399,35.4159],[-78.5328,35.4214],[-78.5331,35.4234],[-78.5396,35.4264],[-78.5444,35.4258],[-78.5464,35.4235],[-78.57,35.432],[-78.5753,35.4353],[-78.5838,35.4368],[-78.587,35.4295],[-78.6021,35.4302],[-78.6053,35.4325],[-78.6072,35.4321],[-78.6101,35.4276]]]}},{"type":"Feature","properties":{"geoid":"37101041504","clusterId":"raleigh-south"},"geometry":{"type":"Polygon","coordinates":[[[-78.5804,35.5494],[-78.5794,35.5456],[-78.5589,35.5182],[-78.5562,35.5122],[-78.5537,35.5159],[-78.5338,35.5136],[-78.5195,35.5088],[-78.4982,35.5154],[-78.474,35.51],[-78.4694,35.5208],[-78.4667,35.5227],[-78.4691,35.5254],[-78.4729,35.5246],[-78.4732,35.5229],[-78.4772,35.525],[-78.4789,35.5243],[-78.4784,35.5256],[-78.4816,35.5282],[-78.4829,35.5215],[-78.4909,35.5237],[-78.4962,35.522],[-78.4974,35.52],[-78.5012,35.5218],[-78.4996,35.5247],[-78.5031,35.5273],[-78.5025,35.5285],[-78.5092,35.5257],[-78.5095,35.521],[-78.5132,35.5214],[-78.5124,35.5244],[-78.5167,35.5251],[-78.519,35.5293],[-78.5169,35.5299],[-78.5172,35.5312],[-78.5203,35.5351],[-78.5221,35.5346],[-78.5216,35.5358],[-78.5256,35.5373],[-78.53,35.5364],[-78.531,35.5345],[-78.5342,35.535],[-78.5327,35.5402],[-78.5384,35.5441],[-78.5406,35.5436],[-78.5393,35.547],[-78.5602,35.5521],[-78.5612,35.5547],[-78.5649,35.5563],[-78.5712,35.5565],[-78.5725,35.5588],[-78.5716,35.5609],[-78.575,35.5626],[-78.5804,35.5494]]]}},{"type":"Feature","properties":{"geoid":"37101041505","clusterId":"raleigh-south"},"geometry":{"type":"Polygon","coordinates":[[[-78.5562,35.5122],[-78.5491,35.4711],[-78.5337,35.4514],[-78.5345,35.4402],[-78.5303,35.4229],[-78.5231,35.421],[-78.5035,35.4213],[-78.5,35.414],[-78.4785,35.4246],[-78.462,35.428],[-78.4687,35.4385],[-78.4674,35.4485],[-78.48,35.4492],[-78.4792,35.4587],[-78.4771,35.4616],[-78.4684,35.4575],[-78.4546,35.4592],[-78.4574,35.4634],[-78.4576,35.4684],[-78.4513,35.4757],[-78.4465,35.4786],[-78.4532,35.4927],[-78.4578,35.4959],[-78.4583,35.5021],[-78.4754,35.5106],[-78.497,35.5154],[-78.5195,35.5088],[-78.5338,35.5136],[-78.5537,35.5159],[-78.5562,35.5122]]]}},{"type":"Feature","properties":{"geoid":"37101041506","clusterId":"raleigh-south"},"geometry":{"type":"Polygon","coordinates":[[[-78.6027,35.5214],[-78.5763,35.5161],[-78.5577,35.5164],[-78.5797,35.5462],[-78.5802,35.5506],[-78.5763,35.5586],[-78.576,35.5624],[-78.5775,35.5633],[-78.5784,35.5611],[-78.5813,35.5623],[-78.5837,35.5603],[-78.5841,35.5694],[-78.591,35.5707],[-78.5958,35.5572],[-78.5994,35.5551],[-78.5991,35.5491],[-78.6022,35.5387],[-78.5982,35.5303],[-78.6027,35.5214]]]}},{"type":"Feature","properties":{"geoid":"37101041507","clusterId":"raleigh-south"},"geometry":{"type":"Polygon","coordinates":[[[-78.6351,35.5642],[-78.6306,35.5586],[-78.6307,35.5533],[-78.6282,35.5463],[-78.6307,35.5381],[-78.6312,35.5199],[-78.6028,35.5209],[-78.5982,35.5303],[-78.6022,35.5387],[-78.5991,35.5491],[-78.5994,35.5551],[-78.5958,35.5572],[-78.5921,35.565],[-78.5923,35.569],[-78.6115,35.5632],[-78.6207,35.5633],[-78.6286,35.5656],[-78.6342,35.5657],[-78.6351,35.5642]]]}},{"type":"Feature","properties":{"geoid":"37101041508","clusterId":"raleigh-south"},"geometry":{"type":"Polygon","coordinates":[[[-78.7089,35.5195],[-78.6904,35.5158],[-78.6847,35.5197],[-78.6805,35.5205],[-78.6606,35.5174],[-78.6312,35.5199],[-78.6307,35.5381],[-78.6282,35.5463],[-78.6307,35.5533],[-78.6306,35.5586],[-78.6353,35.5637],[-78.6342,35.5657],[-78.6374,35.5668],[-78.6372,35.5689],[-78.6427,35.5701],[-78.7089,35.5195]]]}},{"type":"Feature","properties":{"geoid":"37101041509","clusterId":"raleigh-south"},"geometry":{"type":"Polygon","coordinates":[[[-78.6505,35.5183],[-78.6476,35.5121],[-78.6383,35.5098],[-78.6345,35.5059],[-78.6304,35.5058],[-78.617,35.4965],[-78.6046,35.4823],[-78.5959,35.4803],[-78.5953,35.478],[-78.5909,35.4758],[-78.5896,35.4665],[-78.5762,35.4625],[-78.5753,35.4646],[-78.5701,35.4643],[-78.5676,35.4611],[-78.5603,35.4609],[-78.558,35.4627],[-78.5506,35.4622],[-78.5483,35.4605],[-78.5412,35.4607],[-78.5493,35.4718],[-78.5577,35.5164],[-78.5763,35.5161],[-78.5871,35.519],[-78.6122,35.5213],[-78.6505,35.5183]]]}},{"type":"Feature","properties":{"geoid":"37101041510","clusterId":"raleigh-south"},"geometry":{"type":"Polygon","coordinates":[[[-78.6148,35.4404],[-78.6072,35.4321],[-78.6048,35.4324],[-78.6021,35.4302],[-78.587,35.4295],[-78.5838,35.4368],[-78.5753,35.4353],[-78.57,35.432],[-78.5464,35.4235],[-78.5444,35.4258],[-78.5396,35.4264],[-78.5331,35.4234],[-78.5328,35.4214],[-78.5303,35.4229],[-78.5345,35.4402],[-78.5337,35.4514],[-78.5412,35.4607],[-78.5483,35.4605],[-78.5506,35.4622],[-78.558,35.4627],[-78.5603,35.4609],[-78.5676,35.4611],[-78.5701,35.4643],[-78.5753,35.4646],[-78.576,35.4625],[-78.5823,35.4651],[-78.5861,35.4648],[-78.5899,35.4668],[-78.591,35.4759],[-78.5947,35.4774],[-78.5949,35.4793],[-78.5978,35.4812],[-78.6046,35.4823],[-78.606,35.4848],[-78.61,35.4822],[-78.6079,35.4723],[-78.6094,35.4528],[-78.6148,35.4404]]]}},{"type":"Feature","properties":{"geoid":"37101041511","clusterId":"raleigh-south"},"geometry":{"type":"Polygon","coordinates":[[[-78.6897,35.5159],[-78.6882,35.5138],[-78.6869,35.5019],[-78.6729,35.4957],[-78.6606,35.4962],[-78.6558,35.4905],[-78.6534,35.484],[-78.6503,35.4826],[-78.6498,35.4717],[-78.6389,35.4618],[-78.6272,35.4583],[-78.6214,35.4505],[-78.6195,35.4451],[-78.6146,35.442],[-78.6094,35.4528],[-78.6079,35.4723],[-78.61,35.4822],[-78.606,35.4848],[-78.617,35.4964],[-78.6305,35.5059],[-78.6345,35.5059],[-78.6383,35.5098],[-78.6476,35.5121],[-78.6505,35.5183],[-78.6642,35.5176],[-78.6741,35.5205],[-78.6805,35.5205],[-78.6847,35.5197],[-78.6897,35.5159]]]}},{"type":"Feature","properties":{"geoid":"37063000101","clusterId":"raleigh-north"},"geometry":{"type":"Polygon","coordinates":[[[-78.8949,36.0299],[-78.893,36.0281],[-78.8923,36.0164],[-78.8901,36.0163],[-78.8905,36.0148],[-78.889,36.0145],[-78.8755,36.0136],[-78.8737,36.0259],[-78.8791,36.0283],[-78.878,36.0334],[-78.8899,36.0357],[-78.8923,36.0349],[-78.8908,36.0317],[-78.8949,36.0299]]]}},{"type":"Feature","properties":{"geoid":"37063000102","clusterId":"raleigh-north"},"geometry":{"type":"Polygon","coordinates":[[[-78.9165,36.0253],[-78.8905,36.0148],[-78.8901,36.0163],[-78.8923,36.0164],[-78.8932,36.0289],[-78.8949,36.0299],[-78.8908,36.0317],[-78.8913,36.0337],[-78.8983,36.0384],[-78.9008,36.0429],[-78.9087,36.0429],[-78.9083,36.0378],[-78.9111,36.0306],[-78.9165,36.0253]]]}},{"type":"Feature","properties":{"geoid":"37063000200","clusterId":"raleigh-north"},"geometry":{"type":"Polygon","coordinates":[[[-78.903,36.0057],[-78.902,36.0055],[-78.9031,36.0038],[-78.8777,36.0037],[-78.8674,36.0102],[-78.8711,36.0135],[-78.8886,36.0144],[-78.8961,36.017],[-78.896,36.0089],[-78.9011,36.0083],[-78.903,36.0057]]]}},{"type":"Feature","properties":{"geoid":"37063000301","clusterId":"raleigh-north"},"geometry":{"type":"Polygon","coordinates":[[[-78.9196,36.0104],[-78.9111,36.0099],[-78.9107,36.0169],[-78.8984,36.0179],[-78.9166,36.0253],[-78.9188,36.0234],[-78.9196,36.0104]]]}},{"type":"Feature","properties":{"geoid":"37063000302","clusterId":"raleigh-north"},"geometry":{"type":"Polygon","coordinates":[[[-78.9125,36.004],[-78.9038,36.0044],[-78.9015,36.0081],[-78.896,36.0089],[-78.8961,36.017],[-78.9107,36.0169],[-78.9125,36.004]]]}},{"type":"Feature","properties":{"geoid":"37063000401","clusterId":"raleigh-west"},"geometry":{"type":"Polygon","coordinates":[[[-78.95,36.0187],[-78.9361,36.0151],[-78.9193,36.0154],[-78.9188,36.0234],[-78.9166,36.0253],[-78.9221,36.0286],[-78.9363,36.0287],[-78.9477,36.0244],[-78.95,36.0187]]]}},{"type":"Feature","properties":{"geoid":"37063000402","clusterId":"raleigh-west"},"geometry":{"type":"Polygon","coordinates":[[[-78.9362,36.0157],[-78.9298,36.0083],[-78.9198,36.0056],[-78.9193,36.0154],[-78.9362,36.0157]]]}},{"type":"Feature","properties":{"geoid":"37063000500","clusterId":"raleigh-west"},"geometry":{"type":"Polygon","coordinates":[[[-78.9302,36.0008],[-78.9234,36],[-78.925,35.9936],[-78.9216,35.9936],[-78.9262,35.9869],[-78.9186,35.9864],[-78.9143,35.9893],[-78.915,35.9968],[-78.9134,36.0018],[-78.9145,36.0028],[-78.9293,36.008],[-78.9302,36.0008]]]}},{"type":"Feature","properties":{"geoid":"37063000600","clusterId":"raleigh-west"},"geometry":{"type":"Polygon","coordinates":[[[-78.9583,35.9987],[-78.9581,35.9838],[-78.9289,35.971],[-78.9208,35.9764],[-78.9203,35.9864],[-78.9265,35.9872],[-78.9216,35.9935],[-78.925,35.9936],[-78.9234,36],[-78.9302,36],[-78.9303,35.9984],[-78.9354,35.9965],[-78.9406,35.9915],[-78.9494,35.9965],[-78.9583,35.9987]]]}},{"type":"Feature","properties":{"geoid":"37063000700","clusterId":"raleigh-west"},"geometry":{"type":"Polygon","coordinates":[[[-78.9289,35.971],[-78.9222,35.967],[-78.9192,35.9686],[-78.9165,35.967],[-78.9138,35.9731],[-78.9087,35.9756],[-78.9089,35.9851],[-78.9025,35.9949],[-78.9134,36.0018],[-78.915,35.9968],[-78.9143,35.9893],[-78.9203,35.9864],[-78.9208,35.9764],[-78.9289,35.971]]]}},{"type":"Feature","properties":{"geoid":"37063000900","clusterId":"raleigh-north"},"geometry":{"type":"Polygon","coordinates":[[[-78.8944,35.9987],[-78.8838,35.9945],[-78.8838,35.9963],[-78.88,35.9963],[-78.8807,35.9987],[-78.8776,36.003],[-78.8931,36.0034],[-78.8944,35.9987]]]}},{"type":"Feature","properties":{"geoid":"37063001001","clusterId":"raleigh-north"},"geometry":{"type":"Polygon","coordinates":[[[-78.8862,35.9905],[-78.8849,35.9899],[-78.8861,35.9879],[-78.8827,35.9866],[-78.8837,35.9817],[-78.8731,35.9765],[-78.8685,35.9697],[-78.8668,35.9725],[-78.8691,35.977],[-78.863,35.9815],[-78.8693,35.9816],[-78.8687,35.9866],[-78.8711,35.9861],[-78.8708,35.9886],[-78.8783,35.9889],[-78.878,35.9963],[-78.8838,35.9963],[-78.8838,35.9945],[-78.886,35.9945],[-78.8862,35.9905]]]}},{"type":"Feature","properties":{"geoid":"37063001002","clusterId":"raleigh-north"},"geometry":{"type":"Polygon","coordinates":[[[-78.8807,35.9987],[-78.88,35.9963],[-78.878,35.9963],[-78.8783,35.9889],[-78.8708,35.9886],[-78.8711,35.9861],[-78.8687,35.9866],[-78.8693,35.9816],[-78.863,35.9815],[-78.8607,35.9859],[-78.8627,35.989],[-78.8631,36.0019],[-78.8674,36.0102],[-78.8783,36.0036],[-78.8778,36.0024],[-78.8807,35.9987]]]}},{"type":"Feature","properties":{"geoid":"37063001100","clusterId":"raleigh-west"},"geometry":{"type":"Polygon","coordinates":[[[-78.8971,35.9905],[-78.8943,35.9863],[-78.8837,35.9817],[-78.8827,35.9866],[-78.8861,35.9879],[-78.8849,35.9899],[-78.8862,35.9904],[-78.8859,35.9958],[-78.8896,35.9959],[-78.8894,35.9974],[-78.8944,35.9986],[-78.8968,35.9956],[-78.8937,35.9945],[-78.8971,35.9905]]]}},{"type":"Feature","properties":{"geoid":"37063001301","clusterId":"raleigh-west"},"geometry":{"type":"Polygon","coordinates":[[[-78.9088,35.9838],[-78.9087,35.9796],[-78.907,35.9803],[-78.9006,35.9774],[-78.893,35.9763],[-78.8918,35.9794],[-78.8936,35.9799],[-78.8934,35.9839],[-78.9056,35.9817],[-78.9088,35.9838]]]}},{"type":"Feature","properties":{"geoid":"37063001303","clusterId":"raleigh-west"},"geometry":{"type":"Polygon","coordinates":[[[-78.9087,35.979],[-78.9086,35.9746],[-78.9063,35.9701],[-78.9076,35.965],[-78.9035,35.9678],[-78.9001,35.9664],[-78.8951,35.967],[-78.893,35.9763],[-78.9006,35.9774],[-78.907,35.9803],[-78.9087,35.979]]]}},{"type":"Feature","properties":{"geoid":"37063001304","clusterId":"raleigh-west"},"geometry":{"type":"Polygon","coordinates":[[[-78.9217,35.9674],[-78.9146,35.9608],[-78.9105,35.96],[-78.9086,35.9623],[-78.8984,35.9638],[-78.8954,35.9668],[-78.9035,35.9678],[-78.9076,35.965],[-78.9063,35.9701],[-78.9087,35.9756],[-78.9138,35.9731],[-78.9165,35.967],[-78.9192,35.9686],[-78.9217,35.9674]]]}},{"type":"Feature","properties":{"geoid":"37063001400","clusterId":"raleigh-west"},"geometry":{"type":"Polygon","coordinates":[[[-78.8944,35.9725],[-78.8936,35.9699],[-78.8852,35.9682],[-78.885,35.9742],[-78.8732,35.9744],[-78.8704,35.9723],[-78.876,35.9785],[-78.8925,35.9854],[-78.8936,35.9799],[-78.8918,35.9794],[-78.8944,35.9725]]]}},{"type":"Feature","properties":{"geoid":"37063001501","clusterId":"raleigh-west"},"geometry":{"type":"Polygon","coordinates":[[[-78.9531,35.9981],[-78.9406,35.9915],[-78.9354,35.9965],[-78.9303,35.9984],[-78.9298,36.0067],[-78.934,36.0079],[-78.9334,36.0092],[-78.945,36.0085],[-78.9514,36.0031],[-78.9531,35.9981]]]}},{"type":"Feature","properties":{"geoid":"37063001503","clusterId":"raleigh-west"},"geometry":{"type":"Polygon","coordinates":[[[-78.9198,36.0059],[-78.9134,36.0018],[-78.9124,36.0097],[-78.9196,36.0099],[-78.9198,36.0059]]]}},{"type":"Feature","properties":{"geoid":"37063001504","clusterId":"raleigh-west"},"geometry":{"type":"Polygon","coordinates":[[[-78.9584,36.0014],[-78.9583,35.9987],[-78.9533,35.9977],[-78.9514,36.0031],[-78.9463,36.0075],[-78.9486,36.011],[-78.9456,36.0174],[-78.9501,36.0185],[-78.9559,36.0109],[-78.9584,36.0014]]]}},{"type":"Feature","properties":{"geoid":"37063001505","clusterId":"raleigh-west"},"geometry":{"type":"Polygon","coordinates":[[[-78.9486,36.0098],[-78.9463,36.0075],[-78.9441,36.0087],[-78.9373,36.0082],[-78.9373,36.0092],[-78.9334,36.0092],[-78.934,36.0079],[-78.9298,36.0067],[-78.9293,36.008],[-78.936,36.0151],[-78.9454,36.0174],[-78.9481,36.0141],[-78.9486,36.0098]]]}},{"type":"Feature","properties":{"geoid":"37063001601","clusterId":"raleigh-north"},"geometry":{"type":"Polygon","coordinates":[[[-78.9111,36.0817],[-78.9086,36.072],[-78.9066,36.0738],[-78.9029,36.0728],[-78.8997,36.0773],[-78.8961,36.0769],[-78.8957,36.0733],[-78.892,36.0725],[-78.8856,36.0775],[-78.8782,36.0796],[-78.8763,36.0767],[-78.8678,36.0751],[-78.8711,36.0688],[-78.8699,36.0665],[-78.8663,36.0685],[-78.8652,36.0729],[-78.8556,36.0717],[-78.8513,36.0684],[-78.8487,36.0706],[-78.844,36.0709],[-78.8447,36.0723],[-78.8478,36.0722],[-78.8477,36.074],[-78.8496,36.073],[-78.8512,36.0753],[-78.8549,36.0758],[-78.8542,36.0811],[-78.8553,36.0831],[-78.858,36.0833],[-78.8563,36.0849],[-78.861,36.0845],[-78.8626,36.0869],[-78.8604,36.0896],[-78.8616,36.0911],[-78.8583,36.0919],[-78.8545,36.097],[-78.8564,36.1008],[-78.8559,36.1044],[-78.8542,36.1073],[-78.8518,36.108],[-78.863,36.1149],[-78.8687,36.1123],[-78.8782,36.1148],[-78.8757,36.1202],[-78.8754,36.1262],[-78.8731,36.1292],[-78.8824,36.1316],[-78.8808,36.1349],[-78.8818,36.1361],[-78.8947,36.1357],[-78.898,36.1339],[-78.9058,36.139],[-78.9007,36.1237],[-78.9102,36.1029],[-78.9111,36.0817]]]}},{"type":"Feature","properties":{"geoid":"37063001603","clusterId":"raleigh-north"},"geometry":{"type":"Polygon","coordinates":[[[-78.9714,36.1206],[-78.9481,36.1224],[-78.9422,36.1246],[-78.93,36.1183],[-78.9277,36.1125],[-78.9298,36.1094],[-78.9338,36.0878],[-78.9303,36.0798],[-78.9349,36.0719],[-78.9143,36.0685],[-78.9086,36.072],[-78.9111,36.0816],[-78.9102,36.1025],[-78.9007,36.1243],[-78.9058,36.139],[-78.9152,36.1384],[-78.9179,36.1415],[-78.9239,36.1427],[-78.9303,36.14],[-78.9336,36.1403],[-78.9339,36.1376],[-78.9373,36.1378],[-78.9394,36.1409],[-78.9429,36.1423],[-78.9407,36.147],[-78.9418,36.1511],[-78.9492,36.1491],[-78.9559,36.1512],[-78.9633,36.144],[-78.9674,36.1432],[-78.9714,36.1206]]]}},{"type":"Feature","properties":{"geoid":"37063001604","clusterId":"raleigh-north"},"geometry":{"type":"Polygon","coordinates":[[[-78.9826,36.0566],[-78.9814,36.0544],[-78.9786,36.0545],[-78.978,36.0593],[-78.9741,36.0596],[-78.9726,36.0632],[-78.9619,36.0624],[-78.9608,36.0666],[-78.9535,36.0675],[-78.9535,36.0701],[-78.941,36.0702],[-78.9385,36.0728],[-78.9349,36.0719],[-78.9303,36.0796],[-78.9338,36.0878],[-78.9298,36.1094],[-78.9277,36.1125],[-78.9296,36.118],[-78.9422,36.1246],[-78.9481,36.1224],[-78.9714,36.1206],[-78.9826,36.0566]]]}},{"type":"Feature","properties":{"geoid":"37063001705","clusterId":"raleigh-north"},"geometry":{"type":"Polygon","coordinates":[[[-78.9576,36.041],[-78.9522,36.0324],[-78.9531,36.0255],[-78.9469,36.0247],[-78.9345,36.0288],[-78.9215,36.0285],[-78.9166,36.0253],[-78.9111,36.0306],[-78.9083,36.0378],[-78.9087,36.0429],[-78.9008,36.0429],[-78.9032,36.0476],[-78.9058,36.0475],[-78.9058,36.0495],[-78.9092,36.0463],[-78.9168,36.0454],[-78.9231,36.0488],[-78.9278,36.0491],[-78.9277,36.0517],[-78.9293,36.0517],[-78.9295,36.0441],[-78.9328,36.0463],[-78.9345,36.0456],[-78.9355,36.0375],[-78.9417,36.0367],[-78.9502,36.0389],[-78.9547,36.0426],[-78.9572,36.0427],[-78.9576,36.041]]]}},{"type":"Feature","properties":{"geoid":"37063001706","clusterId":"raleigh-west"},"geometry":{"type":"Polygon","coordinates":[[[-78.9884,36.0235],[-78.9814,36.0159],[-78.9672,36.0083],[-78.9627,36.0015],[-78.9583,35.9987],[-78.956,36.0106],[-78.9501,36.0185],[-78.956,36.0223],[-78.9605,36.0289],[-78.9646,36.0301],[-78.9741,36.0269],[-78.9874,36.0294],[-78.9884,36.0235]]]}},{"type":"Feature","properties":{"geoid":"37063001708","clusterId":"raleigh-north"},"geometry":{"type":"Polygon","coordinates":[[[-78.9086,36.072],[-78.9032,36.0591],[-78.8977,36.0579],[-78.8967,36.0592],[-78.8686,36.059],[-78.8628,36.0726],[-78.8654,36.0728],[-78.8663,36.0685],[-78.8699,36.0665],[-78.8711,36.0688],[-78.8678,36.0751],[-78.8763,36.0767],[-78.8782,36.0796],[-78.8856,36.0775],[-78.892,36.0725],[-78.8957,36.0733],[-78.8961,36.0769],[-78.8997,36.0773],[-78.9029,36.0728],[-78.9066,36.0738],[-78.9086,36.072]]]}},{"type":"Feature","properties":{"geoid":"37063001709","clusterId":"raleigh-north"},"geometry":{"type":"Polygon","coordinates":[[[-78.9036,36.0517],[-78.9028,36.0463],[-78.8981,36.0382],[-78.8923,36.0349],[-78.8835,36.0352],[-78.8837,36.034],[-78.878,36.0334],[-78.8791,36.0283],[-78.8737,36.0259],[-78.8725,36.0332],[-78.8702,36.0324],[-78.8659,36.0337],[-78.8715,36.0372],[-78.8716,36.0417],[-78.8742,36.0418],[-78.8704,36.0534],[-78.8623,36.065],[-78.8601,36.0719],[-78.8628,36.0726],[-78.8686,36.059],[-78.8967,36.0592],[-78.8977,36.0579],[-78.9032,36.0591],[-78.9036,36.0517]]]}},{"type":"Feature","properties":{"geoid":"37063001710","clusterId":"raleigh-north"},"geometry":{"type":"Polygon","coordinates":[[[-78.9268,36.0593],[-78.9264,36.0575],[-78.9215,36.0575],[-78.919,36.0557],[-78.9186,36.0457],[-78.9092,36.0463],[-78.9058,36.0495],[-78.9058,36.0475],[-78.9032,36.0476],[-78.9032,36.0601],[-78.9086,36.072],[-78.9134,36.0685],[-78.9216,36.0662],[-78.9213,36.0632],[-78.9268,36.0593]]]}},{"type":"Feature","properties":{"geoid":"37063001711","clusterId":"raleigh-north"},"geometry":{"type":"Polygon","coordinates":[[[-78.9465,36.0618],[-78.9372,36.0573],[-78.9349,36.0547],[-78.9363,36.048],[-78.9354,36.0442],[-78.9328,36.0463],[-78.9295,36.0441],[-78.9293,36.0517],[-78.9277,36.0517],[-78.9278,36.0491],[-78.923,36.0487],[-78.9186,36.0457],[-78.919,36.0557],[-78.9215,36.0575],[-78.9264,36.0575],[-78.9268,36.0594],[-78.9213,36.0632],[-78.9217,36.0662],[-78.9149,36.0687],[-78.9349,36.0719],[-78.9356,36.0692],[-78.9326,36.0657],[-78.9465,36.0618]]]}},{"type":"Feature","properties":{"geoid":"37063001712","clusterId":"raleigh-north"},"geometry":{"type":"Polygon","coordinates":[[[-78.978,36.0593],[-78.9681,36.0461],[-78.9603,36.0416],[-78.9577,36.0408],[-78.9572,36.0427],[-78.9547,36.0426],[-78.9502,36.0389],[-78.9417,36.0367],[-78.9355,36.0375],[-78.9363,36.048],[-78.9349,36.0545],[-78.9372,36.0573],[-78.9465,36.0618],[-78.9326,36.0657],[-78.9356,36.0692],[-78.9354,36.0725],[-78.939,36.0726],[-78.941,36.0702],[-78.9535,36.0701],[-78.9535,36.0675],[-78.9608,36.0666],[-78.9619,36.0624],[-78.9723,36.0634],[-78.9741,36.0596],[-78.978,36.0593]]]}},{"type":"Feature","properties":{"geoid":"37063001713","clusterId":"raleigh-west"},"geometry":{"type":"Polygon","coordinates":[[[-78.9873,36.0296],[-78.9741,36.0269],[-78.962,36.0298],[-78.956,36.0223],[-78.9501,36.0185],[-78.9474,36.0247],[-78.9537,36.0257],[-78.9522,36.0324],[-78.9568,36.04],[-78.9681,36.0461],[-78.978,36.0593],[-78.9786,36.0545],[-78.9814,36.0544],[-78.9826,36.0565],[-78.9873,36.0296]]]}},{"type":"Feature","properties":{"geoid":"37063001801","clusterId":"raleigh-north"},"geometry":{"type":"Polygon","coordinates":[[[-78.8756,36.0155],[-78.8755,36.0136],[-78.869,36.0125],[-78.8643,36.0054],[-78.8521,36.0045],[-78.8424,36.006],[-78.8405,36.0152],[-78.8411,36.0243],[-78.8275,36.0253],[-78.8246,36.029],[-78.8137,36.0317],[-78.8098,36.0357],[-78.7998,36.039],[-78.799,36.0405],[-78.7904,36.0421],[-78.7782,36.0479],[-78.7717,36.0555],[-78.7634,36.0534],[-78.7643,36.0557],[-78.7731,36.0633],[-78.7664,36.0712],[-78.7806,36.0723],[-78.7838,36.07],[-78.7881,36.0729],[-78.7849,36.0767],[-78.7893,36.0788],[-78.7931,36.0777],[-78.7908,36.0811],[-78.7926,36.086],[-78.7983,36.0846],[-78.8072,36.0871],[-78.8073,36.0883],[-78.8031,36.0901],[-78.8103,36.0949],[-78.8223,36.0945],[-78.8249,36.0913],[-78.8221,36.0913],[-78.8226,36.0882],[-78.8275,36.088],[-78.8289,36.0856],[-78.8358,36.0848],[-78.842,36.0816],[-78.8408,36.0789],[-78.8376,36.0791],[-78.8356,36.0764],[-78.8427,36.0749],[-78.8443,36.0707],[-78.8487,36.0706],[-78.8513,36.0684],[-78.8556,36.0717],[-78.8601,36.0719],[-78.8623,36.065],[-78.8704,36.0534],[-78.8742,36.0418],[-78.8716,36.0417],[-78.8715,36.0372],[-78.8659,36.0338],[-78.8702,36.0324],[-78.8725,36.0332],[-78.8756,36.0155]]]}},{"type":"Feature","properties":{"geoid":"37063001802","clusterId":"raleigh-north"},"geometry":{"type":"Polygon","coordinates":[[[-78.8693,35.9762],[-78.8682,35.9736],[-78.8616,35.9693],[-78.8568,35.9638],[-78.8515,35.9654],[-78.8478,35.9733],[-78.8436,35.9741],[-78.8412,35.9786],[-78.8437,35.9868],[-78.84,35.9859],[-78.8373,35.9936],[-78.831,35.996],[-78.8327,36.0021],[-78.8374,36.0042],[-78.8393,36.007],[-78.852,36.0046],[-78.8643,36.0054],[-78.8627,35.989],[-78.8607,35.9859],[-78.8637,35.9806],[-78.8693,35.9762]]]}},{"type":"Feature","properties":{"geoid":"37063001806","clusterId":"raleigh-north"},"geometry":{"type":"Polygon","coordinates":[[[-78.8422,36.0063],[-78.8393,36.007],[-78.8374,36.0042],[-78.8329,36.0023],[-78.8305,35.9979],[-78.815,35.9946],[-78.8004,36.002],[-78.802,35.9964],[-78.8013,35.9904],[-78.7931,35.9766],[-78.7807,35.9764],[-78.7792,35.9799],[-78.7719,35.9845],[-78.7689,35.9908],[-78.7693,36.0005],[-78.7607,36.0152],[-78.7585,36.0249],[-78.765,36.0277],[-78.7662,36.0322],[-78.7643,36.0342],[-78.764,36.0413],[-78.754,36.0478],[-78.7543,36.0563],[-78.7513,36.0708],[-78.7664,36.0712],[-78.7731,36.0633],[-78.7643,36.0557],[-78.7634,36.0534],[-78.7717,36.0555],[-78.7782,36.0479],[-78.7904,36.0421],[-78.799,36.0405],[-78.7998,36.039],[-78.8098,36.0357],[-78.8137,36.0317],[-78.8246,36.029],[-78.8275,36.0253],[-78.8411,36.0243],[-78.8405,36.0152],[-78.8422,36.0063]]]}},{"type":"Feature","properties":{"geoid":"37063001808","clusterId":"raleigh-north"},"geometry":{"type":"Polygon","coordinates":[[[-78.8464,35.9656],[-78.8374,35.949],[-78.8247,35.9422],[-78.8256,35.941],[-78.8224,35.9409],[-78.8134,35.9351],[-78.8016,35.9377],[-78.7997,35.9403],[-78.797,35.9406],[-78.7976,35.9419],[-78.7951,35.9411],[-78.793,35.9463],[-78.7942,35.9496],[-78.7927,35.9573],[-78.7904,35.96],[-78.7825,35.9633],[-78.786,35.9757],[-78.821,35.9814],[-78.8221,35.9779],[-78.8268,35.9756],[-78.8307,35.9699],[-78.8464,35.9656]]]}},{"type":"Feature","properties":{"geoid":"37063001809","clusterId":"raleigh-west"},"geometry":{"type":"Polygon","coordinates":[[[-78.8677,35.9466],[-78.8647,35.9405],[-78.8593,35.9395],[-78.8587,35.9368],[-78.8561,35.9368],[-78.8558,35.9395],[-78.852,35.9384],[-78.8521,35.9347],[-78.8504,35.9346],[-78.8524,35.9247],[-78.8467,35.9241],[-78.8436,35.9306],[-78.8223,35.9258],[-78.8106,35.9259],[-78.8068,35.9229],[-78.8048,35.9276],[-78.802,35.927],[-78.8189,35.939],[-78.8256,35.941],[-78.8247,35.9422],[-78.8374,35.949],[-78.8468,35.9656],[-78.8568,35.9638],[-78.8596,35.9668],[-78.8677,35.9466]]]}},{"type":"Feature","properties":{"geoid":"37063001810","clusterId":"raleigh-north"},"geometry":{"type":"Polygon","coordinates":[[[-78.8515,35.9659],[-78.8454,35.9657],[-78.8311,35.9697],[-78.8268,35.9756],[-78.8221,35.9779],[-78.821,35.9814],[-78.8437,35.9868],[-78.8413,35.9785],[-78.8436,35.9741],[-78.8478,35.9734],[-78.8515,35.9659]]]}},{"type":"Feature","properties":{"geoid":"37063001811","clusterId":"raleigh-north"},"geometry":{"type":"Polygon","coordinates":[[[-78.8398,35.9868],[-78.8133,35.9796],[-78.7927,35.9771],[-78.8013,35.9904],[-78.802,35.9964],[-78.8004,36.002],[-78.815,35.9946],[-78.8305,35.9979],[-78.831,35.996],[-78.8373,35.9936],[-78.8398,35.9868]]]}},{"type":"Feature","properties":{"geoid":"37063001900","clusterId":"raleigh-north"},"geometry":{"type":"Polygon","coordinates":[[[-78.8133,35.9352],[-78.802,35.927],[-78.7591,35.9184],[-78.7499,35.9329],[-78.7417,35.9339],[-78.717,35.9613],[-78.6993,36.0114],[-78.7074,36.0111],[-78.72,36.0296],[-78.7402,36.0236],[-78.7536,36.0314],[-78.754,36.0478],[-78.7635,36.0418],[-78.7643,36.0342],[-78.7662,36.0322],[-78.7655,36.0285],[-78.7584,36.0243],[-78.7607,36.0152],[-78.7693,36.0004],[-78.769,35.9906],[-78.7722,35.9841],[-78.7792,35.9799],[-78.7807,35.9764],[-78.786,35.9757],[-78.7826,35.9628],[-78.7902,35.9601],[-78.7927,35.9573],[-78.7942,35.9496],[-78.793,35.9463],[-78.7951,35.9411],[-78.7976,35.9419],[-78.797,35.9406],[-78.7997,35.9403],[-78.8016,35.9377],[-78.8133,35.9352]]]}},{"type":"Feature","properties":{"geoid":"37063002007","clusterId":"raleigh-west"},"geometry":{"type":"Polygon","coordinates":[[[-78.9613,35.9189],[-78.9547,35.9186],[-78.9524,35.9226],[-78.9479,35.9235],[-78.9393,35.9398],[-78.9295,35.9468],[-78.9266,35.9515],[-78.9236,35.9525],[-78.9256,35.964],[-78.9229,35.9641],[-78.9222,35.967],[-78.9289,35.971],[-78.9323,35.9702],[-78.9325,35.9668],[-78.9351,35.9669],[-78.9367,35.9647],[-78.9401,35.9649],[-78.9403,35.9609],[-78.9476,35.9611],[-78.9477,35.9582],[-78.9497,35.9573],[-78.9491,35.9518],[-78.9381,35.9513],[-78.943,35.9454],[-78.9453,35.9371],[-78.9507,35.9333],[-78.9568,35.9228],[-78.9613,35.9189]]]}},{"type":"Feature","properties":{"geoid":"37063002008","clusterId":"raleigh-west"},"geometry":{"type":"Polygon","coordinates":[[[-78.9689,35.9484],[-78.9607,35.9327],[-78.9609,35.9217],[-78.9597,35.9202],[-78.9539,35.9269],[-78.9507,35.9333],[-78.9453,35.9371],[-78.943,35.9454],[-78.9381,35.9513],[-78.9486,35.9513],[-78.9497,35.9573],[-78.9523,35.9571],[-78.96,35.9518],[-78.967,35.9504],[-78.9689,35.9484]]]}},{"type":"Feature","properties":{"geoid":"37063002009","clusterId":"raleigh-west"},"geometry":{"type":"Polygon","coordinates":[[[-78.9287,35.9481],[-78.9219,35.9457],[-78.9141,35.9511],[-78.9053,35.9526],[-78.9033,35.9496],[-78.8932,35.9557],[-78.8773,35.9579],[-78.872,35.9632],[-78.8704,35.9723],[-78.8732,35.9744],[-78.885,35.9742],[-78.8852,35.9682],[-78.8929,35.9703],[-78.8984,35.9638],[-78.9086,35.9623],[-78.9105,35.96],[-78.9146,35.9608],[-78.9222,35.967],[-78.9229,35.9641],[-78.9256,35.964],[-78.9235,35.9528],[-78.9271,35.9511],[-78.9287,35.9481]]]}},{"type":"Feature","properties":{"geoid":"37063002013","clusterId":"raleigh-west"},"geometry":{"type":"Polygon","coordinates":[[[-78.9238,35.8979],[-78.9165,35.8908],[-78.9148,35.8759],[-78.9129,35.872],[-78.9061,35.8758],[-78.9,35.8761],[-78.8979,35.878],[-78.8959,35.8817],[-78.9001,35.8824],[-78.8987,35.885],[-78.9018,35.8893],[-78.8995,35.8915],[-78.9015,35.894],[-78.9009,35.9027],[-78.9085,35.9029],[-78.9172,35.9055],[-78.9237,35.9031],[-78.9238,35.8979]]]}},{"type":"Feature","properties":{"geoid":"37063002015","clusterId":"raleigh-west"},"geometry":{"type":"Polygon","coordinates":[[[-78.9634,35.9682],[-78.9614,35.9686],[-78.9594,35.9637],[-78.9551,35.966],[-78.9564,35.9623],[-78.9548,35.9596],[-78.955,35.9559],[-78.9482,35.9576],[-78.9476,35.9611],[-78.9403,35.9609],[-78.9401,35.9649],[-78.9367,35.9647],[-78.9351,35.9669],[-78.9325,35.9668],[-78.9324,35.9702],[-78.9289,35.971],[-78.9425,35.9776],[-78.9427,35.9756],[-78.9605,35.974],[-78.9634,35.9682]]]}},{"type":"Feature","properties":{"geoid":"37063002019","clusterId":"raleigh-west"},"geometry":{"type":"Polygon","coordinates":[[[-79.0163,35.8632],[-78.9782,35.8649],[-78.9785,35.8668],[-78.9734,35.868],[-78.9718,35.8698],[-78.9623,35.8712],[-78.9604,35.8753],[-78.9633,35.8752],[-78.9647,35.8775],[-78.9653,35.8863],[-78.9668,35.8847],[-78.9712,35.8889],[-78.9691,35.8911],[-78.9704,35.8938],[-78.9681,35.8944],[-78.9711,35.8951],[-78.9693,35.8975],[-78.9707,35.9002],[-78.9693,35.9037],[-78.96,35.904],[-78.9614,35.9189],[-78.9798,35.9145],[-79.0019,35.9029],[-79.0095,35.9024],[-79.0163,35.8632]]]}},{"type":"Feature","properties":{"geoid":"37063002020","clusterId":"raleigh-west"},"geometry":{"type":"Polygon","coordinates":[[[-78.9785,35.8668],[-78.9782,35.8649],[-78.9148,35.8677],[-78.9131,35.8729],[-78.9148,35.8759],[-78.9165,35.8908],[-78.9234,35.8962],[-78.9238,35.9007],[-78.9265,35.9025],[-78.9421,35.8955],[-78.9581,35.8935],[-78.96,35.904],[-78.9691,35.9038],[-78.9707,35.9002],[-78.9693,35.8974],[-78.9711,35.8951],[-78.9681,35.8944],[-78.9704,35.8938],[-78.9691,35.8911],[-78.9712,35.8888],[-78.9668,35.8847],[-78.9653,35.8863],[-78.9647,35.8775],[-78.9633,35.8752],[-78.9604,35.8754],[-78.9606,35.8741],[-78.9635,35.8705],[-78.9689,35.8706],[-78.9785,35.8668]]]}},{"type":"Feature","properties":{"geoid":"37063002021","clusterId":"raleigh-west"},"geometry":{"type":"Polygon","coordinates":[[[-78.9615,35.9186],[-78.9582,35.8935],[-78.9421,35.8955],[-78.9277,35.9025],[-78.9238,35.9007],[-78.9237,35.9031],[-78.9178,35.9051],[-78.9163,35.9071],[-78.9164,35.9087],[-78.9298,35.9093],[-78.9468,35.9124],[-78.9556,35.9191],[-78.9615,35.9186]]]}},{"type":"Feature","properties":{"geoid":"37063002022","clusterId":"raleigh-west"},"geometry":{"type":"Polygon","coordinates":[[[-78.9346,35.9107],[-78.9164,35.9087],[-78.9174,35.9155],[-78.9109,35.9262],[-78.9231,35.9266],[-78.9271,35.9231],[-78.9346,35.9107]]]}},{"type":"Feature","properties":{"geoid":"37063002023","clusterId":"raleigh-west"},"geometry":{"type":"Polygon","coordinates":[[[-78.9547,35.9186],[-78.9479,35.9127],[-78.9346,35.9107],[-78.9269,35.9234],[-78.9297,35.9238],[-78.9338,35.9213],[-78.943,35.9239],[-78.948,35.9218],[-78.9525,35.9226],[-78.9547,35.9186]]]}},{"type":"Feature","properties":{"geoid":"37063002024","clusterId":"raleigh-west"},"geometry":{"type":"Polygon","coordinates":[[[-78.9524,35.9226],[-78.948,35.9218],[-78.943,35.9239],[-78.9338,35.9213],[-78.9297,35.9238],[-78.9269,35.9234],[-78.9199,35.929],[-78.9224,35.9305],[-78.9224,35.9359],[-78.9254,35.9383],[-78.9251,35.9416],[-78.9219,35.9457],[-78.928,35.9482],[-78.9347,35.9439],[-78.942,35.9362],[-78.9424,35.9324],[-78.9477,35.9237],[-78.9524,35.9226]]]}},{"type":"Feature","properties":{"geoid":"37063002025","clusterId":"raleigh-west"},"geometry":{"type":"Polygon","coordinates":[[[-78.9253,35.9385],[-78.9224,35.9359],[-78.9223,35.9304],[-78.9199,35.929],[-78.9231,35.9266],[-78.9109,35.9262],[-78.9087,35.9215],[-78.9026,35.916],[-78.891,35.9153],[-78.8871,35.9321],[-78.8882,35.9336],[-78.8885,35.9312],[-78.8917,35.9319],[-78.9014,35.9385],[-78.919,35.9425],[-78.9217,35.946],[-78.9251,35.9416],[-78.9253,35.9385]]]}},{"type":"Feature","properties":{"geoid":"37063002026","clusterId":"raleigh-west"},"geometry":{"type":"Polygon","coordinates":[[[-78.9216,35.9461],[-78.919,35.9425],[-78.9014,35.9385],[-78.8926,35.9324],[-78.8885,35.9312],[-78.8882,35.9336],[-78.8871,35.9321],[-78.8801,35.9548],[-78.8773,35.9579],[-78.8932,35.9557],[-78.9033,35.9496],[-78.9053,35.9526],[-78.9141,35.9511],[-78.9216,35.9461]]]}},{"type":"Feature","properties":{"geoid":"37063002029","clusterId":"raleigh-west"},"geometry":{"type":"Polygon","coordinates":[[[-79.0012,35.9499],[-78.9635,35.9681],[-78.9605,35.974],[-78.9654,35.9756],[-78.9875,35.9753],[-78.9926,35.9761],[-78.9961,35.979],[-79.0012,35.9499]]]}},{"type":"Feature","properties":{"geoid":"37063002030","clusterId":"raleigh-west"},"geometry":{"type":"Polygon","coordinates":[[[-78.9961,35.9792],[-78.9926,35.9761],[-78.9875,35.9753],[-78.9652,35.9756],[-78.9582,35.9735],[-78.9427,35.9756],[-78.9425,35.9776],[-78.9581,35.9838],[-78.9583,35.9987],[-78.9627,36.0015],[-78.9674,36.0084],[-78.9813,36.0158],[-78.9885,36.0228],[-78.9961,35.9792]]]}},{"type":"Feature","properties":{"geoid":"37063002031","clusterId":"raleigh-west"},"geometry":{"type":"Polygon","coordinates":[[[-78.9695,35.9649],[-78.9659,35.9639],[-78.9643,35.9596],[-78.966,35.9578],[-78.967,35.9504],[-78.96,35.9518],[-78.955,35.9559],[-78.9548,35.9596],[-78.9564,35.9623],[-78.9551,35.966],[-78.9594,35.9637],[-78.9614,35.9686],[-78.9695,35.9649]]]}},{"type":"Feature","properties":{"geoid":"37063002032","clusterId":"raleigh-west"},"geometry":{"type":"Polygon","coordinates":[[[-78.9815,35.9592],[-78.9772,35.9546],[-78.9742,35.9552],[-78.9738,35.957],[-78.9689,35.9484],[-78.9665,35.9512],[-78.966,35.9578],[-78.9643,35.9596],[-78.9657,35.9637],[-78.9695,35.9655],[-78.9815,35.9592]]]}},{"type":"Feature","properties":{"geoid":"37063002033","clusterId":"raleigh-west"},"geometry":{"type":"Polygon","coordinates":[[[-79.0094,35.903],[-79.0065,35.9017],[-79.0009,35.9033],[-78.982,35.9133],[-78.9926,35.942],[-78.9988,35.9509],[-79.0012,35.9498],[-79.0094,35.903]]]}},{"type":"Feature","properties":{"geoid":"37063002034","clusterId":"raleigh-west"},"geometry":{"type":"Polygon","coordinates":[[[-78.9988,35.9509],[-78.9926,35.942],[-78.982,35.9133],[-78.9597,35.9202],[-78.9609,35.9217],[-78.9608,35.933],[-78.9738,35.957],[-78.9742,35.9552],[-78.9772,35.9546],[-78.9815,35.9592],[-78.9988,35.9509]]]}},{"type":"Feature","properties":{"geoid":"37063002035","clusterId":"raleigh-west"},"geometry":{"type":"Polygon","coordinates":[[[-78.9175,35.915],[-78.9164,35.9087],[-78.8901,35.9063],[-78.881,35.9034],[-78.8806,35.9138],[-78.8868,35.914],[-78.8851,35.9181],[-78.8816,35.9181],[-78.8816,35.9242],[-78.8772,35.9228],[-78.8769,35.9256],[-78.8786,35.9256],[-78.8784,35.9287],[-78.8794,35.9287],[-78.8792,35.9405],[-78.8779,35.9395],[-78.8749,35.9428],[-78.8724,35.9417],[-78.8724,35.9437],[-78.8672,35.9434],[-78.8677,35.9466],[-78.8594,35.9669],[-78.861,35.9687],[-78.8668,35.9725],[-78.8685,35.9697],[-78.8704,35.9723],[-78.8722,35.9629],[-78.8802,35.9543],[-78.891,35.9153],[-78.9026,35.916],[-78.9087,35.9215],[-78.9109,35.9256],[-78.9175,35.915]]]}},{"type":"Feature","properties":{"geoid":"37063002036","clusterId":"raleigh-west"},"geometry":{"type":"Polygon","coordinates":[[[-78.9169,35.906],[-78.9085,35.9029],[-78.9009,35.9027],[-78.9015,35.894],[-78.8995,35.8915],[-78.9018,35.8893],[-78.8987,35.885],[-78.9001,35.8824],[-78.8959,35.8817],[-78.8999,35.8761],[-78.9061,35.8758],[-78.9132,35.8724],[-78.9148,35.8677],[-78.8905,35.8679],[-78.8855,35.8861],[-78.8823,35.886],[-78.8821,35.893],[-78.8883,35.893],[-78.8889,35.8946],[-78.8882,35.9002],[-78.8846,35.9008],[-78.8846,35.9038],[-78.8882,35.9042],[-78.8881,35.9058],[-78.8901,35.9063],[-78.9164,35.9087],[-78.9169,35.906]]]}},{"type":"Feature","properties":{"geoid":"37063002037","clusterId":"raleigh-west"},"geometry":{"type":"Polygon","coordinates":[[[-78.868,35.8822],[-78.8644,35.8708],[-78.8648,35.8675],[-78.83,35.867],[-78.819,35.8954],[-78.823,35.8925],[-78.8422,35.8981],[-78.8494,35.8976],[-78.8511,35.9015],[-78.8526,35.9017],[-78.8496,35.8936],[-78.8522,35.8815],[-78.8638,35.8837],[-78.868,35.8822]]]}},{"type":"Feature","properties":{"geoid":"37063002038","clusterId":"raleigh-west"},"geometry":{"type":"Polygon","coordinates":[[[-78.8528,35.9036],[-78.8494,35.8976],[-78.8422,35.8981],[-78.823,35.8925],[-78.819,35.8954],[-78.8194,35.8926],[-78.8068,35.9229],[-78.8106,35.9259],[-78.8223,35.9258],[-78.8436,35.9306],[-78.8467,35.9241],[-78.8524,35.9247],[-78.8528,35.9036]]]}},{"type":"Feature","properties":{"geoid":"37063002100","clusterId":"raleigh-north"},"geometry":{"type":"Polygon","coordinates":[[[-78.9674,36.1433],[-78.9633,36.144],[-78.9559,36.1512],[-78.9492,36.1491],[-78.942,36.1512],[-78.9407,36.147],[-78.9429,36.1423],[-78.9394,36.1409],[-78.9373,36.1378],[-78.9339,36.1376],[-78.9336,36.1403],[-78.9303,36.14],[-78.9239,36.1427],[-78.9179,36.1415],[-78.9152,36.1384],[-78.9055,36.139],[-78.898,36.1339],[-78.8947,36.1357],[-78.8812,36.1358],[-78.8824,36.1316],[-78.8731,36.1292],[-78.8754,36.1262],[-78.8757,36.1202],[-78.8782,36.1148],[-78.8687,36.1123],[-78.863,36.1149],[-78.8518,36.108],[-78.8542,36.1073],[-78.8559,36.1044],[-78.8564,36.1008],[-78.8545,36.097],[-78.8583,36.0919],[-78.8616,36.0911],[-78.8604,36.0896],[-78.8626,36.0869],[-78.861,36.0845],[-78.8564,36.085],[-78.858,36.0833],[-78.8553,36.0831],[-78.8542,36.0811],[-78.8549,36.0758],[-78.8512,36.0753],[-78.8496,36.073],[-78.8477,36.074],[-78.8463,36.0714],[-78.8438,36.0717],[-78.8418,36.0755],[-78.8356,36.0764],[-78.8376,36.0791],[-78.8408,36.0789],[-78.842,36.0816],[-78.8358,36.0848],[-78.8289,36.0856],[-78.8275,36.088],[-78.8226,36.0882],[-78.8221,36.0913],[-78.8249,36.0917],[-78.8216,36.0949],[-78.8103,36.0949],[-78.8049,36.092],[-78.8023,36.2358],[-78.9506,36.2393],[-78.9674,36.1433]]]}},{"type":"Feature","properties":{"geoid":"37063002200","clusterId":"raleigh-west"},"geometry":{"type":"Polygon","coordinates":[[[-78.9133,36.0019],[-78.8972,35.9904],[-78.8937,35.9945],[-78.8968,35.9956],[-78.8931,36.0034],[-78.9031,36.0038],[-78.902,36.0055],[-78.9031,36.0055],[-78.9125,36.0035],[-78.9133,36.0019]]]}},{"type":"Feature","properties":{"geoid":"37063002300","clusterId":"raleigh-west"},"geometry":{"type":"Polygon","coordinates":[[[-78.9091,35.9845],[-78.9074,35.9838],[-78.9078,35.9822],[-78.9056,35.9817],[-78.8939,35.9829],[-78.8925,35.9854],[-78.9025,35.9949],[-78.9091,35.9845]]]}}]}